单价(元),数量(个),消费城市级别,支付方式,优惠方式,优惠金额(元),实际支付(元),库存剩余(件),商品评分,是否复购,客户年龄段,商品类别,包装规格(g),是否节假日,是否用餐高峰
39.28,10,三线,银行卡,满减,3,389.8,1402,30,1,18-24,肉食,600.0,否,否
34.04,6,三线,余额,秒杀,16,188.24,9918,31,1,35-44,肉食,300.0,否,否
22.18,2,一线,银行卡,平台券,4,40.36,3706,40,1,45-54,肉食,400.0,否,否
27.61,6,一线,支付宝,会员折扣,1,164.66,4646,14,0,25-34,肉食,1000.0,否,否
29.81,8,新一线,支付宝,店铺券,1,237.48,4646,14,1,18-24,肉食,1000.0,否,否
17.39,9,二线,银行卡,店铺券,10,146.51,3214,30,1,25-34,肉食,600.0,否,否
41.01,1,三线,微信,会员折扣,19,22.01,72,32,0,18-24,肉食,200.0,否,是
47.58,3,一线,支付宝,秒杀,26,116.74,3673,43,1,25-34,肉食,200.0,否,是
45.79,6,一线,支付宝,满减,11,263.74,3673,43,1,18-24,肉食,200.0,否,是
33.92,7,三线,银行卡,满减,7,230.44,2982,30,1,45-54,肉食,400.0,是,否
24.27,5,新一线,银行卡,会员折扣,10,111.35,60,32,0,18-24,肉食,800.0,否,否
15.64,5,新一线,余额,满减,2,76.2,2333,36,0,45-54,肉食,800.0,否,否
10.22,7,新一线,银行卡,满减,12,59.54,60,32,1,35-44,肉食,800.0,否,否
42.62,6,三线,微信,会员折扣,8,247.72,9241,47,1,45-54,肉食,600.0,否,否
39.16,7,新一线,银行卡,满减,6,268.12,6507,31,1,25-34,蔬菜,500.0,否,否
12.96,1,三线,云闪付,会员折扣,11,1.96,14,42,0,18-24,肉食,200.0,否,是
22.44,8,一线,云闪付,满减,1,178.52,42,35,0,18-24,豆制品,500.0,是,是
23.01,6,二线,云闪付,秒杀,28,110.06,14,42,1,55+,肉食,200.0,否,是
35.5,7,新一线,银行卡,满减,27,221.5,60,32,0,45-54,肉食,800.0,否,否
40.43,2,一线,支付宝,无,0,80.86,2633,20,1,25-34,蔬菜,200.0,否,否
32.45,0,新一线,银行卡,秒杀,0,0.0,20,46,1,35-44,肉食,400.0,否,否
29.75,2,三线,银行卡,无,0,59.5,20,46,1,18-24,肉食,400.0,否,否
14.32,4,新一线,余额,会员折扣,0,57.28,6916,43,1,18-24,肉食,1000.0,否,否
19.97,8,三线,银行卡,满减,8,151.76,60,32,0,25-34,肉食,800.0,否,否
26.42,7,三线,微信,满减,3,181.94,6237,40,1,18-24,肉食,800.0,否,是
13.08,6,新一线,支付宝,会员折扣,3,75.48,27,30,1,25-34,肉食,1000.0,是,否
16.45,7,三线,微信,会员折扣,1,114.15,87,40,1,55+,肉食,800.0,是,否
17.46,2,新一线,余额,满减,17,17.92,77,45,1,25-34,蔬菜,400.0,是,否
30.43,9,一线,支付宝,满减,29,244.87,27,30,0,45-54,肉食,1000.0,是,否
14.79,6,一线,余额,秒杀,15,73.74,77,45,1,18-24,蔬菜,400.0,是,否
22.93,3,新一线,支付宝,会员折扣,0,68.79,9724,41,1,45-54,肉食,400.0,是,是
30.75,4,新一线,余额,秒杀,1,122.0,1379,38,0,18-24,肉食,1000.0,否,是
38.12,6,新一线,微信,满减,10,218.72,7981,31,0,25-34,蔬菜,1000.0,否,否
24.55,6,新一线,支付宝,无,0,147.3,8241,13,0,55+,肉食,300.0,是,否
21.39,5,二线,支付宝,店铺券,27,79.95,9,17,0,25-34,肉食,300.0,否,是
12.06,4,一线,微信,会员折扣,12,36.24,33,13,0,45-54,蔬菜,500.0,否,否
21.15,5,一线,云闪付,会员折扣,3,102.75,3262,35,0,18-24,主食面汤,200.0,否,否
19.58,10,新一线,支付宝,满减,9,186.8,9,17,0,18-24,肉食,300.0,否,是
15.8,9,新一线,余额,会员折扣,3,139.2,4024,35,0,45-54,肉食,1000.0,否,是
49.43,8,二线,余额,秒杀,24,371.44,7556,50,1,35-44,肉食,1000.0,否,否
36.89,0,一线,支付宝,满减,0,0.0,9,17,0,35-44,肉食,300.0,否,是
40.46,0,一线,支付宝,满减,0,0.0,9724,41,1,18-24,肉食,400.0,是,是
39.13,10,新一线,云闪付,满减,13,378.3,3262,35,0,18-24,主食面汤,200.0,否,否
24.71,8,一线,余额,无,0,197.68,7556,50,1,18-24,肉食,1000.0,否,否
35.34,8,新一线,支付宝,无,0,282.72,9,17,0,25-34,肉食,300.0,否,是
31.43,2,一线,支付宝,会员折扣,7,55.86,8241,13,0,25-34,肉食,300.0,是,否
22.83,7,新一线,云闪付,秒杀,4,155.81,3262,35,0,25-34,主食面汤,200.0,否,否
11.63,8,新一线,微信,无,0,93.04,87,40,1,35-44,肉食,800.0,是,否
33.64,4,新一线,支付宝,无,0,134.56,9724,41,1,25-34,肉食,400.0,是,是
23.64,0,一线,余额,店铺券,0,0.0,77,45,1,55+,蔬菜,400.0,是,否
20.32,1,新一线,余额,秒杀,8,12.32,7556,50,1,45-54,肉食,1000.0,否,否
32.21,4,一线,云闪付,无,0,128.84,3262,35,0,25-34,主食面汤,200.0,否,否
31.19,0,新一线,余额,会员折扣,0,0.0,77,45,1,25-34,蔬菜,400.0,是,否
45.89,10,二线,微信,会员折扣,6,452.9,7981,31,0,45-54,蔬菜,1000.0,否,否
46.02,0,二线,余额,满减,0,0.0,7556,50,1,18-24,肉食,1000.0,否,否
45.88,4,三线,余额,店铺券,14,169.52,1379,38,0,18-24,肉食,1000.0,否,是
45.48,0,新一线,支付宝,平台券,0,0.0,9,17,0,25-34,肉食,300.0,否,是
37.68,0,二线,支付宝,平台券,0,0.0,55,24,1,45-54,肉食,200.0,否,否
18.97,7,一线,支付宝,秒杀,11,121.79,55,24,1,35-44,肉食,200.0,否,否
13.75,10,新一线,支付宝,无,0,137.5,7079,33,1,35-44,肉食,200.0,否,是
20.61,2,一线,余额,满减,0,41.22,5200,45,1,18-24,主食面汤,400.0,否,是
48.92,10,一线,支付宝,会员折扣,7,482.2,6088,44,1,45-54,蔬菜,400.0,否,否
45.68,2,新一线,支付宝,无,0,91.36,6088,44,0,18-24,蔬菜,400.0,否,否
35.25,9,一线,支付宝,秒杀,2,315.25,6088,44,1,35-44,蔬菜,400.0,否,否
41.79,2,新一线,支付宝,秒杀,21,62.58,55,24,1,25-34,肉食,200.0,否,否
35.82,6,一线,云闪付,满减,54,160.92,84,41,1,25-34,主食面汤,300.0,否,是
27.13,6,新一线,余额,无,0,162.78,33,31,1,25-34,蔬菜,500.0,否,是
48.67,9,新一线,银行卡,店铺券,23,415.03,4971,48,0,55+,蔬菜,500.0,否,否
34.6,8,新一线,云闪付,平台券,42,234.8,84,41,1,18-24,主食面汤,300.0,否,是
42.37,7,新一线,余额,满减,10,286.59,8327,42,1,45-54,蔬菜,1000.0,是,否
46.53,0,三线,余额,满减,0,0.0,7214,32,0,45-54,肉食,600.0,是,是
30.45,7,新一线,余额,会员折扣,6,207.15,7214,32,0,25-34,肉食,600.0,是,是
28.62,5,一线,支付宝,秒杀,5,138.1,3145,44,1,18-24,蔬菜,500.0,否,否
31.71,2,新一线,银行卡,满减,2,61.42,1541,25,1,25-34,蔬菜,200.0,否,是
21.46,8,三线,银行卡,满减,8,163.68,1541,25,1,45-54,蔬菜,200.0,否,是
30.89,7,新一线,余额,满减,6,210.23,7214,32,1,18-24,肉食,600.0,是,是
20.83,5,一线,余额,会员折扣,4,100.15,8327,42,1,45-54,蔬菜,1000.0,是,否
19.91,0,三线,支付宝,无,0,0.0,4646,14,1,18-24,肉食,1000.0,否,否
10.58,0,新一线,云闪付,无,0,0.0,3262,35,0,18-24,主食面汤,200.0,否,否
11.84,4,一线,云闪付,平台券,4,43.36,84,41,1,18-24,主食面汤,300.0,否,是
44.22,0,一线,银行卡,满减,0,0.0,6507,31,1,25-34,蔬菜,500.0,否,否
38.15,2,一线,银行卡,平台券,10,66.3,1541,25,1,35-44,蔬菜,200.0,否,是
35.4,1,新一线,云闪付,无,0,35.4,14,42,1,18-24,肉食,200.0,否,是
16.52,9,一线,支付宝,秒杀,27,121.68,9,17,0,18-24,肉食,300.0,否,是
11.06,0,二线,支付宝,满减,0,0.0,6088,44,1,45-54,蔬菜,400.0,否,否
33.02,5,三线,余额,满减,33,132.1,77,45,1,25-34,蔬菜,400.0,是,否
17.83,9,一线,支付宝,满减,2,158.47,4646,14,0,25-34,肉食,1000.0,否,否
12.85,7,新一线,微信,秒杀,18,71.95,87,40,1,45-54,肉食,800.0,是,否
10.93,1,二线,余额,会员折扣,1,9.93,6916,43,1,18-24,肉食,1000.0,否,否
42.58,1,一线,支付宝,平台券,35,7.58,55,24,1,25-34,肉食,200.0,否,否
37.87,2,三线,银行卡,会员折扣,5,70.74,3706,40,1,18-24,肉食,400.0,否,否
45.1,9,新一线,支付宝,平台券,23,382.9,3673,43,1,18-24,肉食,200.0,否,是
42.14,9,新一线,余额,秒杀,3,376.26,1379,38,0,45-54,肉食,1000.0,否,是
21.28,9,一线,余额,满减,2,189.52,8327,42,1,45-54,蔬菜,1000.0,是,否
17.1,5,新一线,余额,满减,3,82.5,7214,32,0,45-54,肉食,600.0,是,是
41.06,10,新一线,银行卡,店铺券,45,365.6,20,46,1,25-34,肉食,400.0,否,否
44.34,7,新一线,支付宝,会员折扣,4,306.38,9724,41,1,18-24,肉食,400.0,是,是
43.06,2,新一线,支付宝,无,0,86.12,7079,33,1,45-54,肉食,200.0,否,是
22.8,6,新一线,云闪付,平台券,9,127.8,3262,35,0,25-34,主食面汤,200.0,否,否
27.94,9,三线,支付宝,秒杀,5,246.46,9724,41,1,25-34,肉食,400.0,是,是
13.65,0,三线,支付宝,满减,0,0.0,55,24,1,45-54,肉食,200.0,否,否
29.78,9,一线,云闪付,无,0,268.02,42,35,0,18-24,豆制品,500.0,是,是
14.04,4,三线,微信,满减,9,47.16,87,40,1,45-54,肉食,800.0,是,否
13.39,5,新一线,支付宝,会员折扣,19,47.95,9,17,0,25-34,肉食,300.0,否,是
24.97,4,一线,余额,无,0,99.88,5200,45,1,25-34,主食面汤,400.0,否,是
24.83,0,新一线,余额,会员折扣,0,0.0,7214,32,0,18-24,肉食,600.0,是,是
29.71,9,三线,支付宝,满减,8,259.39,2633,20,1,18-24,蔬菜,200.0,否,否
14.75,1,三线,银行卡,会员折扣,5,9.75,4971,48,0,18-24,蔬菜,500.0,否,否
24.99,0,新一线,微信,店铺券,0,0.0,6237,40,1,45-54,肉食,800.0,否,是
32.15,2,二线,余额,店铺券,1,63.3,1379,38,0,18-24,肉食,1000.0,否,是
37.83,10,二线,余额,会员折扣,16,362.3,7556,50,1,18-24,肉食,1000.0,否,否
35.1,2,一线,支付宝,满减,2,68.2,6088,44,0,25-34,蔬菜,400.0,否,否
33.37,0,三线,支付宝,会员折扣,0,0.0,55,24,1,25-34,肉食,200.0,否,否
11.82,7,新一线,微信,无,0,82.74,7981,31,0,18-24,蔬菜,1000.0,否,否
48.02,10,新一线,微信,平台券,30,450.2,72,32,0,18-24,肉食,200.0,否,是
45.61,1,新一线,支付宝,会员折扣,9,36.61,3673,43,1,18-24,肉食,200.0,否,是
17.52,6,新一线,银行卡,满减,4,101.12,60,32,0,25-34,肉食,800.0,否,否
33.35,7,新一线,余额,满减,11,222.45,8327,42,1,25-34,蔬菜,1000.0,是,否
49.45,9,三线,支付宝,会员折扣,0,445.05,9724,41,1,18-24,肉食,400.0,是,是
37.39,3,二线,余额,秒杀,6,106.17,2333,36,0,35-44,肉食,800.0,否,否
46.44,4,新一线,支付宝,会员折扣,42,143.76,9,17,0,18-24,肉食,300.0,否,是
42.9,1,新一线,云闪付,秒杀,9,33.9,3262,35,0,25-34,主食面汤,200.0,否,否
11.81,3,三线,云闪付,平台券,14,21.43,84,41,1,18-24,主食面汤,300.0,否,是
16.02,2,二线,云闪付,无,0,32.04,3262,35,0,18-24,主食面汤,200.0,否,否
33.77,0,二线,银行卡,无,0,0.0,1541,25,1,45-54,蔬菜,200.0,否,是
48.8,3,新一线,支付宝,满减,85,61.4,9,17,0,18-24,肉食,300.0,否,是
20.94,6,一线,云闪付,平台券,3,122.64,14,42,0,25-34,肉食,200.0,否,是
42.52,6,新一线,余额,无,0,255.12,7556,50,1,45-54,肉食,1000.0,否,否
49.87,8,三线,余额,平台券,29,369.96,7556,50,1,18-24,肉食,1000.0,否,否
32.22,2,三线,银行卡,无,0,64.44,20,46,1,18-24,肉食,400.0,否,否
40.76,8,新一线,余额,会员折扣,5,321.08,7214,32,1,25-34,肉食,600.0,是,是
43.99,0,新一线,微信,会员折扣,0,0.0,33,13,0,45-54,蔬菜,500.0,否,否
19.15,0,三线,余额,无,0,0.0,77,45,1,18-24,蔬菜,400.0,是,否
34.73,8,新一线,微信,平台券,13,264.84,7981,31,0,35-44,蔬菜,1000.0,否,否
36.86,6,新一线,支付宝,秒杀,19,202.16,8241,13,0,18-24,肉食,300.0,是,否
30.81,9,二线,支付宝,满减,27,250.29,20,48,1,35-44,肉食,300.0,是,是
44.09,4,三线,微信,满减,7,169.36,7663,39,1,18-24,肉食,500.0,否,是
32.44,2,一线,支付宝,无,0,64.88,20,48,1,35-44,肉食,300.0,是,是
11.15,4,新一线,支付宝,无,0,44.6,20,48,1,18-24,肉食,300.0,是,是
35.34,10,新一线,云闪付,无,0,353.4,8014,34,0,45-54,肉食,500.0,否,否
13.03,1,一线,云闪付,秒杀,0,13.03,7391,45,1,45-54,蔬菜,200.0,否,否
23.83,5,新一线,支付宝,秒杀,12,107.15,20,48,0,18-24,肉食,300.0,是,是
28.96,0,三线,银行卡,满减,0,0.0,3097,38,0,25-34,蔬菜,400.0,否,否
13.55,6,新一线,余额,无,0,81.3,4242,46,1,25-34,豆制品,400.0,否,是
14.83,10,新一线,余额,无,0,148.3,4018,32,0,25-34,肉食,200.0,否,是
24.57,2,新一线,银行卡,无,0,49.14,6367,47,1,25-34,肉食,800.0,否,是
37.62,2,新一线,支付宝,会员折扣,65,10.24,79,40,1,45-54,肉食,300.0,否,是
46.83,6,新一线,银行卡,无,0,280.98,3097,38,1,35-44,蔬菜,400.0,否,否
18.37,7,一线,余额,满减,3,125.59,4018,32,0,25-34,肉食,200.0,否,是
29.38,5,一线,余额,秒杀,16,130.9,4018,32,0,18-24,肉食,200.0,否,是
45.81,4,新一线,余额,秒杀,20,163.24,4242,46,1,25-34,豆制品,400.0,否,是
27.9,3,新一线,余额,满减,32,51.7,95,32,0,25-34,蔬菜,1000.0,否,否
33.47,4,新一线,云闪付,会员折扣,34,99.88,12,33,0,18-24,蔬菜,400.0,否,是
15.1,3,三线,微信,会员折扣,8,37.3,5738,34,0,45-54,蔬菜,200.0,否,否
35.84,9,新一线,云闪付,会员折扣,16,306.56,72,36,0,18-24,主食面汤,200.0,否,否
17.46,4,新一线,微信,店铺券,2,67.84,1022,46,1,35-44,肉食,400.0,是,否
45.87,5,二线,余额,店铺券,16,213.35,48,48,1,35-44,肉食,1000.0,否,是
13.21,1,新一线,余额,会员折扣,4,9.21,48,48,1,45-54,肉食,1000.0,否,是
30.98,2,二线,银行卡,秒杀,6,55.96,25,39,1,18-24,肉食,800.0,是,是
14.48,1,三线,微信,秒杀,3,11.48,8987,30,0,18-24,豆制品,300.0,否,否
42.68,10,新一线,余额,无,0,426.8,8759,34,0,18-24,肉食,500.0,否,是
36.75,7,新一线,微信,店铺券,27,230.25,72,48,1,18-24,肉食,1000.0,是,否
32.86,0,新一线,支付宝,无,0,0.0,9165,37,1,18-24,蔬菜,200.0,否,是
22.95,4,新一线,支付宝,会员折扣,7,84.8,9165,37,1,18-24,蔬菜,200.0,否,是
34.42,10,新一线,余额,店铺券,11,333.2,9445,42,1,45-54,肉食,800.0,否,是
21.55,0,三线,云闪付,平台券,0,0.0,68,38,0,45-54,豆制品,300.0,否,否
16.17,1,新一线,云闪付,秒杀,16,0.17,68,38,0,25-34,豆制品,300.0,否,否
31.3,2,新一线,银行卡,无,0,62.6,7985,39,0,18-24,肉食,500.0,否,是
12.53,5,三线,支付宝,无,0,62.65,23,31,1,18-24,豆制品,800.0,是,否
49.6,0,三线,支付宝,会员折扣,0,0.0,23,31,1,18-24,豆制品,800.0,是,否
37.26,2,三线,云闪付,秒杀,8,66.52,68,38,0,45-54,豆制品,300.0,否,否
28.86,4,新一线,余额,店铺券,5,110.44,8759,34,0,18-24,肉食,500.0,否,是
47.18,9,新一线,支付宝,会员折扣,3,421.62,23,31,1,45-54,豆制品,800.0,是,否
48.6,2,新一线,微信,无,0,97.2,72,48,0,18-24,肉食,1000.0,是,否
39.23,4,二线,余额,会员折扣,6,150.92,7085,44,1,18-24,蔬菜,200.0,否,是
47.53,8,新一线,银行卡,秒杀,6,374.24,9802,15,0,35-44,肉食,1000.0,否,是
16.57,9,一线,云闪付,平台券,8,141.13,48,39,1,25-34,肉食,500.0,否,是
42.66,1,三线,银行卡,会员折扣,42,0.66,64,45,1,45-54,肉食,800.0,否,否
25.08,5,三线,余额,满减,3,122.4,7085,44,1,18-24,蔬菜,200.0,否,是
30.11,0,新一线,余额,会员折扣,0,0.0,8759,34,0,35-44,肉食,500.0,否,是
45.98,4,三线,微信,店铺券,5,178.92,8987,30,0,25-34,豆制品,300.0,否,否
25.36,4,三线,余额,满减,9,92.44,9445,42,1,25-34,肉食,800.0,否,是
31.74,1,一线,支付宝,无,0,31.74,9165,37,1,35-44,蔬菜,200.0,否,是
47.59,5,一线,银行卡,会员折扣,6,231.95,7985,39,0,45-54,肉食,500.0,否,是
34.8,1,二线,银行卡,秒杀,1,33.8,9802,15,0,25-34,肉食,1000.0,否,是
31.34,10,三线,支付宝,会员折扣,38,275.4,23,31,1,45-54,豆制品,800.0,是,否
22.47,8,二线,微信,满减,9,170.76,72,48,1,45-54,肉食,1000.0,是,否
19.94,5,一线,余额,秒杀,3,96.7,8759,34,0,55+,肉食,500.0,否,是
39.76,0,二线,云闪付,无,0,0.0,68,38,0,18-24,豆制品,300.0,否,否
14.43,3,新一线,支付宝,秒杀,3,40.29,9165,37,1,18-24,蔬菜,200.0,否,是
41.89,9,新一线,云闪付,平台券,16,361.01,8,31,1,18-24,肉食,500.0,否,否
38.8,4,一线,支付宝,满减,6,149.2,5468,39,1,18-24,肉食,300.0,否,否
20.07,1,二线,支付宝,会员折扣,7,13.07,2546,32,1,45-54,肉食,800.0,否,是
46.34,10,新一线,云闪付,无,0,463.4,4925,47,1,45-54,肉食,800.0,是,否
28.48,6,新一线,银行卡,会员折扣,12,158.88,7089,38,1,55+,蔬菜,200.0,否,是
30.24,7,一线,支付宝,会员折扣,5,206.68,5468,39,1,45-54,肉食,300.0,否,否
37.87,2,新一线,余额,满减,46,29.74,14,35,1,25-34,肉食,500.0,否,否
16.1,1,新一线,余额,满减,3,13.1,1751,34,1,25-34,肉食,600.0,是,是
47.37,4,新一线,支付宝,平台券,3,186.48,6295,49,1,25-34,豆制品,500.0,否,是
44.8,8,新一线,支付宝,满减,6,352.4,3727,38,1,45-54,肉食,800.0,否,否
12.19,9,二线,银行卡,秒杀,1,108.71,1310,36,1,25-34,肉食,200.0,否,否
23.41,10,三线,银行卡,无,0,234.1,5662,10,0,18-24,蔬菜,1000.0,是,是
42.11,8,新一线,银行卡,满减,12,324.88,8583,37,1,25-34,豆制品,200.0,是,否
25.93,8,新一线,支付宝,会员折扣,1,206.44,6295,49,0,18-24,豆制品,500.0,否,是
23.85,10,二线,支付宝,满减,0,238.5,5323,24,0,45-54,蔬菜,600.0,否,是
23.88,0,新一线,支付宝,会员折扣,0,0.0,61,47,1,45-54,豆制品,400.0,否,是
28.09,3,三线,支付宝,满减,21,63.27,61,47,0,25-34,豆制品,400.0,否,是
36.54,9,三线,余额,秒杀,3,325.86,2897,43,1,25-34,肉食,500.0,是,否
48.44,7,三线,余额,无,0,339.08,2897,43,1,45-54,肉食,500.0,是,否
33.82,1,三线,支付宝,满减,1,32.82,4542,41,1,35-44,主食面汤,200.0,是,是
32.39,0,新一线,支付宝,无,0,0.0,6017,43,1,25-34,肉食,200.0,是,是
16.21,3,二线,云闪付,平台券,0,48.63,5548,44,1,35-44,肉食,1000.0,否,是
44.47,3,三线,云闪付,满减,5,128.41,3808,37,0,25-34,肉食,300.0,否,否
24.93,2,一线,支付宝,满减,0,49.86,3392,43,1,18-24,肉食,500.0,是,否
38.64,7,新一线,云闪付,秒杀,7,263.48,5548,44,1,25-34,肉食,1000.0,否,是
11.08,0,三线,银行卡,秒杀,0,0.0,4693,34,0,18-24,蔬菜,600.0,否,否
36.88,8,新一线,余额,店铺券,1,294.04,1943,14,0,45-54,主食面汤,200.0,是,是
10.79,4,新一线,支付宝,秒杀,1,42.16,6017,43,1,25-34,肉食,200.0,是,是
14.16,5,二线,支付宝,无,0,70.8,6017,43,0,18-24,肉食,200.0,是,是
36.11,1,三线,云闪付,满减,0,36.11,3808,37,0,18-24,肉食,300.0,否,否
13.98,7,三线,支付宝,无,0,97.86,6017,43,1,18-24,肉食,200.0,是,是
21.73,4,新一线,银行卡,会员折扣,1,85.92,4693,34,0,18-24,蔬菜,600.0,否,否
11.06,10,一线,云闪付,无,0,110.6,5548,44,1,18-24,肉食,1000.0,否,是
33.32,6,一线,支付宝,平台券,4,195.92,6017,43,0,18-24,肉食,200.0,是,是
21.78,3,二线,微信,店铺券,0,65.34,8987,30,0,18-24,豆制品,300.0,否,否
47.94,5,三线,支付宝,会员折扣,5,234.7,5468,39,1,45-54,肉食,300.0,否,否
27.01,1,三线,支付宝,无,0,27.01,23,31,1,45-54,豆制品,800.0,是,否
20.75,7,三线,银行卡,满减,3,142.25,9802,15,0,25-34,肉食,1000.0,否,是
31.67,9,三线,支付宝,无,0,285.03,20,48,0,45-54,肉食,300.0,是,是
35.34,2,新一线,云闪付,会员折扣,24,46.68,12,33,0,45-54,蔬菜,400.0,否,是
20.96,9,三线,支付宝,无,0,188.64,3727,38,1,25-34,肉食,800.0,否,否
32.17,5,一线,云闪付,平台券,21,139.85,72,36,0,18-24,主食面汤,200.0,否,否
36.06,4,二线,支付宝,秒杀,2,142.24,6017,43,1,45-54,肉食,200.0,是,是
11.88,1,三线,支付宝,无,0,11.88,61,47,1,18-24,豆制品,400.0,否,是
13.31,4,一线,微信,会员折扣,1,52.24,1022,46,1,18-24,肉食,400.0,是,否
24.23,7,一线,支付宝,满减,8,161.61,20,48,1,55+,肉食,300.0,是,是
47.47,1,三线,微信,会员折扣,9,38.47,8987,30,0,25-34,豆制品,300.0,否,否
33.8,1,新一线,支付宝,平台券,6,27.8,3392,43,1,25-34,肉食,500.0,是,否
33.87,0,新一线,银行卡,店铺券,0,0.0,7985,39,0,18-24,肉食,500.0,否,是
42.76,4,一线,银行卡,平台券,17,154.04,8583,37,1,18-24,豆制品,200.0,是,否
20.89,9,新一线,支付宝,满减,4,184.01,6295,49,1,18-24,豆制品,500.0,否,是
33.61,3,二线,银行卡,会员折扣,3,97.83,7985,39,0,45-54,肉食,500.0,否,是
24.44,8,三线,微信,无,0,195.52,72,48,1,55+,肉食,1000.0,是,否
48.01,7,新一线,支付宝,满减,2,334.07,6017,43,0,18-24,肉食,200.0,是,是
27.84,7,三线,微信,无,0,194.88,5738,34,0,55+,蔬菜,200.0,否,否
43.97,8,新一线,云闪付,满减,15,336.76,8261,33,0,25-34,肉食,1000.0,否,否
47.76,4,二线,云闪付,秒杀,18,173.04,5231,47,1,45-54,肉食,800.0,否,否
11.58,7,新一线,银行卡,无,0,81.06,30,10,0,45-54,蔬菜,300.0,否,否
47.01,2,二线,支付宝,会员折扣,87,7.02,37,38,1,25-34,肉食,800.0,否,是
11.36,5,新一线,支付宝,无,0,56.8,8057,48,1,35-44,肉食,400.0,否,是
37.9,2,一线,支付宝,会员折扣,5,70.8,1037,50,1,35-44,肉食,200.0,否,是
21.89,6,三线,支付宝,无,0,131.34,1982,31,0,55+,蔬菜,400.0,是,是
46.98,2,新一线,支付宝,会员折扣,26,67.96,4032,41,1,18-24,主食面汤,800.0,否,是
33.85,5,新一线,银行卡,无,0,169.25,2115,33,1,25-34,肉食,200.0,否,是
38.99,0,二线,支付宝,无,0,0.0,1982,31,0,25-34,蔬菜,400.0,是,是
34.63,0,新一线,支付宝,满减,0,0.0,37,38,1,25-34,肉食,800.0,否,是
44.99,3,新一线,支付宝,无,0,134.97,37,38,1,25-34,肉食,800.0,否,是
47.56,7,新一线,余额,平台券,56,276.92,22,32,1,25-34,豆制品,600.0,是,否
41.95,4,一线,微信,会员折扣,7,160.8,8090,43,1,18-24,蔬菜,500.0,否,否
49.92,3,新一线,银行卡,无,0,149.76,1437,50,1,35-44,肉食,200.0,否,是
24.03,1,二线,云闪付,会员折扣,5,19.03,6757,36,1,25-34,蔬菜,600.0,否,是
29.2,2,三线,支付宝,无,0,58.4,5606,30,0,45-54,蔬菜,200.0,否,否
44.95,3,新一线,微信,无,0,134.85,9869,30,1,25-34,肉食,1000.0,否,是
49.36,9,二线,支付宝,店铺券,3,441.24,3060,43,1,25-34,肉食,500.0,否,否
40.73,10,新一线,微信,平台券,14,393.3,9000,31,1,55+,肉食,1000.0,否,是
24.18,7,新一线,支付宝,满减,2,167.26,8057,48,1,45-54,肉食,400.0,否,是
21.49,5,三线,云闪付,满减,21,86.45,79,13,0,18-24,蔬菜,1000.0,否,是
11.68,6,一线,支付宝,秒杀,4,66.08,6,35,0,25-34,主食面汤,500.0,是,否
25.37,7,二线,支付宝,秒杀,4,173.59,2249,43,1,45-54,肉食,1000.0,否,否
41.45,7,一线,微信,无,0,290.15,9000,31,1,18-24,肉食,1000.0,否,是
26.7,3,三线,支付宝,店铺券,6,74.1,4032,41,1,18-24,主食面汤,800.0,否,是
19.27,0,新一线,微信,无,0,0.0,9869,30,1,18-24,肉食,1000.0,否,是
47.71,9,新一线,云闪付,秒杀,27,402.39,5962,34,0,45-54,蔬菜,200.0,是,是
17.06,8,二线,银行卡,满减,1,135.48,1437,50,0,35-44,肉食,200.0,否,是
12.31,4,二线,支付宝,秒杀,1,48.24,2249,43,1,18-24,肉食,1000.0,否,否
16.96,6,三线,云闪付,平台券,1,100.76,2772,39,0,25-34,豆制品,200.0,否,是
40.33,0,一线,微信,无,0,0.0,9000,31,1,45-54,肉食,1000.0,否,是
31.48,8,新一线,云闪付,会员折扣,5,246.84,4789,34,1,18-24,肉食,300.0,是,是
33.2,8,新一线,支付宝,会员折扣,17,248.6,1547,39,1,25-34,蔬菜,500.0,否,是
13.66,9,一线,微信,店铺券,3,119.94,8090,43,1,18-24,蔬菜,500.0,否,否
20.62,8,一线,云闪付,会员折扣,6,158.96,5231,47,1,18-24,肉食,800.0,否,否
15.18,4,三线,支付宝,满减,1,59.72,1982,31,0,45-54,蔬菜,400.0,是,是
45.55,9,一线,余额,无,0,409.95,5853,30,1,18-24,蔬菜,200.0,否,是
32.03,9,新一线,支付宝,无,0,288.27,6,35,0,25-34,主食面汤,500.0,是,否
26.34,5,三线,云闪付,满减,6,125.7,6757,36,1,25-34,蔬菜,600.0,否,是
13.24,1,三线,云闪付,会员折扣,3,10.24,6843,32,0,55+,肉食,800.0,否,是
37.33,0,三线,支付宝,满减,0,0.0,1982,31,0,45-54,蔬菜,400.0,是,是
13.05,10,一线,支付宝,秒杀,2,128.5,6,35,0,45-54,主食面汤,500.0,是,否
33.7,5,新一线,云闪付,无,0,168.5,4016,45,1,55+,肉食,1000.0,是,是
42.99,7,一线,银行卡,会员折扣,20,280.93,1235,37,0,25-34,肉食,800.0,是,是
45.15,4,二线,微信,会员折扣,6,174.6,8090,43,1,25-34,蔬菜,500.0,否,否
44.02,0,新一线,支付宝,无,0,0.0,1037,50,1,25-34,肉食,200.0,否,是
43.48,9,二线,支付宝,平台券,5,386.32,8057,48,1,25-34,肉食,400.0,否,是
37.9,1,新一线,余额,无,0,37.9,64,43,1,25-34,肉食,300.0,否,是
37.21,4,三线,支付宝,无,0,148.84,37,38,1,45-54,肉食,800.0,否,是
40.11,6,三线,微信,会员折扣,5,235.66,3990,35,0,18-24,蔬菜,300.0,否,是
16.34,0,新一线,支付宝,会员折扣,0,0.0,1982,31,0,18-24,蔬菜,400.0,是,是
15.15,5,新一线,银行卡,会员折扣,8,67.75,25,43,1,18-24,肉食,500.0,否,否
39.74,7,新一线,云闪付,满减,18,260.18,4543,17,0,25-34,肉食,800.0,否,是
42.72,6,一线,银行卡,会员折扣,5,251.32,9441,22,0,25-34,蔬菜,600.0,否,是
43.29,0,二线,云闪付,无,0,0.0,4016,45,1,35-44,肉食,1000.0,是,是
20.39,7,三线,余额,秒杀,3,139.73,5119,33,1,18-24,肉食,600.0,否,否
31.6,1,二线,余额,无,0,31.6,5119,33,0,18-24,肉食,600.0,否,否
40.44,1,二线,银行卡,店铺券,40,0.44,84,38,0,45-54,肉食,800.0,是,否
31.65,1,新一线,微信,无,0,31.65,4608,31,0,35-44,肉食,800.0,是,是
47.28,5,一线,云闪付,秒杀,17,219.4,6375,37,1,45-54,肉食,600.0,否,否
33.29,9,新一线,云闪付,秒杀,3,296.61,6375,37,0,18-24,肉食,600.0,否,否
48.76,6,一线,银行卡,满减,29,263.56,84,38,0,45-54,肉食,800.0,是,否
15.2,6,二线,云闪付,满减,3,88.2,2590,41,0,25-34,肉食,800.0,是,否
29.55,2,新一线,微信,店铺券,48,11.1,36,49,1,25-34,蔬菜,400.0,否,否
40.82,7,二线,云闪付,满减,22,263.74,7642,31,1,25-34,蔬菜,1000.0,否,否
36.18,7,二线,微信,满减,3,250.26,4608,31,0,35-44,肉食,800.0,是,是
47.74,4,二线,云闪付,会员折扣,61,129.96,80,42,0,18-24,肉食,800.0,否,是
45.76,6,新一线,微信,无,0,274.56,3938,37,1,18-24,蔬菜,400.0,否,是
19.2,0,三线,余额,会员折扣,0,0.0,2935,48,1,18-24,主食面汤,300.0,是,否
36.07,2,三线,支付宝,满减,4,68.14,4971,38,0,25-34,肉食,800.0,否,否
41.06,3,新一线,支付宝,无,0,123.18,6714,46,1,35-44,肉食,400.0,是,是
40.84,10,新一线,支付宝,无,0,408.4,5163,50,1,25-34,肉食,800.0,是,是
34.67,4,新一线,余额,平台券,6,132.68,4716,39,1,45-54,主食面汤,800.0,否,否
18.02,3,三线,支付宝,秒杀,0,54.06,3290,32,0,18-24,肉食,300.0,否,否
29.66,9,一线,支付宝,满减,7,259.94,3290,32,0,25-34,肉食,300.0,否,否
33.28,7,一线,余额,店铺券,4,228.96,3942,32,1,18-24,肉食,1000.0,是,是
22.41,7,三线,支付宝,会员折扣,8,148.87,3290,32,1,25-34,肉食,300.0,否,否
10.39,4,一线,支付宝,满减,0,41.56,7,34,0,25-34,豆制品,1000.0,是,是
23.06,10,二线,支付宝,无,0,230.6,7,34,1,45-54,豆制品,1000.0,是,是
13.51,1,一线,余额,店铺券,3,10.51,4716,39,1,18-24,主食面汤,800.0,否,否
25.88,8,新一线,支付宝,秒杀,30,177.04,7,34,1,25-34,豆制品,1000.0,是,是
45.79,6,一线,云闪付,满减,5,269.74,6743,45,1,18-24,主食面汤,400.0,是,否
42.69,0,二线,云闪付,会员折扣,0,0.0,51,33,0,45-54,主食面汤,400.0,否,否
28.09,9,三线,云闪付,满减,11,241.81,2885,40,1,45-54,肉食,300.0,否,是
13.27,5,三线,银行卡,满减,3,63.35,3945,32,0,18-24,肉食,1000.0,是,否
12.41,10,一线,支付宝,满减,2,122.1,2561,38,0,25-34,肉食,400.0,是,否
18.77,3,新一线,余额,秒杀,0,56.31,5475,30,1,18-24,肉食,500.0,否,否
11.23,7,三线,支付宝,无,0,78.61,2561,38,1,45-54,肉食,400.0,是,否
20.31,5,新一线,支付宝,平台券,2,99.55,2561,38,0,18-24,肉食,400.0,是,否
11.6,2,新一线,云闪付,满减,2,21.2,7792,48,0,35-44,肉食,1000.0,否,否
33.15,10,新一线,余额,平台券,0,331.5,1789,41,1,25-34,肉食,1000.0,是,是
46.49,8,新一线,支付宝,满减,72,299.92,90,35,0,18-24,主食面汤,1000.0,否,否
38.63,10,一线,余额,秒杀,3,383.3,2680,37,1,25-34,蔬菜,1000.0,否,否
48.86,6,一线,银行卡,平台券,18,275.16,7548,38,0,35-44,豆制品,400.0,否,是
20.33,0,二线,支付宝,满减,0,0.0,1872,32,1,18-24,肉食,400.0,是,否
48.79,7,一线,余额,会员折扣,19,322.53,8170,48,1,45-54,肉食,1000.0,否,否
12.94,4,一线,支付宝,无,0,51.76,1872,32,1,18-24,肉食,400.0,是,否
16.68,8,一线,支付宝,无,0,133.44,1872,32,0,45-54,肉食,400.0,是,否
33.41,6,新一线,支付宝,无,0,200.46,1501,41,1,25-34,肉食,1000.0,否,否
11.57,8,二线,支付宝,会员折扣,6,86.56,1501,41,1,18-24,肉食,1000.0,否,否
28.09,7,三线,支付宝,会员折扣,13,183.63,1501,41,1,18-24,肉食,1000.0,否,否
29.55,2,新一线,支付宝,会员折扣,6,53.1,2561,38,1,45-54,肉食,400.0,是,否
18.07,9,新一线,微信,会员折扣,3,159.63,4608,31,0,18-24,肉食,800.0,是,是
36.94,6,三线,余额,平台券,6,215.64,2680,37,1,18-24,蔬菜,1000.0,否,否
47.78,0,三线,云闪付,秒杀,0,0.0,7792,48,0,25-34,肉食,1000.0,否,否
32.82,9,一线,云闪付,满减,24,271.38,51,33,0,45-54,主食面汤,400.0,否,否
14.26,0,新一线,银行卡,平台券,0,0.0,84,38,0,45-54,肉食,800.0,是,否
49.98,8,三线,微信,无,0,399.84,3938,37,1,45-54,蔬菜,400.0,否,是
36.7,7,二线,支付宝,平台券,4,252.9,5163,50,1,18-24,肉食,800.0,是,是
37.82,3,新一线,支付宝,无,0,113.46,6799,39,0,55+,豆制品,1000.0,否,否
23.65,10,三线,支付宝,满减,2,234.5,4528,50,1,25-34,主食面汤,500.0,是,否
10.73,9,二线,银行卡,店铺券,1,95.57,5955,31,0,35-44,蔬菜,500.0,否,是
17.83,8,一线,云闪付,无,0,142.64,9911,36,1,45-54,肉食,400.0,否,是
47.08,5,二线,支付宝,满减,16,219.4,6920,18,0,35-44,肉食,500.0,是,否
29.43,0,新一线,支付宝,满减,0,0.0,1260,32,1,18-24,肉食,300.0,否,否
38.65,2,新一线,银行卡,满减,21,56.3,4530,37,0,25-34,主食面汤,300.0,否,否
17.26,2,三线,支付宝,无,0,34.52,2640,47,1,18-24,肉食,300.0,否,是
11.74,7,三线,云闪付,秒杀,3,79.18,5305,39,1,18-24,肉食,500.0,是,否
45.37,8,一线,支付宝,秒杀,6,356.96,2800,39,0,25-34,肉食,400.0,否,否
19.12,1,三线,支付宝,满减,2,17.12,4528,50,1,18-24,主食面汤,500.0,是,否
41.22,1,新一线,支付宝,无,0,41.22,6920,18,0,18-24,肉食,500.0,是,否
26.95,7,一线,银行卡,店铺券,3,185.65,1402,30,1,25-34,肉食,600.0,否,否
16.72,4,新一线,余额,会员折扣,4,62.88,9918,31,1,25-34,肉食,300.0,否,否
45.77,5,三线,银行卡,无,0,228.85,3706,40,1,18-24,肉食,400.0,否,否
19.07,10,新一线,支付宝,秒杀,4,186.7,4646,14,0,45-54,肉食,1000.0,否,否
12.78,8,一线,支付宝,会员折扣,1,101.24,4646,14,1,45-54,肉食,1000.0,否,否
31.32,1,三线,银行卡,满减,4,27.32,3214,30,1,35-44,肉食,600.0,否,否
23.32,1,新一线,微信,秒杀,1,22.32,72,32,0,18-24,肉食,200.0,否,是
36.78,6,新一线,支付宝,会员折扣,17,203.68,3673,43,1,25-34,肉食,200.0,否,是
49.77,1,新一线,支付宝,无,0,49.77,3673,43,1,45-54,肉食,200.0,否,是
36.47,10,一线,银行卡,会员折扣,1,363.7,2982,30,1,25-34,肉食,400.0,是,否
18.04,2,一线,银行卡,无,0,36.08,60,32,0,18-24,肉食,800.0,否,否
28.01,8,一线,余额,秒杀,2,222.08,2333,36,0,18-24,肉食,800.0,否,否
19.39,3,二线,银行卡,无,0,58.17,60,32,1,18-24,肉食,800.0,否,否
25.97,1,新一线,微信,满减,10,15.97,9241,47,1,45-54,肉食,600.0,否,否
49.7,10,一线,银行卡,店铺券,14,483.0,6507,31,1,18-24,蔬菜,500.0,否,否
31.6,5,新一线,云闪付,无,0,158.0,14,42,0,18-24,肉食,200.0,否,是
43.04,7,新一线,云闪付,会员折扣,24,277.28,42,35,0,25-34,豆制品,500.0,是,是
41.28,10,二线,云闪付,满减,1,411.8,14,42,1,25-34,肉食,200.0,否,是
11.45,1,一线,银行卡,会员折扣,7,4.45,60,32,0,25-34,肉食,800.0,否,否
47.48,6,一线,支付宝,满减,17,267.88,2633,20,1,18-24,蔬菜,200.0,否,否
32.15,10,一线,银行卡,满减,61,260.5,20,46,1,25-34,肉食,400.0,否,否
25.88,5,三线,银行卡,店铺券,19,110.4,20,46,1,45-54,肉食,400.0,否,否
46.78,6,一线,余额,满减,6,274.68,6916,43,1,25-34,肉食,1000.0,否,否
14.65,2,二线,银行卡,会员折扣,18,11.3,60,32,0,35-44,肉食,800.0,否,否
42.7,8,三线,微信,会员折扣,0,341.6,6237,40,1,18-24,肉食,800.0,否,是
44.72,10,一线,支付宝,平台券,15,432.2,27,30,1,45-54,肉食,1000.0,是,否
41.6,1,新一线,微信,店铺券,2,39.6,87,40,1,45-54,肉食,800.0,是,否
23.84,0,三线,余额,平台券,0,0.0,77,45,1,45-54,蔬菜,400.0,是,否
25.95,0,新一线,支付宝,会员折扣,0,0.0,27,30,0,18-24,肉食,1000.0,是,否
12.73,1,新一线,余额,满减,7,5.73,77,45,1,25-34,蔬菜,400.0,是,否
48.52,8,新一线,支付宝,店铺券,9,379.16,9724,41,1,55+,肉食,400.0,是,是
31.98,7,新一线,余额,店铺券,1,222.86,1379,38,0,35-44,肉食,1000.0,否,是
48.63,1,新一线,微信,秒杀,3,45.63,7981,31,0,18-24,蔬菜,1000.0,否,否
27.3,10,二线,支付宝,会员折扣,8,265.0,8241,13,0,25-34,肉食,300.0,是,否
18.64,10,新一线,支付宝,满减,37,149.4,9,17,0,18-24,肉食,300.0,否,是
12.45,2,新一线,微信,平台券,2,22.9,33,13,0,25-34,蔬菜,500.0,否,否
41.23,4,新一线,云闪付,秒杀,11,153.92,3262,35,0,25-34,主食面汤,200.0,否,否
12.33,9,三线,支付宝,满减,5,105.97,9,17,0,25-34,肉食,300.0,否,是
49.79,2,三线,余额,满减,12,87.58,4024,35,0,45-54,肉食,1000.0,否,是
37.8,8,三线,余额,满减,16,286.4,7556,50,1,45-54,肉食,1000.0,否,否
19.57,0,新一线,支付宝,平台券,0,0.0,9,17,0,25-34,肉食,300.0,否,是
15.69,3,新一线,支付宝,无,0,47.07,9724,41,1,45-54,肉食,400.0,是,是
22.13,8,三线,云闪付,秒杀,4,173.04,3262,35,0,25-34,主食面汤,200.0,否,否
14.04,5,三线,余额,秒杀,5,65.2,7556,50,1,25-34,肉食,1000.0,否,否
12.49,5,新一线,支付宝,店铺券,10,52.45,9,17,0,18-24,肉食,300.0,否,是
30.38,5,新一线,支付宝,平台券,4,147.9,8241,13,0,25-34,肉食,300.0,是,否
34.61,1,新一线,云闪付,会员折扣,1,33.61,3262,35,0,18-24,主食面汤,200.0,否,否
34.96,7,一线,微信,会员折扣,10,234.72,87,40,1,18-24,肉食,800.0,是,否
31.08,10,三线,支付宝,会员折扣,2,308.8,9724,41,1,45-54,肉食,400.0,是,是
10.44,8,三线,余额,满减,16,67.52,77,45,1,45-54,蔬菜,400.0,是,否
20.39,2,一线,余额,秒杀,1,39.78,7556,50,1,35-44,肉食,1000.0,否,否
31.41,0,新一线,云闪付,无,0,0.0,3262,35,0,45-54,主食面汤,200.0,否,否
18.61,8,新一线,余额,满减,26,122.88,77,45,1,45-54,蔬菜,400.0,是,否
49.03,3,新一线,微信,无,0,147.09,7981,31,0,25-34,蔬菜,1000.0,否,否
42.06,0,二线,余额,店铺券,0,0.0,7556,50,1,25-34,肉食,1000.0,否,否
28.18,1,三线,余额,会员折扣,8,20.18,1379,38,0,18-24,肉食,1000.0,否,是
43.77,0,新一线,支付宝,满减,0,0.0,9,17,0,55+,肉食,300.0,否,是
41.48,1,新一线,支付宝,无,0,41.48,55,24,1,18-24,肉食,200.0,否,否
37.53,9,三线,支付宝,会员折扣,5,332.77,55,24,1,25-34,肉食,200.0,否,否
45.8,5,新一线,支付宝,满减,8,221.0,7079,33,1,18-24,肉食,200.0,否,是
34.56,6,新一线,余额,会员折扣,12,195.36,5200,45,1,45-54,主食面汤,400.0,否,是
30.74,1,三线,支付宝,满减,4,26.74,6088,44,1,35-44,蔬菜,400.0,否,否
39.5,7,三线,支付宝,平台券,0,276.5,6088,44,0,18-24,蔬菜,400.0,否,否
30.49,1,新一线,支付宝,无,0,30.49,6088,44,1,35-44,蔬菜,400.0,否,否
37.21,3,一线,支付宝,店铺券,7,104.63,55,24,1,18-24,肉食,200.0,否,否
39.5,5,新一线,云闪付,满减,26,171.5,84,41,1,35-44,主食面汤,300.0,否,是
13.94,6,新一线,余额,满减,2,81.64,33,31,1,35-44,蔬菜,500.0,否,是
36.41,8,二线,银行卡,店铺券,21,270.28,4971,48,0,18-24,蔬菜,500.0,否,否
40.99,1,一线,云闪付,会员折扣,40,0.99,84,41,1,45-54,主食面汤,300.0,否,是
39.92,2,三线,余额,满减,22,57.84,8327,42,1,25-34,蔬菜,1000.0,是,否
15.12,6,三线,余额,无,0,90.72,7214,32,0,25-34,肉食,600.0,是,是
23.53,0,一线,余额,会员折扣,0,0.0,7214,32,0,45-54,肉食,600.0,是,是
35.83,8,一线,支付宝,无,0,286.64,3145,44,1,45-54,蔬菜,500.0,否,否
21.44,3,三线,银行卡,会员折扣,4,60.32,1541,25,1,25-34,蔬菜,200.0,否,是
42.64,9,三线,银行卡,满减,23,360.76,1541,25,1,25-34,蔬菜,200.0,否,是
43.68,5,新一线,余额,无,0,218.4,7214,32,1,18-24,肉食,600.0,是,是
30.23,7,一线,余额,无,0,211.61,8327,42,1,45-54,蔬菜,1000.0,是,否
42.0,8,新一线,支付宝,无,0,336.0,4646,14,1,18-24,肉食,1000.0,否,否
39.32,2,二线,云闪付,会员折扣,5,73.64,3262,35,0,45-54,主食面汤,200.0,否,否
17.52,4,一线,云闪付,满减,28,42.08,84,41,1,25-34,主食面汤,300.0,否,是
41.35,7,三线,银行卡,店铺券,3,286.45,6507,31,1,18-24,蔬菜,500.0,否,否
32.17,7,新一线,银行卡,满减,1,224.19,1541,25,1,45-54,蔬菜,200.0,否,是
15.96,8,一线,云闪付,无,0,127.68,14,42,1,25-34,肉食,200.0,否,是
45.45,8,新一线,支付宝,店铺券,79,284.6,9,17,0,35-44,肉食,300.0,否,是
26.5,8,新一线,支付宝,平台券,4,208.0,6088,44,1,45-54,蔬菜,400.0,否,否
34.78,4,一线,余额,无,0,139.12,77,45,1,45-54,蔬菜,400.0,是,否
32.46,1,三线,支付宝,店铺券,4,28.46,4646,14,0,25-34,肉食,1000.0,否,否
43.0,0,新一线,微信,平台券,0,0.0,87,40,1,25-34,肉食,800.0,是,否
12.34,5,一线,余额,会员折扣,0,61.7,6916,43,1,55+,肉食,1000.0,否,否
23.37,4,新一线,支付宝,会员折扣,3,90.48,55,24,1,18-24,肉食,200.0,否,否
41.54,4,一线,银行卡,店铺券,8,158.16,3706,40,1,45-54,肉食,400.0,否,否
27.61,0,新一线,支付宝,会员折扣,0,0.0,3673,43,1,45-54,肉食,200.0,否,是
23.13,9,一线,余额,会员折扣,5,203.17,1379,38,0,35-44,肉食,1000.0,否,是
27.36,3,一线,余额,会员折扣,12,70.08,8327,42,1,18-24,蔬菜,1000.0,是,否
13.54,4,新一线,余额,会员折扣,3,51.16,7214,32,0,45-54,肉食,600.0,是,是
35.7,8,二线,银行卡,无,0,285.6,20,46,1,18-24,肉食,400.0,否,否
41.43,6,新一线,支付宝,无,0,248.58,9724,41,1,45-54,肉食,400.0,是,是
17.38,6,新一线,支付宝,会员折扣,3,101.28,7079,33,1,45-54,肉食,200.0,否,是
24.49,3,新一线,云闪付,无,0,73.47,3262,35,0,18-24,主食面汤,200.0,否,否
44.91,4,一线,支付宝,平台券,4,175.64,9724,41,1,25-34,肉食,400.0,是,是
13.22,10,一线,支付宝,秒杀,8,124.2,55,24,1,25-34,肉食,200.0,否,否
39.12,9,新一线,云闪付,无,0,352.08,42,35,0,25-34,豆制品,500.0,是,是
48.26,8,二线,微信,会员折扣,59,327.08,87,40,1,25-34,肉食,800.0,是,否
19.98,8,一线,支付宝,秒杀,31,128.84,9,17,0,45-54,肉食,300.0,否,是
40.38,1,三线,余额,秒杀,22,18.38,5200,45,1,25-34,主食面汤,400.0,否,是
27.99,1,三线,余额,无,0,27.99,7214,32,0,45-54,肉食,600.0,是,是
10.87,5,一线,支付宝,无,0,54.35,2633,20,1,18-24,蔬菜,200.0,否,否
47.47,5,三线,银行卡,平台券,24,213.35,4971,48,0,25-34,蔬菜,500.0,否,否
20.26,10,一线,微信,店铺券,4,198.6,6237,40,1,18-24,肉食,800.0,否,是
44.02,8,新一线,余额,无,0,352.16,1379,38,0,18-24,肉食,1000.0,否,是
44.41,2,三线,余额,会员折扣,19,69.82,7556,50,1,55+,肉食,1000.0,否,否
12.71,9,一线,支付宝,会员折扣,1,113.39,6088,44,0,45-54,蔬菜,400.0,否,否
38.31,10,三线,支付宝,会员折扣,38,345.1,55,24,1,25-34,肉食,200.0,否,否
13.27,7,新一线,微信,满减,1,91.89,7981,31,0,25-34,蔬菜,1000.0,否,否
29.39,1,一线,微信,店铺券,10,19.39,72,32,0,18-24,肉食,200.0,否,是
16.63,8,三线,支付宝,会员折扣,6,127.04,3673,43,1,25-34,肉食,200.0,否,是
28.49,7,三线,银行卡,无,0,199.43,60,32,0,18-24,肉食,800.0,否,否
31.82,4,二线,余额,满减,11,116.28,8327,42,1,45-54,蔬菜,1000.0,是,否
42.26,4,一线,支付宝,会员折扣,5,164.04,9724,41,1,18-24,肉食,400.0,是,是
20.34,6,新一线,余额,秒杀,4,118.04,2333,36,0,45-54,肉食,800.0,否,否
23.21,1,新一线,支付宝,会员折扣,15,8.21,9,17,0,18-24,肉食,300.0,否,是
40.27,10,新一线,云闪付,满减,7,395.7,3262,35,0,25-34,主食面汤,200.0,否,否
28.05,8,三线,云闪付,会员折扣,28,196.4,84,41,1,45-54,主食面汤,300.0,否,是
28.56,4,新一线,云闪付,会员折扣,1,113.24,3262,35,0,25-34,主食面汤,200.0,否,否
46.37,5,三线,银行卡,会员折扣,6,225.85,1541,25,1,45-54,蔬菜,200.0,否,是
29.91,1,一线,支付宝,店铺券,17,12.91,9,17,0,45-54,肉食,300.0,否,是
41.02,2,新一线,云闪付,平台券,22,60.04,14,42,0,45-54,肉食,200.0,否,是
30.93,3,新一线,余额,秒杀,16,76.79,7556,50,1,25-34,肉食,1000.0,否,否
41.71,1,二线,余额,无,0,41.71,7556,50,1,18-24,肉食,1000.0,否,否
33.1,0,新一线,银行卡,会员折扣,0,0.0,20,46,1,18-24,肉食,400.0,否,否
35.38,3,一线,余额,会员折扣,6,100.14,7214,32,1,18-24,肉食,600.0,是,是
25.84,8,三线,微信,无,0,206.72,33,13,0,18-24,蔬菜,500.0,否,否
22.67,7,新一线,余额,无,0,158.69,77,45,1,55+,蔬菜,400.0,是,否
46.25,9,三线,微信,会员折扣,6,410.25,7981,31,0,18-24,蔬菜,1000.0,否,否
15.63,3,新一线,支付宝,满减,1,45.89,8241,13,0,18-24,肉食,300.0,是,否
45.76,5,新一线,支付宝,满减,75,153.8,20,48,1,45-54,肉食,300.0,是,是
36.17,6,一线,微信,无,0,217.02,7663,39,1,18-24,肉食,500.0,否,是
27.61,0,一线,支付宝,满减,0,0.0,20,48,1,45-54,肉食,300.0,是,是
42.14,6,一线,支付宝,店铺券,29,223.84,20,48,1,18-24,肉食,300.0,是,是
24.31,1,二线,云闪付,会员折扣,0,24.31,8014,34,0,55+,肉食,500.0,否,否
43.13,3,三线,云闪付,会员折扣,2,127.39,7391,45,1,18-24,蔬菜,200.0,否,否
15.68,2,一线,支付宝,满减,0,31.36,20,48,0,45-54,肉食,300.0,是,是
28.01,0,一线,银行卡,会员折扣,0,0.0,3097,38,0,25-34,蔬菜,400.0,否,否
35.37,10,三线,余额,秒杀,18,335.7,4242,46,1,25-34,豆制品,400.0,否,是
15.05,9,一线,余额,平台券,7,128.45,4018,32,0,18-24,肉食,200.0,否,是
37.45,8,二线,银行卡,无,0,299.6,6367,47,1,35-44,肉食,800.0,否,是
17.0,2,二线,支付宝,店铺券,1,33.0,79,40,1,45-54,肉食,300.0,否,是
37.77,5,新一线,银行卡,满减,7,181.85,3097,38,1,18-24,蔬菜,400.0,否,否
36.13,7,新一线,余额,满减,2,250.91,4018,32,0,25-34,肉食,200.0,否,是
44.85,3,新一线,余额,店铺券,19,115.55,4018,32,0,35-44,肉食,200.0,否,是
14.44,0,新一线,余额,无,0,0.0,4242,46,1,18-24,豆制品,400.0,否,是
31.87,7,一线,余额,店铺券,11,212.09,95,32,0,25-34,蔬菜,1000.0,否,否
22.19,5,三线,云闪付,会员折扣,12,98.95,12,33,0,45-54,蔬菜,400.0,否,是
44.91,5,三线,微信,无,0,224.55,5738,34,0,18-24,蔬菜,200.0,否,否
31.63,6,三线,云闪付,无,0,189.78,72,36,0,18-24,主食面汤,200.0,否,否
11.93,9,新一线,微信,满减,2,105.37,1022,46,1,18-24,肉食,400.0,是,否
36.71,8,二线,余额,满减,28,265.68,48,48,1,18-24,肉食,1000.0,否,是
33.73,6,三线,余额,平台券,52,150.38,48,48,1,45-54,肉食,1000.0,否,是
45.69,9,新一线,银行卡,无,0,411.21,25,39,1,18-24,肉食,800.0,是,是
19.58,0,二线,微信,满减,0,0.0,8987,30,0,45-54,豆制品,300.0,否,否
49.82,6,新一线,余额,秒杀,9,289.92,8759,34,0,18-24,肉食,500.0,否,是
12.55,5,新一线,微信,满减,0,62.75,72,48,1,45-54,肉食,1000.0,是,否
14.6,7,二线,支付宝,会员折扣,6,96.2,9165,37,1,45-54,蔬菜,200.0,否,是
43.17,4,一线,支付宝,无,0,172.68,9165,37,1,25-34,蔬菜,200.0,否,是
22.68,7,二线,余额,无,0,158.76,9445,42,1,25-34,肉食,800.0,否,是
27.38,6,新一线,云闪付,会员折扣,41,123.28,68,38,0,25-34,豆制品,300.0,否,否
34.08,4,三线,云闪付,平台券,25,111.32,68,38,0,35-44,豆制品,300.0,否,否
27.74,3,新一线,银行卡,满减,1,82.22,7985,39,0,55+,肉食,500.0,否,是
38.11,6,新一线,支付宝,平台券,22,206.66,23,31,1,25-34,豆制品,800.0,是,否
19.5,1,三线,支付宝,满减,19,0.5,23,31,1,18-24,豆制品,800.0,是,否
29.51,1,新一线,云闪付,会员折扣,29,0.51,68,38,0,45-54,豆制品,300.0,否,否
34.03,8,新一线,余额,会员折扣,3,269.24,8759,34,0,25-34,肉食,500.0,否,是
35.36,2,新一线,支付宝,无,0,70.72,23,31,1,18-24,豆制品,800.0,是,否
20.18,6,新一线,微信,无,0,121.08,72,48,0,18-24,肉食,1000.0,是,否
28.9,3,二线,余额,会员折扣,4,82.7,7085,44,1,25-34,蔬菜,200.0,否,是
11.83,1,二线,银行卡,平台券,1,10.83,9802,15,0,25-34,肉食,1000.0,否,是
30.66,0,新一线,云闪付,会员折扣,0,0.0,48,39,1,45-54,肉食,500.0,否,是
42.1,5,三线,银行卡,平台券,80,130.5,64,45,1,45-54,肉食,800.0,否,否
30.51,6,新一线,余额,秒杀,6,177.06,7085,44,1,18-24,蔬菜,200.0,否,是
13.48,2,二线,余额,无,0,26.96,8759,34,0,18-24,肉食,500.0,否,是
14.55,10,二线,微信,平台券,0,145.5,8987,30,0,18-24,豆制品,300.0,否,否
23.81,1,一线,余额,秒杀,7,16.81,9445,42,1,18-24,肉食,800.0,否,是
30.3,2,二线,支付宝,无,0,60.6,9165,37,1,18-24,蔬菜,200.0,否,是
49.71,9,三线,银行卡,店铺券,7,440.39,7985,39,0,45-54,肉食,500.0,否,是
26.44,0,二线,银行卡,会员折扣,0,0.0,9802,15,0,25-34,肉食,1000.0,否,是
46.3,3,一线,支付宝,无,0,138.9,23,31,1,45-54,豆制品,800.0,是,否
42.95,2,三线,微信,满减,9,76.9,72,48,1,18-24,肉食,1000.0,是,否
48.2,2,二线,余额,会员折扣,8,88.4,8759,34,0,25-34,肉食,500.0,否,是
42.85,8,一线,云闪付,店铺券,60,282.8,68,38,0,25-34,豆制品,300.0,否,否
37.46,1,三线,支付宝,会员折扣,14,23.46,9165,37,1,25-34,蔬菜,200.0,否,是
24.76,3,新一线,云闪付,无,0,74.28,8,31,1,25-34,肉食,500.0,否,否
12.84,1,三线,支付宝,会员折扣,1,11.84,5468,39,1,18-24,肉食,300.0,否,否
36.74,4,新一线,支付宝,会员折扣,12,134.96,2546,32,1,18-24,肉食,800.0,否,是
33.75,9,新一线,云闪付,秒杀,0,303.75,4925,47,1,18-24,肉食,800.0,是,否
46.53,10,一线,银行卡,会员折扣,24,441.3,7089,38,1,45-54,蔬菜,200.0,否,是
14.82,6,三线,支付宝,店铺券,1,87.92,5468,39,1,18-24,肉食,300.0,否,否
26.88,2,新一线,余额,店铺券,15,38.76,14,35,1,45-54,肉食,500.0,否,否
33.09,3,新一线,余额,会员折扣,4,95.27,1751,34,1,18-24,肉食,600.0,是,是
39.17,4,二线,支付宝,秒杀,7,149.68,6295,49,1,45-54,豆制品,500.0,否,是
41.56,4,新一线,支付宝,店铺券,6,160.24,3727,38,1,18-24,肉食,800.0,否,否
44.3,10,一线,银行卡,秒杀,15,428.0,1310,36,1,25-34,肉食,200.0,否,否
46.67,5,新一线,银行卡,满减,9,224.35,5662,10,0,18-24,蔬菜,1000.0,是,是
27.24,6,二线,银行卡,会员折扣,8,155.44,8583,37,1,18-24,豆制品,200.0,是,否
24.85,4,新一线,支付宝,秒杀,4,95.4,6295,49,0,25-34,豆制品,500.0,否,是
37.54,10,一线,支付宝,店铺券,6,369.4,5323,24,0,18-24,蔬菜,600.0,否,是
24.98,4,一线,支付宝,秒杀,24,75.92,61,47,1,18-24,豆制品,400.0,否,是
27.22,5,一线,支付宝,无,0,136.1,61,47,0,45-54,豆制品,400.0,否,是
37.08,4,三线,余额,会员折扣,7,141.32,2897,43,1,18-24,肉食,500.0,是,否
24.58,1,三线,余额,店铺券,0,24.58,2897,43,1,25-34,肉食,500.0,是,否
29.42,10,一线,支付宝,会员折扣,3,291.2,4542,41,1,25-34,主食面汤,200.0,是,是
22.56,4,二线,支付宝,满减,1,89.24,6017,43,1,25-34,肉食,200.0,是,是
45.54,9,二线,云闪付,满减,12,397.86,5548,44,1,25-34,肉食,1000.0,否,是
43.07,8,新一线,云闪付,满减,0,344.56,3808,37,0,25-34,肉食,300.0,否,否
21.54,7,新一线,支付宝,满减,2,148.78,3392,43,1,18-24,肉食,500.0,是,否
16.17,9,三线,云闪付,店铺券,2,143.53,5548,44,1,18-24,肉食,1000.0,否,是
31.67,9,三线,银行卡,秒杀,12,273.03,4693,34,0,35-44,蔬菜,600.0,否,否
27.62,10,新一线,余额,平台券,1,275.2,1943,14,0,35-44,主食面汤,200.0,是,是
22.09,6,一线,支付宝,会员折扣,0,132.54,6017,43,1,18-24,肉食,200.0,是,是
20.37,1,新一线,支付宝,无,0,20.37,6017,43,0,18-24,肉食,200.0,是,是
23.7,5,新一线,云闪付,满减,1,117.5,3808,37,0,25-34,肉食,300.0,否,否
48.66,0,三线,支付宝,会员折扣,0,0.0,6017,43,1,25-34,肉食,200.0,是,是
26.07,4,一线,银行卡,无,0,104.28,4693,34,0,18-24,蔬菜,600.0,否,否
34.83,10,一线,云闪付,店铺券,4,344.3,5548,44,1,18-24,肉食,1000.0,否,是
25.81,2,三线,支付宝,店铺券,1,50.62,6017,43,0,18-24,肉食,200.0,是,是
41.77,2,三线,微信,满减,1,82.54,8987,30,0,55+,豆制品,300.0,否,否
21.03,6,二线,支付宝,店铺券,3,123.18,5468,39,1,45-54,肉食,300.0,否,否
44.54,5,三线,支付宝,满减,5,217.7,23,31,1,45-54,豆制品,800.0,是,否
25.01,9,新一线,银行卡,会员折扣,4,221.09,9802,15,0,35-44,肉食,1000.0,否,是
21.43,5,三线,支付宝,会员折扣,34,73.15,20,48,0,45-54,肉食,300.0,是,是
18.13,0,一线,云闪付,会员折扣,0,0.0,12,33,0,18-24,蔬菜,400.0,否,是
48.24,8,二线,支付宝,会员折扣,6,379.92,3727,38,1,18-24,肉食,800.0,否,否
18.02,8,新一线,云闪付,平台券,7,137.16,72,36,0,35-44,主食面汤,200.0,否,否
14.37,9,三线,支付宝,会员折扣,3,126.33,6017,43,1,55+,肉食,200.0,是,是
37.7,7,新一线,支付宝,会员折扣,3,260.9,61,47,1,45-54,豆制品,400.0,否,是
24.35,8,新一线,微信,满减,2,192.8,1022,46,1,18-24,肉食,400.0,是,否
10.35,8,新一线,支付宝,满减,13,69.8,20,48,1,18-24,肉食,300.0,是,是
39.51,2,新一线,微信,会员折扣,1,78.02,8987,30,0,35-44,豆制品,300.0,否,否
40.76,9,新一线,支付宝,会员折扣,1,365.84,3392,43,1,18-24,肉食,500.0,是,否
43.84,0,新一线,银行卡,无,0,0.0,7985,39,0,18-24,肉食,500.0,否,是
42.33,5,二线,银行卡,满减,7,204.65,8583,37,1,18-24,豆制品,200.0,是,否
48.2,8,一线,支付宝,满减,5,380.6,6295,49,1,18-24,豆制品,500.0,否,是
30.9,5,一线,银行卡,平台券,4,150.5,7985,39,0,25-34,肉食,500.0,否,是
21.98,1,一线,微信,无,0,21.98,72,48,1,25-34,肉食,1000.0,是,否
38.28,10,新一线,支付宝,无,0,382.8,6017,43,0,18-24,肉食,200.0,是,是
12.01,1,三线,微信,满减,5,7.01,5738,34,0,25-34,蔬菜,200.0,否,否
26.2,7,新一线,云闪付,店铺券,10,173.4,8261,33,0,25-34,肉食,1000.0,否,否
35.62,6,二线,云闪付,会员折扣,5,208.72,5231,47,1,25-34,肉食,800.0,否,否
49.16,8,二线,银行卡,无,0,393.28,30,10,0,18-24,蔬菜,300.0,否,否
24.31,7,新一线,支付宝,会员折扣,19,151.17,37,38,1,18-24,肉食,800.0,否,是
30.12,0,新一线,支付宝,会员折扣,0,0.0,8057,48,1,18-24,肉食,400.0,否,是
27.97,4,二线,支付宝,满减,5,106.88,1037,50,1,35-44,肉食,200.0,否,是
33.43,2,二线,支付宝,会员折扣,1,65.86,1982,31,0,45-54,蔬菜,400.0,是,是
34.99,0,二线,支付宝,会员折扣,0,0.0,4032,41,1,45-54,主食面汤,800.0,否,是
15.72,4,二线,银行卡,无,0,62.88,2115,33,1,18-24,肉食,200.0,否,是
35.18,8,二线,支付宝,满减,2,279.44,1982,31,0,45-54,蔬菜,400.0,是,是
38.28,0,新一线,支付宝,秒杀,0,0.0,37,38,1,18-24,肉食,800.0,否,是
39.64,3,三线,支付宝,店铺券,22,96.92,37,38,1,35-44,肉食,800.0,否,是
14.08,2,三线,余额,无,0,28.16,22,32,1,45-54,豆制品,600.0,是,否
24.41,6,一线,微信,无,0,146.46,8090,43,1,25-34,蔬菜,500.0,否,否
20.82,5,新一线,银行卡,无,0,104.1,1437,50,1,18-24,肉食,200.0,否,是
43.71,7,二线,云闪付,无,0,305.97,6757,36,1,35-44,蔬菜,600.0,否,是
45.67,9,三线,支付宝,无,0,411.03,5606,30,0,25-34,蔬菜,200.0,否,否
46.4,3,一线,微信,平台券,4,135.2,9869,30,1,35-44,肉食,1000.0,否,是
25.09,3,三线,支付宝,无,0,75.27,3060,43,1,35-44,肉食,500.0,否,否
48.56,9,新一线,微信,满减,5,432.04,9000,31,1,35-44,肉食,1000.0,否,是
38.15,5,一线,支付宝,平台券,0,190.75,8057,48,1,45-54,肉食,400.0,否,是
10.17,4,二线,云闪付,店铺券,1,39.68,79,13,0,18-24,蔬菜,1000.0,否,是
36.66,6,二线,支付宝,满减,8,211.96,6,35,0,35-44,主食面汤,500.0,是,否
38.1,3,新一线,支付宝,会员折扣,11,103.3,2249,43,1,25-34,肉食,1000.0,否,否
35.77,6,新一线,微信,满减,14,200.62,9000,31,1,18-24,肉食,1000.0,否,是
24.4,3,新一线,支付宝,会员折扣,6,67.2,4032,41,1,18-24,主食面汤,800.0,否,是
24.79,3,一线,微信,会员折扣,3,71.37,9869,30,1,25-34,肉食,1000.0,否,是
12.09,7,新一线,云闪付,平台券,3,81.63,5962,34,0,25-34,蔬菜,200.0,是,是
18.48,2,三线,银行卡,平台券,2,34.96,1437,50,0,45-54,肉食,200.0,否,是
37.11,9,一线,支付宝,满减,10,323.99,2249,43,1,35-44,肉食,1000.0,否,否
39.54,3,一线,云闪付,无,0,118.62,2772,39,0,18-24,豆制品,200.0,否,是
35.79,0,三线,微信,满减,0,0.0,9000,31,1,18-24,肉食,1000.0,否,是
24.71,10,三线,云闪付,满减,3,244.1,4789,34,1,35-44,肉食,300.0,是,是
14.46,10,一线,支付宝,无,0,144.6,1547,39,1,18-24,蔬菜,500.0,否,是
30.63,8,新一线,微信,无,0,245.04,8090,43,1,18-24,蔬菜,500.0,否,否
43.42,0,一线,云闪付,会员折扣,0,0.0,5231,47,1,25-34,肉食,800.0,否,否
10.59,0,二线,支付宝,店铺券,0,0.0,1982,31,0,55+,蔬菜,400.0,是,是
25.16,5,二线,余额,无,0,125.8,5853,30,1,35-44,蔬菜,200.0,否,是
29.71,10,新一线,支付宝,无,0,297.1,6,35,0,25-34,主食面汤,500.0,是,否
31.24,8,新一线,云闪付,会员折扣,11,238.92,6757,36,1,25-34,蔬菜,600.0,否,是
30.76,9,三线,云闪付,平台券,11,265.84,6843,32,0,18-24,肉食,800.0,否,是
22.47,2,三线,支付宝,满减,4,40.94,1982,31,0,18-24,蔬菜,400.0,是,是
40.96,10,新一线,支付宝,满减,38,371.6,6,35,0,45-54,主食面汤,500.0,是,否
15.02,0,一线,云闪付,满减,0,0.0,4016,45,1,25-34,肉食,1000.0,是,是
10.68,10,新一线,银行卡,满减,5,101.8,1235,37,0,35-44,肉食,800.0,是,是
10.7,2,新一线,微信,会员折扣,1,20.4,8090,43,1,18-24,蔬菜,500.0,否,否
30.72,4,一线,支付宝,秒杀,1,121.88,1037,50,1,25-34,肉食,200.0,否,是
10.05,0,新一线,支付宝,平台券,0,0.0,8057,48,1,18-24,肉食,400.0,否,是
21.99,4,新一线,余额,平台券,3,84.96,64,43,1,25-34,肉食,300.0,否,是
35.86,9,新一线,支付宝,满减,5,317.74,37,38,1,45-54,肉食,800.0,否,是
43.88,3,一线,微信,无,0,131.64,3990,35,0,18-24,蔬菜,300.0,否,是
10.94,5,一线,支付宝,会员折扣,0,54.7,1982,31,0,18-24,蔬菜,400.0,是,是
25.92,1,三线,银行卡,平台券,25,0.92,25,43,1,18-24,肉食,500.0,否,否
12.63,0,新一线,云闪付,会员折扣,0,0.0,4543,17,0,25-34,肉食,800.0,否,是
19.86,8,三线,银行卡,店铺券,2,156.88,9441,22,0,18-24,蔬菜,600.0,否,是
29.36,3,一线,云闪付,满减,5,83.08,4016,45,1,45-54,肉食,1000.0,是,是
49.65,8,二线,余额,满减,2,395.2,5119,33,1,18-24,肉食,600.0,否,否
48.51,4,新一线,余额,店铺券,9,185.04,5119,33,0,35-44,肉食,600.0,否,否
19.02,5,一线,银行卡,店铺券,20,75.1,84,38,0,45-54,肉食,800.0,是,否
17.83,6,新一线,微信,平台券,2,104.98,4608,31,0,45-54,肉食,800.0,是,是
33.13,9,一线,云闪付,会员折扣,2,296.17,6375,37,1,18-24,肉食,600.0,否,否
46.7,10,新一线,云闪付,会员折扣,18,449.0,6375,37,0,45-54,肉食,600.0,否,否
15.89,4,新一线,银行卡,店铺券,4,59.56,84,38,0,25-34,肉食,800.0,是,否
35.24,1,新一线,云闪付,满减,3,32.24,2590,41,0,25-34,肉食,800.0,是,否
19.68,1,新一线,微信,无,0,19.68,36,49,1,45-54,蔬菜,400.0,否,否
30.02,7,一线,云闪付,会员折扣,5,205.14,7642,31,1,25-34,蔬菜,1000.0,否,否
43.75,1,新一线,微信,平台券,8,35.75,4608,31,0,55+,肉食,800.0,是,是
48.43,4,新一线,云闪付,无,0,193.72,80,42,0,18-24,肉食,800.0,否,是
20.38,8,三线,微信,秒杀,12,151.04,3938,37,1,55+,蔬菜,400.0,否,是
27.48,8,三线,余额,会员折扣,2,217.84,2935,48,1,18-24,主食面汤,300.0,是,否
34.89,4,二线,支付宝,会员折扣,10,129.56,4971,38,0,25-34,肉食,800.0,否,否
30.86,0,三线,支付宝,满减,0,0.0,6714,46,1,45-54,肉食,400.0,是,是
49.09,0,二线,支付宝,会员折扣,0,0.0,5163,50,1,25-34,肉食,800.0,是,是
36.66,5,二线,余额,会员折扣,2,181.3,4716,39,1,18-24,主食面汤,800.0,否,否
24.28,0,一线,支付宝,满减,0,0.0,3290,32,0,18-24,肉食,300.0,否,否
47.05,9,一线,支付宝,店铺券,4,419.45,3290,32,0,45-54,肉食,300.0,否,否
35.37,4,二线,余额,秒杀,2,139.48,3942,32,1,25-34,肉食,1000.0,是,是
43.92,8,新一线,支付宝,平台券,5,346.36,3290,32,1,18-24,肉食,300.0,否,否
41.5,5,二线,支付宝,满减,78,129.5,7,34,0,35-44,豆制品,1000.0,是,是
20.04,7,新一线,支付宝,会员折扣,35,105.28,7,34,1,18-24,豆制品,1000.0,是,是
24.34,4,新一线,余额,会员折扣,3,94.36,4716,39,1,18-24,主食面汤,800.0,否,否
46.73,8,新一线,支付宝,秒杀,49,324.84,7,34,1,18-24,豆制品,1000.0,是,是
41.21,10,一线,云闪付,店铺券,8,404.1,6743,45,1,25-34,主食面汤,400.0,是,否
29.9,4,二线,云闪付,平台券,34,85.6,51,33,0,55+,主食面汤,400.0,否,否
18.19,2,新一线,云闪付,无,0,36.38,2885,40,1,25-34,肉食,300.0,否,是
44.2,7,新一线,银行卡,无,0,309.4,3945,32,0,25-34,肉食,1000.0,是,否
18.28,7,新一线,支付宝,会员折扣,2,125.96,2561,38,0,45-54,肉食,400.0,是,否
30.28,4,新一线,余额,平台券,2,119.12,5475,30,1,45-54,肉食,500.0,否,否
10.0,7,新一线,支付宝,无,0,70.0,2561,38,1,45-54,肉食,400.0,是,否
26.66,5,新一线,支付宝,满减,5,128.3,2561,38,0,25-34,肉食,400.0,是,否
39.17,5,三线,云闪付,满减,8,187.85,7792,48,0,18-24,肉食,1000.0,否,否
18.97,2,三线,余额,无,0,37.94,1789,41,1,18-24,肉食,1000.0,是,是
17.26,3,一线,支付宝,秒杀,32,19.78,90,35,0,18-24,主食面汤,1000.0,否,否
25.73,4,新一线,余额,满减,4,98.92,2680,37,1,45-54,蔬菜,1000.0,否,否
31.78,3,新一线,银行卡,会员折扣,4,91.34,7548,38,0,18-24,豆制品,400.0,否,是
30.55,8,一线,支付宝,会员折扣,3,241.4,1872,32,1,25-34,肉食,400.0,是,否
37.89,7,三线,余额,满减,13,252.23,8170,48,1,25-34,肉食,1000.0,否,否
46.84,2,三线,支付宝,满减,4,89.68,1872,32,1,18-24,肉食,400.0,是,否
49.14,1,一线,支付宝,无,0,49.14,1872,32,0,55+,肉食,400.0,是,否
16.52,5,新一线,支付宝,无,0,82.6,1501,41,1,35-44,肉食,1000.0,否,否
48.81,1,三线,支付宝,满减,21,27.81,1501,41,1,25-34,肉食,1000.0,否,否
19.4,2,一线,支付宝,会员折扣,6,32.8,1501,41,1,45-54,肉食,1000.0,否,否
44.61,8,新一线,支付宝,无,0,356.88,2561,38,1,25-34,肉食,400.0,是,否
41.87,4,三线,微信,秒杀,0,167.48,4608,31,0,35-44,肉食,800.0,是,是
20.02,3,三线,余额,无,0,60.06,2680,37,1,45-54,蔬菜,1000.0,否,否
21.51,5,新一线,云闪付,平台券,3,104.55,7792,48,0,35-44,肉食,1000.0,否,否
39.31,10,新一线,云闪付,满减,60,333.1,51,33,0,35-44,主食面汤,400.0,否,否
24.96,10,新一线,银行卡,满减,0,249.6,84,38,0,18-24,肉食,800.0,是,否
35.67,0,一线,微信,秒杀,0,0.0,3938,37,1,25-34,蔬菜,400.0,否,是
12.7,2,三线,支付宝,会员折扣,5,20.4,5163,50,1,18-24,肉食,800.0,是,是
18.21,7,三线,支付宝,会员折扣,10,117.47,6799,39,0,18-24,豆制品,1000.0,否,否
10.6,8,一线,支付宝,秒杀,1,83.8,4528,50,1,35-44,主食面汤,500.0,是,否
47.87,6,新一线,银行卡,秒杀,8,279.22,5955,31,0,35-44,蔬菜,500.0,否,是
14.24,0,新一线,云闪付,满减,0,0.0,9911,36,1,25-34,肉食,400.0,否,是
18.11,4,新一线,支付宝,秒杀,4,68.44,6920,18,0,18-24,肉食,500.0,是,否
10.62,0,二线,支付宝,平台券,0,0.0,1260,32,1,55+,肉食,300.0,否,否
36.9,7,三线,银行卡,平台券,22,236.3,4530,37,0,25-34,主食面汤,300.0,否,否
39.94,8,一线,支付宝,无,0,319.52,2640,47,1,35-44,肉食,300.0,否,是
19.68,8,二线,云闪付,店铺券,4,153.44,5305,39,1,18-24,肉食,500.0,是,否
39.55,3,新一线,支付宝,平台券,3,115.65,2800,39,0,25-34,肉食,400.0,否,否
10.55,5,新一线,支付宝,满减,1,51.75,4528,50,1,35-44,主食面汤,500.0,是,否
34.27,8,一线,支付宝,秒杀,0,274.16,6920,18,0,45-54,肉食,500.0,是,否
36.91,0,二线,云闪付,会员折扣,0,0.0,14,42,0,35-44,肉食,200.0,否,是
48.06,6,三线,支付宝,无,0,288.36,1872,32,0,45-54,肉食,400.0,是,否
24.74,7,新一线,银行卡,满减,11,162.18,4530,37,0,45-54,主食面汤,300.0,否,否
36.66,3,新一线,支付宝,满减,36,73.98,23,31,1,55+,豆制品,800.0,是,否
41.5,7,新一线,支付宝,平台券,59,231.5,9,17,0,55+,肉食,300.0,否,是
12.56,9,新一线,微信,会员折扣,1,112.04,5738,34,0,35-44,蔬菜,200.0,否,否
21.7,4,新一线,支付宝,会员折扣,5,81.8,23,31,1,25-34,豆制品,800.0,是,否
30.11,10,新一线,余额,满减,1,300.1,6916,43,1,18-24,肉食,1000.0,否,否
47.08,8,三线,支付宝,店铺券,4,372.64,6017,43,1,45-54,肉食,200.0,是,是
14.22,7,一线,银行卡,会员折扣,1,98.54,3706,40,1,18-24,肉食,400.0,否,否
26.39,0,新一线,银行卡,满减,0,0.0,7089,38,1,45-54,蔬菜,200.0,否,是
20.41,0,三线,支付宝,无,0,0.0,9724,41,1,18-24,肉食,400.0,是,是
12.82,2,一线,银行卡,秒杀,1,24.64,9802,15,0,25-34,肉食,1000.0,否,是
36.57,6,新一线,支付宝,满减,17,202.42,1501,41,1,18-24,肉食,1000.0,否,否
21.57,2,一线,银行卡,满减,0,43.14,7985,39,0,25-34,肉食,500.0,否,是
46.55,6,新一线,云闪付,无,0,279.3,5231,47,1,18-24,肉食,800.0,否,否
48.11,9,新一线,银行卡,秒杀,2,430.99,3214,30,1,35-44,肉食,600.0,否,否
23.07,4,新一线,银行卡,无,0,92.28,8583,37,1,45-54,豆制品,200.0,是,否
45.05,6,新一线,余额,秒杀,5,265.3,4716,39,1,45-54,主食面汤,800.0,否,否
14.1,6,新一线,余额,无,0,84.6,7556,50,1,25-34,肉食,1000.0,否,否
37.08,3,新一线,银行卡,满减,34,77.24,60,32,0,25-34,肉食,800.0,否,否
36.95,3,新一线,余额,秒杀,4,106.85,8327,42,1,18-24,蔬菜,1000.0,是,否
17.17,0,三线,微信,无,0,0.0,87,40,1,18-24,肉食,800.0,是,否
37.76,0,三线,微信,店铺券,0,0.0,72,32,0,45-54,肉食,200.0,否,是
30.6,9,三线,支付宝,会员折扣,3,272.4,6017,43,1,25-34,肉食,200.0,是,是
13.34,2,新一线,银行卡,满减,6,20.68,4971,48,0,18-24,蔬菜,500.0,否,否
10.77,10,新一线,云闪付,秒杀,2,105.7,4925,47,1,18-24,肉食,800.0,是,否
16.63,9,新一线,云闪付,平台券,3,146.67,8261,33,0,45-54,肉食,1000.0,否,否
18.89,8,一线,微信,平台券,7,144.12,87,40,1,45-54,肉食,800.0,是,否
12.31,5,三线,云闪付,平台券,0,61.55,2772,39,0,55+,豆制品,200.0,否,是
32.28,7,二线,云闪付,无,0,225.96,80,42,0,18-24,肉食,800.0,否,是
30.0,6,三线,银行卡,满减,4,176.0,5662,10,0,25-34,蔬菜,1000.0,是,是
44.82,4,三线,余额,无,0,179.28,5853,30,1,45-54,蔬菜,200.0,否,是
35.26,4,三线,支付宝,平台券,34,107.04,9,17,0,18-24,肉食,300.0,否,是
23.49,8,新一线,余额,会员折扣,2,185.92,1943,14,0,45-54,主食面汤,200.0,是,是
25.67,10,一线,银行卡,满减,1,255.7,1310,36,1,45-54,肉食,200.0,否,否
45.83,1,新一线,支付宝,无,0,45.83,6,35,0,25-34,主食面汤,500.0,是,否
26.77,6,二线,云闪付,会员折扣,11,149.62,4543,17,0,45-54,肉食,800.0,否,是
12.76,5,新一线,支付宝,无,0,63.8,9,17,0,25-34,肉食,300.0,否,是
37.55,2,新一线,支付宝,店铺券,6,69.1,4528,50,1,35-44,主食面汤,500.0,是,否
20.13,8,三线,银行卡,平台券,1,160.04,2115,33,1,18-24,肉食,200.0,否,是
43.44,9,三线,银行卡,会员折扣,6,384.96,9802,15,0,45-54,肉食,1000.0,否,是
42.86,10,三线,支付宝,平台券,22,406.6,23,31,1,18-24,豆制品,800.0,是,否
43.73,8,一线,微信,平台券,9,340.84,7981,31,0,18-24,蔬菜,1000.0,否,否
23.35,3,二线,余额,平台券,2,68.05,7214,32,1,18-24,肉食,600.0,是,是
13.03,6,新一线,云闪付,无,0,78.18,84,41,1,18-24,主食面汤,300.0,否,是
31.67,9,新一线,云闪付,会员折扣,0,285.03,3262,35,0,45-54,主食面汤,200.0,否,否
24.9,7,一线,银行卡,会员折扣,5,169.3,7548,38,0,55+,豆制品,400.0,否,是
24.78,0,二线,支付宝,会员折扣,0,0.0,2561,38,0,25-34,肉食,400.0,是,否
18.71,7,一线,微信,平台券,2,128.97,1022,46,1,25-34,肉食,400.0,是,否
10.21,10,新一线,云闪付,店铺券,3,99.1,8014,34,0,18-24,肉食,500.0,否,否
12.66,5,新一线,支付宝,会员折扣,1,62.3,9724,41,1,45-54,肉食,400.0,是,是
33.35,10,二线,微信,满减,6,327.5,9869,30,1,25-34,肉食,1000.0,否,是
40.07,2,三线,支付宝,无,0,80.14,3060,43,1,25-34,肉食,500.0,否,否
30.72,5,三线,支付宝,无,0,153.6,1982,31,0,55+,蔬菜,400.0,是,是
34.82,9,一线,微信,秒杀,4,309.38,9241,47,1,35-44,肉食,600.0,否,否
40.35,6,一线,支付宝,无,0,242.1,5606,30,0,25-34,蔬菜,200.0,否,否
18.6,8,三线,支付宝,满减,34,114.8,9,17,0,18-24,肉食,300.0,否,是
17.52,4,二线,支付宝,会员折扣,0,70.08,5468,39,1,35-44,肉食,300.0,否,否
47.56,4,一线,余额,满减,9,181.24,8327,42,1,35-44,蔬菜,1000.0,是,否
37.79,2,新一线,余额,秒杀,4,71.58,5119,33,0,35-44,肉食,600.0,否,否
33.81,7,二线,微信,会员折扣,3,233.67,9000,31,1,25-34,肉食,1000.0,否,是
36.48,1,新一线,支付宝,无,0,36.48,23,31,1,25-34,豆制品,800.0,是,否
17.51,0,新一线,支付宝,无,0,0.0,5468,39,1,45-54,肉食,300.0,否,否
37.96,1,一线,微信,无,0,37.96,87,40,1,45-54,肉食,800.0,是,否
24.73,7,二线,余额,会员折扣,0,173.11,7214,32,0,35-44,肉食,600.0,是,是
19.74,4,三线,支付宝,无,0,78.96,8241,13,0,18-24,肉食,300.0,是,否
22.92,4,新一线,支付宝,秒杀,0,91.68,2800,39,0,35-44,肉食,400.0,否,否
45.92,0,一线,余额,平台券,0,0.0,7556,50,1,35-44,肉食,1000.0,否,否
23.01,3,二线,银行卡,无,0,69.03,60,32,0,25-34,肉食,800.0,否,否
46.04,5,三线,微信,无,0,230.2,3990,35,0,35-44,蔬菜,300.0,否,是
42.27,6,新一线,支付宝,会员折扣,6,247.62,4542,41,1,25-34,主食面汤,200.0,是,是
49.91,0,一线,余额,会员折扣,0,0.0,22,32,1,45-54,豆制品,600.0,是,否
24.42,0,新一线,云闪付,无,0,0.0,5962,34,0,18-24,蔬菜,200.0,是,是
22.51,9,三线,支付宝,无,0,202.59,4528,50,1,45-54,主食面汤,500.0,是,否
36.17,3,新一线,支付宝,无,0,108.51,23,31,1,25-34,豆制品,800.0,是,否
19.28,5,三线,余额,店铺券,3,93.4,4716,39,1,18-24,主食面汤,800.0,否,否
40.49,5,新一线,银行卡,会员折扣,54,148.45,25,43,1,35-44,肉食,500.0,否,否
19.16,1,二线,云闪付,无,0,19.16,4789,34,1,18-24,肉食,300.0,是,是
33.87,2,新一线,支付宝,满减,5,62.74,6088,44,0,45-54,蔬菜,400.0,否,否
35.98,0,新一线,支付宝,会员折扣,0,0.0,3290,32,1,18-24,肉食,300.0,否,否
42.18,0,新一线,云闪付,满减,0,0.0,9911,36,1,45-54,肉食,400.0,否,是
38.6,0,新一线,余额,满减,0,0.0,2680,37,1,25-34,蔬菜,1000.0,否,否
12.13,2,二线,余额,满减,1,23.26,7556,50,1,25-34,肉食,1000.0,否,否
47.67,6,新一线,支付宝,平台券,40,246.02,9,17,0,25-34,肉食,300.0,否,是
37.64,5,一线,云闪付,无,0,188.2,2885,40,1,25-34,肉食,300.0,否,是
35.95,2,新一线,银行卡,会员折扣,18,53.9,84,38,0,45-54,肉食,800.0,是,否
16.25,9,新一线,云闪付,会员折扣,2,144.25,7642,31,1,18-24,蔬菜,1000.0,否,否
35.44,9,新一线,微信,秒杀,18,300.96,87,40,1,18-24,肉食,800.0,是,否
43.49,7,三线,支付宝,会员折扣,4,300.43,2546,32,1,25-34,肉食,800.0,否,是
41.16,2,二线,余额,满减,5,77.32,5475,30,1,18-24,肉食,500.0,否,否
37.99,7,新一线,余额,会员折扣,3,262.93,8759,34,0,45-54,肉食,500.0,否,是
43.53,9,一线,余额,无,0,391.77,7556,50,1,18-24,肉食,1000.0,否,否
26.08,2,三线,支付宝,秒杀,5,47.16,8057,48,1,18-24,肉食,400.0,否,是
16.15,0,一线,支付宝,平台券,0,0.0,37,38,1,45-54,肉食,800.0,否,是
32.9,3,一线,支付宝,秒杀,0,98.7,3673,43,1,45-54,肉食,200.0,否,是
12.08,7,新一线,支付宝,满减,2,82.56,6017,43,0,35-44,肉食,200.0,是,是
39.5,5,新一线,支付宝,秒杀,11,186.5,2249,43,1,35-44,肉食,1000.0,否,否
34.91,2,二线,银行卡,秒杀,19,50.82,1541,25,1,18-24,蔬菜,200.0,否,是
43.9,1,新一线,银行卡,店铺券,3,40.9,9802,15,0,18-24,肉食,1000.0,否,是
15.89,6,一线,支付宝,满减,3,92.34,6017,43,1,35-44,肉食,200.0,是,是
20.26,2,三线,支付宝,满减,2,38.52,8057,48,1,35-44,肉食,400.0,否,是
24.21,4,三线,支付宝,会员折扣,19,77.84,55,24,1,25-34,肉食,200.0,否,否
36.96,2,一线,支付宝,无,0,73.92,2561,38,1,55+,肉食,400.0,是,否
12.5,8,一线,余额,店铺券,6,94.0,77,45,1,35-44,蔬菜,400.0,是,否
13.29,3,新一线,云闪付,店铺券,2,37.87,51,33,0,18-24,主食面汤,400.0,否,否
44.49,8,新一线,云闪付,秒杀,76,279.92,14,42,1,18-24,肉食,200.0,否,是
43.6,0,三线,云闪付,会员折扣,0,0.0,5548,44,1,25-34,肉食,1000.0,否,是
24.46,7,三线,支付宝,满减,7,164.22,61,47,0,25-34,豆制品,400.0,否,是
33.17,10,三线,云闪付,无,0,331.7,42,35,0,25-34,豆制品,500.0,是,是
35.79,3,新一线,银行卡,无,0,107.37,2982,30,1,18-24,肉食,400.0,是,否
24.89,2,新一线,银行卡,店铺券,1,48.78,3097,38,1,18-24,蔬菜,400.0,否,否
21.15,2,一线,支付宝,会员折扣,15,27.3,27,30,1,18-24,肉食,1000.0,是,否
17.31,0,一线,云闪付,会员折扣,0,0.0,3808,37,0,18-24,肉食,300.0,否,否
41.91,6,三线,支付宝,会员折扣,11,240.46,7,34,1,25-34,豆制品,1000.0,是,是
43.8,4,一线,支付宝,会员折扣,11,164.2,1501,41,1,25-34,肉食,1000.0,否,否
41.84,10,三线,余额,会员折扣,0,418.4,6916,43,1,25-34,肉食,1000.0,否,否
17.0,4,新一线,支付宝,满减,0,68.0,3145,44,1,35-44,蔬菜,500.0,否,否
24.05,0,一线,微信,满减,0,0.0,8987,30,0,25-34,豆制品,300.0,否,否
29.45,5,二线,余额,无,0,147.25,48,48,1,18-24,肉食,1000.0,否,是
19.53,2,二线,云闪付,秒杀,4,35.06,5305,39,1,25-34,肉食,500.0,是,否
28.72,6,三线,银行卡,平台券,4,168.32,7985,39,0,45-54,肉食,500.0,否,是
29.49,3,三线,支付宝,会员折扣,42,46.47,20,48,1,25-34,肉食,300.0,是,是
16.83,7,新一线,微信,秒杀,4,113.81,7981,31,0,18-24,蔬菜,1000.0,否,否
11.22,5,一线,支付宝,秒杀,9,47.1,27,30,0,45-54,肉食,1000.0,是,否
34.61,1,三线,银行卡,平台券,4,30.61,6367,47,1,18-24,肉食,800.0,否,是
12.01,6,新一线,余额,秒杀,3,69.06,1789,41,1,18-24,肉食,1000.0,是,是
32.05,1,一线,余额,秒杀,9,23.05,4018,32,0,45-54,肉食,200.0,否,是
43.57,5,一线,微信,平台券,4,213.85,8090,43,1,18-24,蔬菜,500.0,否,否
27.96,5,新一线,微信,会员折扣,10,129.8,7663,39,1,45-54,肉食,500.0,否,是
14.46,4,新一线,支付宝,无,0,57.84,9,17,0,25-34,肉食,300.0,否,是
16.94,8,一线,余额,满减,3,132.52,1379,38,0,35-44,肉食,1000.0,否,是
42.06,5,一线,云闪付,平台券,11,199.3,6843,32,0,45-54,肉食,800.0,否,是
10.77,0,新一线,余额,会员折扣,0,0.0,2897,43,1,25-34,肉食,500.0,是,否
43.07,3,新一线,支付宝,无,0,129.21,3727,38,1,45-54,肉食,800.0,否,否
41.01,2,新一线,支付宝,平台券,6,76.02,6295,49,1,18-24,豆制品,500.0,否,是
47.33,3,一线,支付宝,秒杀,2,139.99,4646,14,1,45-54,肉食,1000.0,否,否
34.46,10,二线,余额,店铺券,20,324.6,4242,46,1,35-44,豆制品,400.0,否,是
34.91,5,一线,微信,会员折扣,1,173.55,8987,30,0,25-34,豆制品,300.0,否,否
23.6,10,新一线,银行卡,会员折扣,3,233.0,5955,31,0,18-24,蔬菜,500.0,否,是
23.74,5,新一线,银行卡,会员折扣,7,111.7,8583,37,1,45-54,豆制品,200.0,是,否
47.42,4,二线,银行卡,秒杀,6,183.68,1235,37,0,25-34,肉食,800.0,是,是
33.81,8,新一线,支付宝,满减,4,266.48,5163,50,1,25-34,肉食,800.0,是,是
30.06,6,一线,云闪付,会员折扣,43,137.36,84,41,1,25-34,主食面汤,300.0,否,是
28.84,2,三线,微信,会员折扣,3,54.68,3938,37,1,25-34,蔬菜,400.0,否,是
40.05,10,三线,支付宝,无,0,400.5,8241,13,0,55+,肉食,300.0,是,否
42.7,8,新一线,余额,满减,1,340.6,2897,43,1,35-44,肉食,500.0,是,否
36.54,3,三线,余额,平台券,22,87.62,5200,45,1,35-44,主食面汤,400.0,否,是
22.56,6,一线,余额,会员折扣,9,126.36,14,35,1,25-34,肉食,500.0,否,否
20.87,3,二线,云闪付,满减,1,61.61,7792,48,0,18-24,肉食,1000.0,否,否
14.8,7,新一线,微信,会员折扣,0,103.6,9000,31,1,18-24,肉食,1000.0,否,是
33.84,0,新一线,支付宝,满减,0,0.0,7079,33,1,18-24,肉食,200.0,否,是
27.35,10,三线,支付宝,会员折扣,10,263.5,8241,13,0,45-54,肉食,300.0,是,否
14.66,6,新一线,支付宝,会员折扣,1,86.96,4646,14,0,25-34,肉食,1000.0,否,否
31.87,9,新一线,余额,无,0,286.83,77,45,1,18-24,蔬菜,400.0,是,否
23.76,9,二线,余额,满减,7,206.84,1379,38,0,55+,肉食,1000.0,否,是
10.43,10,三线,支付宝,满减,7,97.3,90,35,0,25-34,主食面汤,1000.0,否,否
33.07,3,新一线,余额,满减,14,85.21,5200,45,1,25-34,主食面汤,400.0,否,是
18.59,8,新一线,微信,会员折扣,1,147.72,4608,31,0,45-54,肉食,800.0,是,是
33.79,1,三线,支付宝,会员折扣,33,0.79,20,48,1,25-34,肉食,300.0,是,是
49.34,0,新一线,余额,秒杀,0,0.0,8759,34,0,18-24,肉食,500.0,否,是
20.39,1,三线,余额,无,0,20.39,2333,36,0,18-24,肉食,800.0,否,否
48.79,5,一线,银行卡,秒杀,12,231.95,20,46,1,25-34,肉食,400.0,否,否
12.01,9,新一线,支付宝,满减,4,104.09,55,24,1,25-34,肉食,200.0,否,否
28.32,5,一线,微信,平台券,0,141.6,33,13,0,55+,蔬菜,500.0,否,否
19.06,5,新一线,云闪付,会员折扣,11,84.3,8,31,1,25-34,肉食,500.0,否,否
20.11,1,一线,云闪付,店铺券,20,0.11,14,42,1,25-34,肉食,200.0,否,是
42.83,7,新一线,余额,秒杀,6,293.81,8759,34,0,18-24,肉食,500.0,否,是
29.09,10,新一线,支付宝,平台券,2,288.9,1501,41,1,45-54,肉食,1000.0,否,否
18.36,10,一线,余额,满减,2,181.6,7214,32,0,18-24,肉食,600.0,是,是
43.64,2,新一线,银行卡,无,0,87.28,1402,30,1,18-24,肉食,600.0,否,否
31.26,5,一线,云闪付,会员折扣,4,152.3,72,36,0,25-34,主食面汤,200.0,否,否
11.31,5,二线,云闪付,无,0,56.55,48,39,1,25-34,肉食,500.0,否,是
14.65,10,新一线,银行卡,会员折扣,5,141.5,6507,31,1,18-24,蔬菜,500.0,否,否
36.47,1,三线,微信,满减,4,32.47,6237,40,1,18-24,肉食,800.0,否,是
32.03,9,三线,余额,无,0,288.27,3942,32,1,25-34,肉食,1000.0,是,是
26.13,7,新一线,支付宝,会员折扣,14,168.91,55,24,1,55+,肉食,200.0,否,否
24.94,6,一线,银行卡,满减,14,135.64,60,32,1,25-34,肉食,800.0,否,否
24.2,3,二线,微信,秒杀,3,69.6,4608,31,0,25-34,肉食,800.0,是,是
37.03,1,三线,银行卡,平台券,6,31.03,3945,32,0,45-54,肉食,1000.0,是,否
43.09,3,新一线,银行卡,秒杀,76,53.27,20,46,1,35-44,肉食,400.0,否,否
26.77,9,一线,余额,会员折扣,1,239.93,4242,46,1,25-34,豆制品,400.0,否,是
16.73,10,二线,微信,会员折扣,3,164.3,6237,40,1,35-44,肉食,800.0,否,是
45.17,4,新一线,银行卡,秒杀,3,177.68,9441,22,0,45-54,蔬菜,600.0,否,是
30.1,7,一线,支付宝,秒杀,9,201.7,6799,39,0,18-24,豆制品,1000.0,否,否
18.82,7,新一线,支付宝,店铺券,1,130.74,2633,20,1,18-24,蔬菜,200.0,否,否
35.19,8,新一线,余额,会员折扣,3,278.52,9445,42,1,45-54,肉食,800.0,否,是
26.13,2,一线,余额,满减,29,23.26,77,45,1,25-34,蔬菜,400.0,是,否
40.1,9,新一线,云闪付,店铺券,12,348.9,3262,35,0,25-34,主食面汤,200.0,否,否
43.79,0,新一线,余额,满减,0,0.0,9445,42,1,18-24,肉食,800.0,否,是
27.25,8,一线,微信,无,0,218.0,72,48,1,18-24,肉食,1000.0,是,否
20.05,2,新一线,支付宝,平台券,10,30.1,3673,43,1,45-54,肉食,200.0,否,是
20.88,10,三线,微信,无,0,208.8,7981,31,0,45-54,蔬菜,1000.0,否,否
10.26,9,一线,余额,无,0,92.34,77,45,1,18-24,蔬菜,400.0,是,否
25.81,3,三线,银行卡,满减,35,42.43,60,32,0,35-44,肉食,800.0,否,否
11.03,9,新一线,云闪付,无,0,99.27,84,41,1,18-24,主食面汤,300.0,否,是
14.82,9,一线,银行卡,会员折扣,18,115.38,64,45,1,35-44,肉食,800.0,否,否
34.91,8,二线,支付宝,满减,1,278.28,4032,41,1,45-54,主食面汤,800.0,否,是
25.72,4,新一线,余额,满减,1,101.88,8759,34,0,18-24,肉食,500.0,否,是
43.4,2,三线,余额,满减,52,34.8,77,45,1,45-54,蔬菜,400.0,是,否
15.42,6,新一线,银行卡,平台券,12,80.52,25,39,1,45-54,肉食,800.0,是,是
33.53,6,一线,云闪付,满减,15,186.18,6375,37,0,45-54,肉食,600.0,否,否
25.91,8,三线,银行卡,无,0,207.28,7985,39,0,18-24,肉食,500.0,否,是
31.77,3,新一线,云闪付,满减,35,60.31,14,42,0,18-24,肉食,200.0,否,是
21.01,9,三线,云闪付,会员折扣,23,166.09,42,35,0,35-44,豆制品,500.0,是,是
24.99,2,三线,支付宝,会员折扣,3,46.98,6017,43,0,18-24,肉食,200.0,是,是
31.99,7,新一线,微信,会员折扣,2,221.93,8987,30,0,35-44,豆制品,300.0,否,否
42.23,1,新一线,支付宝,秒杀,14,28.23,9165,37,1,18-24,蔬菜,200.0,否,是
28.0,1,新一线,云闪付,无,0,28.0,3262,35,0,18-24,主食面汤,200.0,否,否
44.83,0,三线,银行卡,会员折扣,0,0.0,30,10,0,45-54,蔬菜,300.0,否,否
40.1,7,新一线,支付宝,满减,15,265.7,79,40,1,45-54,肉食,300.0,否,是
23.38,4,新一线,支付宝,秒杀,13,80.52,5323,24,0,25-34,蔬菜,600.0,否,是
31.2,8,三线,余额,会员折扣,2,247.6,5119,33,1,25-34,肉食,600.0,否,否
40.41,4,新一线,支付宝,满减,5,156.64,5468,39,1,55+,肉食,300.0,否,否
16.16,8,二线,云闪付,平台券,5,124.28,6757,36,1,45-54,蔬菜,600.0,否,是
15.97,9,一线,云闪付,满减,23,120.73,84,41,1,25-34,主食面汤,300.0,否,是
36.9,1,新一线,支付宝,无,0,36.9,6017,43,1,18-24,肉食,200.0,是,是
43.04,4,新一线,支付宝,店铺券,19,153.16,20,48,0,25-34,肉食,300.0,是,是
42.97,10,新一线,余额,满减,3,426.7,2935,48,1,18-24,主食面汤,300.0,是,否
16.25,8,新一线,支付宝,会员折扣,1,129.0,20,48,1,55+,肉食,300.0,是,是
13.25,7,新一线,余额,秒杀,2,90.75,2680,37,1,18-24,蔬菜,1000.0,否,否
49.7,5,新一线,支付宝,无,0,248.5,9,17,0,18-24,肉食,300.0,否,是
49.54,5,三线,微信,会员折扣,8,239.7,8090,43,1,25-34,蔬菜,500.0,否,否
49.09,4,新一线,余额,店铺券,9,187.36,7085,44,1,45-54,蔬菜,200.0,否,是
36.38,0,一线,云闪付,会员折扣,0,0.0,3808,37,0,25-34,肉食,300.0,否,否
32.57,10,新一线,支付宝,会员折扣,1,324.7,3392,43,1,35-44,肉食,500.0,是,否
42.74,4,一线,支付宝,店铺券,4,166.96,4646,14,1,25-34,肉食,1000.0,否,否
45.6,5,新一线,银行卡,会员折扣,33,195.0,84,38,0,45-54,肉食,800.0,是,否
33.77,0,一线,支付宝,无,0,0.0,9,17,0,18-24,肉食,300.0,否,是
37.3,9,新一线,余额,满减,2,333.7,8170,48,1,45-54,肉食,1000.0,否,否
33.01,6,新一线,支付宝,满减,4,194.06,6088,44,1,45-54,蔬菜,400.0,否,否
21.04,0,二线,支付宝,满减,0,0.0,6088,44,0,25-34,蔬菜,400.0,否,否
39.88,5,三线,微信,无,0,199.4,33,13,0,25-34,蔬菜,500.0,否,否
18.75,3,三线,支付宝,平台券,1,55.25,3727,38,1,18-24,肉食,800.0,否,否
15.24,4,新一线,银行卡,平台券,21,39.96,84,38,0,18-24,肉食,800.0,是,否
34.24,2,三线,余额,无,0,68.48,48,48,1,35-44,肉食,1000.0,否,是
43.98,0,新一线,微信,店铺券,0,0.0,36,49,1,25-34,蔬菜,400.0,否,否
28.61,3,一线,支付宝,平台券,4,81.83,6295,49,0,25-34,豆制品,500.0,否,是
13.26,1,三线,支付宝,会员折扣,3,10.26,4646,14,0,25-34,肉食,1000.0,否,否
20.34,0,三线,云闪付,店铺券,0,0.0,3262,35,0,18-24,主食面汤,200.0,否,否
35.26,10,三线,余额,满减,5,347.6,2333,36,0,45-54,肉食,800.0,否,否
21.84,9,三线,余额,会员折扣,10,186.56,8327,42,1,45-54,蔬菜,1000.0,是,否
26.26,2,新一线,云闪付,平台券,2,50.52,12,33,0,25-34,蔬菜,400.0,否,是
37.91,5,三线,余额,会员折扣,15,174.55,7556,50,1,25-34,肉食,1000.0,否,否
10.04,8,新一线,微信,满减,1,79.32,8090,43,1,18-24,蔬菜,500.0,否,否
15.38,7,二线,支付宝,满减,2,105.66,9724,41,1,25-34,肉食,400.0,是,是
10.0,0,二线,支付宝,店铺券,0,0.0,1982,31,0,45-54,蔬菜,400.0,是,是
20.18,10,新一线,支付宝,秒杀,3,198.8,9724,41,1,18-24,肉食,400.0,是,是
17.08,5,三线,银行卡,无,0,85.4,1437,50,1,35-44,肉食,200.0,否,是
27.76,10,新一线,支付宝,满减,4,273.6,2561,38,0,18-24,肉食,400.0,是,否
49.82,3,三线,微信,会员折扣,44,105.46,72,48,0,25-34,肉食,1000.0,是,否
23.08,5,新一线,银行卡,会员折扣,1,114.4,6507,31,1,45-54,蔬菜,500.0,否,否
15.13,7,二线,银行卡,会员折扣,3,102.91,3097,38,0,35-44,蔬菜,400.0,否,否
40.14,8,新一线,微信,无,0,321.12,3938,37,1,18-24,蔬菜,400.0,否,是
30.0,9,新一线,银行卡,会员折扣,3,267.0,3706,40,1,18-24,肉食,400.0,否,否
27.72,4,三线,微信,无,0,110.88,7981,31,0,35-44,蔬菜,1000.0,否,否
44.0,4,二线,银行卡,会员折扣,8,168.0,2374,47,1,25-34,蔬菜,400.0,否,否
48.54,3,新一线,银行卡,会员折扣,16,129.62,2374,47,1,18-24,蔬菜,400.0,否,否
13.44,6,新一线,银行卡,秒杀,5,75.64,2374,47,1,18-24,蔬菜,400.0,否,否
12.28,10,新一线,银行卡,会员折扣,0,122.8,2374,47,1,35-44,蔬菜,400.0,否,否
14.22,2,三线,支付宝,秒杀,0,28.44,2263,46,1,25-34,主食面汤,1000.0,否,否
33.42,9,二线,支付宝,会员折扣,19,281.78,2263,46,1,18-24,主食面汤,1000.0,否,否
31.77,1,新一线,银行卡,无,0,31.77,6739,10,0,18-24,肉食,300.0,否,是
19.35,8,新一线,银行卡,秒杀,10,144.8,1759,17,0,35-44,蔬菜,300.0,否,否
42.8,1,新一线,银行卡,无,0,42.8,6739,10,0,18-24,肉食,300.0,否,是
11.66,7,新一线,银行卡,平台券,1,80.62,1759,17,1,18-24,蔬菜,300.0,否,否
45.92,6,新一线,银行卡,秒杀,12,263.52,1759,17,0,18-24,蔬菜,300.0,否,否
24.34,3,三线,银行卡,会员折扣,3,70.02,1759,17,0,18-24,蔬菜,300.0,否,否
12.28,1,新一线,银行卡,平台券,5,7.28,2374,47,1,45-54,蔬菜,400.0,否,否
26.49,5,新一线,云闪付,无,0,132.45,4284,33,0,25-34,肉食,200.0,否,否
47.39,8,一线,余额,会员折扣,6,373.12,5,37,0,25-34,肉食,1000.0,否,是
30.24,9,新一线,银行卡,会员折扣,10,262.16,6739,10,0,45-54,肉食,300.0,否,是
16.48,8,一线,银行卡,会员折扣,5,126.84,2374,47,1,45-54,蔬菜,400.0,否,否
28.07,10,二线,银行卡,会员折扣,11,269.7,2374,47,1,25-34,蔬菜,400.0,否,否
24.19,5,三线,银行卡,满减,1,119.95,2374,47,1,35-44,蔬菜,400.0,否,否
26.03,2,三线,银行卡,无,0,52.06,1759,17,0,25-34,蔬菜,300.0,否,否
25.49,5,新一线,云闪付,无,0,127.45,7081,38,0,18-24,肉食,400.0,是,是
42.55,0,新一线,余额,会员折扣,0,0.0,4094,34,1,55+,肉食,400.0,是,是
33.27,0,新一线,银行卡,会员折扣,0,0.0,7950,43,0,45-54,肉食,800.0,否,否
39.37,5,新一线,银行卡,无,0,196.85,6210,38,0,18-24,肉食,400.0,是,否
18.35,0,三线,微信,无,0,0.0,1803,31,1,35-44,豆制品,300.0,是,是
23.82,2,新一线,支付宝,店铺券,4,43.64,2565,39,0,18-24,肉食,400.0,是,是
27.31,2,一线,支付宝,会员折扣,5,49.62,5267,39,1,25-34,肉食,200.0,是,是
13.22,0,新一线,银行卡,平台券,0,0.0,8945,49,1,25-34,肉食,400.0,否,否
33.46,8,三线,云闪付,无,0,267.68,8867,44,1,35-44,肉食,200.0,否,是
35.2,7,一线,银行卡,满减,1,245.4,3845,33,1,18-24,肉食,800.0,否,是
41.34,0,新一线,余额,平台券,0,0.0,5897,33,1,18-24,肉食,1000.0,是,是
47.64,6,一线,银行卡,会员折扣,4,281.84,3845,33,1,45-54,肉食,800.0,否,是
14.97,3,三线,余额,会员折扣,2,42.91,5897,33,1,18-24,肉食,1000.0,是,是
48.84,8,新一线,支付宝,店铺券,15,375.72,8854,49,0,45-54,肉食,300.0,是,否
11.61,1,二线,支付宝,会员折扣,0,11.61,8854,49,1,35-44,肉食,300.0,是,否
26.22,7,三线,余额,满减,9,174.54,4716,50,1,18-24,肉食,300.0,是,否
33.23,1,一线,余额,会员折扣,2,31.23,4716,50,1,25-34,肉食,300.0,是,否
10.88,6,一线,云闪付,满减,3,62.28,8867,44,1,25-34,肉食,200.0,否,是
13.45,1,三线,银行卡,会员折扣,2,11.45,8945,49,1,18-24,肉食,400.0,否,否
15.29,3,新一线,余额,满减,1,44.87,7976,37,0,45-54,蔬菜,300.0,否,是
12.18,9,新一线,支付宝,满减,5,104.62,9326,33,0,55+,肉食,1000.0,否,否
42.82,2,三线,支付宝,店铺券,2,83.64,9326,33,1,18-24,肉食,1000.0,否,否
48.32,4,一线,支付宝,满减,7,186.28,9326,33,0,18-24,肉食,1000.0,否,否
31.64,8,一线,余额,满减,1,252.12,5897,33,1,25-34,肉食,1000.0,是,是
34.2,1,二线,支付宝,店铺券,6,28.2,8854,49,1,18-24,肉食,300.0,是,否
35.03,10,一线,余额,平台券,5,345.3,4716,50,1,25-34,肉食,300.0,是,否
40.55,10,新一线,余额,满减,11,394.5,4716,50,1,45-54,肉食,300.0,是,否
30.94,5,新一线,云闪付,平台券,16,138.7,8867,44,1,45-54,肉食,200.0,否,是
19.07,9,新一线,余额,店铺券,0,171.63,5897,33,1,45-54,肉食,1000.0,是,是
16.53,10,一线,余额,店铺券,6,159.3,7976,37,0,45-54,蔬菜,300.0,否,是
18.09,1,新一线,支付宝,秒杀,6,12.09,9326,33,1,18-24,肉食,1000.0,否,否
30.47,9,三线,支付宝,秒杀,11,263.23,8854,49,0,18-24,肉食,300.0,是,否
29.33,8,一线,银行卡,会员折扣,5,229.64,3845,33,1,35-44,肉食,800.0,否,是
43.57,5,一线,云闪付,平台券,18,199.85,8867,44,1,35-44,肉食,200.0,否,是
15.81,6,新一线,支付宝,平台券,2,92.86,5267,39,1,45-54,肉食,200.0,是,是
12.85,7,一线,银行卡,无,0,89.95,2265,42,1,45-54,蔬菜,500.0,否,否
17.41,5,三线,银行卡,无,0,87.05,3726,20,1,25-34,肉食,500.0,是,是
14.93,3,三线,余额,会员折扣,0,44.79,5727,31,1,45-54,蔬菜,200.0,否,是
30.74,2,一线,余额,平台券,3,58.48,8782,43,0,18-24,肉食,1000.0,否,否
36.82,4,新一线,云闪付,会员折扣,4,143.28,3727,43,1,18-24,肉食,400.0,否,否
26.43,3,一线,支付宝,会员折扣,10,69.29,8297,36,1,18-24,蔬菜,1000.0,否,是
41.9,8,新一线,银行卡,满减,1,334.2,6726,34,1,25-34,肉食,400.0,否,是
46.9,6,新一线,银行卡,会员折扣,8,273.4,7087,36,0,45-54,蔬菜,1000.0,是,否
24.0,5,新一线,银行卡,满减,3,117.0,7087,36,1,45-54,蔬菜,1000.0,是,否
49.7,9,三线,银行卡,会员折扣,7,440.3,2735,31,1,25-34,肉食,1000.0,否,是
19.63,6,一线,支付宝,满减,3,114.78,7037,30,1,35-44,蔬菜,400.0,否,否
26.39,5,二线,微信,满减,6,125.95,2643,40,1,18-24,主食面汤,200.0,否,否
26.8,0,新一线,微信,店铺券,0,0.0,8989,32,0,45-54,豆制品,300.0,是,是
33.13,6,新一线,支付宝,满减,8,190.78,33,44,1,18-24,肉食,300.0,否,否
43.3,7,新一线,云闪付,满减,12,291.1,7995,40,0,18-24,蔬菜,200.0,是,否
12.38,4,一线,银行卡,满减,1,48.52,8497,38,1,25-34,豆制品,400.0,是,是
25.84,9,二线,余额,店铺券,5,227.56,7388,40,1,45-54,肉食,300.0,否,是
45.18,1,新一线,支付宝,平台券,2,43.18,6359,38,0,18-24,蔬菜,500.0,是,否
26.76,7,新一线,支付宝,店铺券,2,185.32,6721,49,0,45-54,肉食,300.0,否,否
21.53,6,二线,银行卡,会员折扣,0,129.18,4062,39,0,25-34,肉食,300.0,是,是
29.85,9,一线,银行卡,会员折扣,0,268.65,4062,39,0,35-44,肉食,300.0,是,是
10.96,6,新一线,支付宝,会员折扣,5,60.76,88,41,0,18-24,蔬菜,300.0,否,是
32.02,0,新一线,银行卡,满减,0,0.0,8076,19,0,45-54,肉食,800.0,否,否
30.86,8,三线,余额,会员折扣,9,237.88,6610,48,1,25-34,肉食,500.0,否,否
33.08,9,三线,支付宝,会员折扣,37,260.72,88,41,0,18-24,蔬菜,300.0,否,是
32.21,8,二线,云闪付,满减,15,242.68,7995,40,0,35-44,蔬菜,200.0,是,否
33.52,6,三线,银行卡,秒杀,1,200.12,8497,38,1,25-34,豆制品,400.0,是,是
34.62,2,新一线,余额,会员折扣,5,64.24,7388,40,1,25-34,肉食,300.0,否,是
41.95,5,一线,银行卡,秒杀,11,198.75,2374,47,1,45-54,蔬菜,400.0,否,否
16.15,7,三线,支付宝,会员折扣,2,111.05,6359,38,0,18-24,蔬菜,500.0,是,否
28.34,3,新一线,银行卡,满减,1,84.02,7087,36,1,25-34,蔬菜,1000.0,是,否
49.88,5,三线,银行卡,满减,1,248.4,1759,17,0,45-54,蔬菜,300.0,否,否
45.19,9,一线,余额,会员折扣,8,398.71,4716,50,1,35-44,肉食,300.0,是,否
44.36,6,二线,余额,会员折扣,4,262.16,8782,43,0,45-54,肉食,1000.0,否,否
37.0,10,一线,银行卡,秒杀,14,356.0,2374,47,1,45-54,蔬菜,400.0,否,否
40.32,10,三线,云闪付,无,0,403.2,8867,44,1,35-44,肉食,200.0,否,是
47.38,8,一线,余额,无,0,379.04,4716,50,1,35-44,肉食,300.0,是,否
22.14,1,一线,支付宝,满减,1,21.14,2263,46,1,18-24,主食面汤,1000.0,否,否
25.74,8,新一线,支付宝,店铺券,10,195.92,9326,33,1,45-54,肉食,1000.0,否,否
39.17,4,新一线,余额,无,0,156.68,5727,31,1,25-34,蔬菜,200.0,否,是
35.81,4,三线,银行卡,满减,6,137.24,6210,38,0,25-34,肉食,400.0,是,否
19.29,10,二线,余额,会员折扣,8,184.9,7976,37,0,55+,蔬菜,300.0,否,是
40.05,2,一线,余额,满减,18,62.1,4094,34,1,18-24,肉食,400.0,是,是
45.88,4,新一线,银行卡,无,0,183.52,8497,38,1,18-24,豆制品,400.0,是,是
14.8,9,新一线,银行卡,平台券,8,125.2,1759,17,0,35-44,蔬菜,300.0,否,否
15.49,5,一线,银行卡,会员折扣,4,73.45,8945,49,1,25-34,肉食,400.0,否,否
48.1,8,二线,云闪付,满减,5,379.8,7995,40,0,25-34,蔬菜,200.0,是,否
36.49,5,一线,微信,秒杀,9,173.45,1803,31,1,18-24,豆制品,300.0,是,是
15.27,3,新一线,银行卡,会员折扣,2,43.81,7087,36,0,18-24,蔬菜,1000.0,是,否
16.75,3,新一线,云闪付,会员折扣,5,45.25,8867,44,1,18-24,肉食,200.0,否,是
25.34,3,新一线,余额,会员折扣,7,69.02,7388,40,1,45-54,肉食,300.0,否,是
16.73,9,一线,支付宝,会员折扣,20,130.57,33,44,1,25-34,肉食,300.0,否,否
31.96,3,三线,支付宝,满减,4,91.88,2565,39,0,45-54,肉食,400.0,是,是
38.38,2,新一线,支付宝,店铺券,25,51.76,88,41,0,18-24,蔬菜,300.0,否,是
43.55,7,新一线,微信,无,0,304.85,8989,32,0,45-54,豆制品,300.0,是,是
37.88,5,新一线,银行卡,店铺券,6,183.4,6739,10,0,25-34,肉食,300.0,否,是
26.31,7,一线,支付宝,满减,2,182.17,8854,49,0,18-24,肉食,300.0,是,否
35.26,1,新一线,银行卡,无,0,35.26,3845,33,1,18-24,肉食,800.0,否,是
10.43,10,三线,支付宝,无,0,104.3,7037,30,1,18-24,蔬菜,400.0,否,否
27.63,2,新一线,银行卡,无,0,55.26,1759,17,0,25-34,蔬菜,300.0,否,否
15.53,4,新一线,银行卡,无,0,62.12,2374,47,1,18-24,蔬菜,400.0,否,否
49.31,2,二线,云闪付,平台券,19,79.62,8867,44,1,25-34,肉食,200.0,否,是
33.81,2,三线,余额,店铺券,27,40.62,5,37,0,18-24,肉食,1000.0,否,是
42.81,0,新一线,余额,会员折扣,0,0.0,5897,33,1,25-34,肉食,1000.0,是,是
35.95,3,二线,余额,会员折扣,1,106.85,6610,48,1,18-24,肉食,500.0,否,否
28.32,10,一线,支付宝,店铺券,0,283.2,6721,49,0,25-34,肉食,300.0,否,否
40.08,2,新一线,银行卡,会员折扣,5,75.16,2374,47,1,35-44,蔬菜,400.0,否,否
30.51,2,三线,支付宝,会员折扣,7,54.02,9326,33,0,25-34,肉食,1000.0,否,否
22.83,4,一线,银行卡,店铺券,1,90.32,8076,19,0,18-24,肉食,800.0,否,否
33.84,4,三线,银行卡,满减,6,129.36,2735,31,1,25-34,肉食,1000.0,否,是
49.83,9,一线,余额,无,0,448.47,5897,33,1,18-24,肉食,1000.0,是,是
46.6,8,新一线,余额,会员折扣,5,367.8,5897,33,1,45-54,肉食,1000.0,是,是
39.69,2,三线,云闪付,平台券,22,57.38,8867,44,1,45-54,肉食,200.0,否,是
14.77,10,新一线,云闪付,秒杀,0,147.7,4284,33,0,25-34,肉食,200.0,否,否
30.5,4,三线,银行卡,会员折扣,1,121.0,2374,47,1,25-34,蔬菜,400.0,否,否
12.15,5,三线,支付宝,满减,2,58.75,9326,33,1,45-54,肉食,1000.0,否,否
42.1,1,二线,银行卡,秒杀,17,25.1,2374,47,1,25-34,蔬菜,400.0,否,否
30.36,1,新一线,银行卡,会员折扣,7,23.36,8945,49,1,45-54,肉食,400.0,否,否
44.46,7,新一线,银行卡,满减,4,307.22,3845,33,1,45-54,肉食,800.0,否,是
44.64,6,二线,余额,会员折扣,14,253.84,7976,37,0,55+,蔬菜,300.0,否,是
41.12,4,三线,银行卡,满减,10,154.48,6739,10,0,25-34,肉食,300.0,否,是
28.43,4,新一线,支付宝,无,0,113.72,5267,39,1,35-44,肉食,200.0,是,是
13.89,2,二线,银行卡,满减,8,19.78,1759,17,1,45-54,蔬菜,300.0,否,否
38.25,0,三线,支付宝,会员折扣,0,0.0,8854,49,1,45-54,肉食,300.0,是,否
23.82,6,二线,银行卡,秒杀,0,142.92,8497,38,1,35-44,豆制品,400.0,是,是
46.21,5,二线,云闪付,满减,10,221.05,7081,38,0,25-34,肉食,400.0,是,是
48.14,1,一线,银行卡,无,0,48.14,2374,47,1,35-44,蔬菜,400.0,否,否
12.41,4,一线,支付宝,平台券,3,46.64,5267,39,1,55+,肉食,200.0,是,是
14.95,7,三线,银行卡,会员折扣,9,95.65,3726,20,1,45-54,肉食,500.0,是,是
42.85,3,二线,余额,满减,5,123.55,53,32,0,25-34,蔬菜,800.0,是,是
19.88,0,新一线,银行卡,无,0,0.0,4399,35,0,18-24,肉食,600.0,否,是
40.78,10,三线,银行卡,无,0,407.8,4399,35,0,18-24,肉食,600.0,否,是
45.53,6,一线,微信,无,0,273.18,85,33,0,45-54,肉食,800.0,否,是
17.97,7,一线,支付宝,无,0,125.79,1037,45,1,18-24,肉食,800.0,否,否
25.08,2,新一线,支付宝,会员折扣,3,47.16,1037,45,1,25-34,肉食,800.0,否,否
16.4,9,新一线,银行卡,满减,1,146.6,9382,19,0,18-24,豆制品,200.0,是,否
30.13,7,一线,银行卡,无,0,210.91,4399,35,1,25-34,肉食,600.0,否,是
41.86,4,一线,余额,满减,34,133.44,53,32,1,25-34,蔬菜,800.0,是,是
16.23,4,一线,银行卡,平台券,3,61.92,4399,35,1,35-44,肉食,600.0,否,是
26.54,9,新一线,支付宝,无,0,238.86,1037,45,1,45-54,肉食,800.0,否,否
11.59,2,二线,银行卡,会员折扣,0,23.18,9025,35,1,45-54,豆制品,400.0,否,否
48.15,1,三线,银行卡,会员折扣,3,45.15,9092,30,0,25-34,主食面汤,300.0,否,是
15.65,1,新一线,支付宝,会员折扣,9,6.65,6060,39,1,45-54,豆制品,400.0,否,否
23.7,3,新一线,支付宝,满减,2,69.1,6096,36,0,45-54,肉食,800.0,否,否
17.68,4,新一线,支付宝,秒杀,6,64.72,6096,36,1,18-24,肉食,800.0,否,否
46.71,7,新一线,银行卡,会员折扣,16,310.97,9382,19,0,25-34,豆制品,200.0,是,否
23.39,10,三线,银行卡,会员折扣,29,204.9,81,34,0,18-24,蔬菜,300.0,否,否
17.87,9,新一线,微信,满减,8,152.83,52,43,0,45-54,肉食,300.0,否,否
42.96,6,新一线,支付宝,满减,1,256.76,4515,24,1,18-24,豆制品,500.0,否,是
37.6,2,三线,银行卡,平台券,7,68.2,8587,19,0,25-34,肉食,200.0,是,否
22.64,6,新一线,支付宝,秒杀,19,116.84,33,39,0,45-54,蔬菜,800.0,否,否
12.23,0,新一线,余额,会员折扣,0,0.0,5427,25,0,45-54,蔬菜,200.0,是,否
13.22,8,三线,支付宝,会员折扣,1,104.76,33,39,0,25-34,蔬菜,800.0,否,否
15.89,6,二线,云闪付,店铺券,2,93.34,1845,41,0,55+,蔬菜,300.0,否,是
16.47,2,三线,银行卡,会员折扣,5,27.94,8183,42,1,45-54,肉食,400.0,否,是
16.65,3,新一线,支付宝,满减,13,36.95,2,37,0,55+,肉食,600.0,是,否
46.66,9,三线,支付宝,平台券,11,408.94,2,37,0,18-24,肉食,600.0,是,否
23.55,8,三线,微信,会员折扣,5,183.4,9347,30,1,35-44,肉食,200.0,是,否
45.24,8,一线,云闪付,满减,10,351.92,1412,33,1,25-34,蔬菜,300.0,否,是
11.98,2,三线,云闪付,会员折扣,1,22.96,7803,39,0,18-24,肉食,600.0,是,是
19.08,6,一线,云闪付,平台券,3,111.48,1412,33,1,18-24,蔬菜,300.0,否,是
26.95,8,二线,微信,平台券,1,214.6,9347,30,1,25-34,肉食,200.0,是,否
48.46,0,二线,银行卡,无,0,0.0,6317,32,1,25-34,豆制品,1000.0,否,是
24.53,8,新一线,银行卡,会员折扣,3,193.24,6317,32,0,45-54,豆制品,1000.0,否,是
34.93,5,一线,云闪付,无,0,174.65,7803,39,1,55+,肉食,600.0,是,是
12.05,5,二线,银行卡,平台券,1,59.25,5554,35,0,18-24,蔬菜,600.0,否,否
36.95,5,新一线,余额,无,0,184.75,9309,40,1,18-24,肉食,800.0,否,是
29.3,0,新一线,银行卡,平台券,0,0.0,6317,32,1,18-24,豆制品,1000.0,否,是
29.0,4,二线,微信,会员折扣,12,104.0,9347,30,1,18-24,肉食,200.0,是,否
18.24,1,新一线,微信,满减,2,16.24,9347,30,1,25-34,肉食,200.0,是,否
49.09,3,三线,余额,会员折扣,5,142.27,9309,40,1,35-44,肉食,800.0,否,是
36.53,5,三线,银行卡,满减,14,168.65,6317,32,0,18-24,豆制品,1000.0,否,是
32.03,0,新一线,云闪付,无,0,0.0,7803,39,0,25-34,肉食,600.0,是,是
23.67,6,新一线,支付宝,无,0,142.02,2,37,0,25-34,肉食,600.0,是,否
14.78,9,三线,银行卡,无,0,133.02,5554,35,0,18-24,蔬菜,600.0,否,否
27.21,1,新一线,支付宝,会员折扣,1,26.21,5159,45,1,25-34,肉食,400.0,否,否
31.41,4,新一线,支付宝,会员折扣,6,119.64,5159,45,1,55+,肉食,400.0,否,否
27.42,4,一线,支付宝,秒杀,9,100.68,1271,33,1,45-54,肉食,600.0,否,是
48.12,6,二线,支付宝,会员折扣,2,286.72,8579,14,1,45-54,肉食,200.0,否,否
38.77,3,三线,支付宝,店铺券,6,110.31,5159,45,1,18-24,肉食,400.0,否,否
31.1,8,一线,支付宝,会员折扣,5,243.8,5159,45,1,45-54,肉食,400.0,否,否
20.36,3,二线,余额,会员折扣,1,60.08,4552,30,1,18-24,蔬菜,400.0,否,是
31.3,10,一线,支付宝,无,0,313.0,1271,33,1,25-34,肉食,600.0,否,是
16.65,0,三线,银行卡,会员折扣,0,0.0,2973,34,1,35-44,肉食,300.0,否,是
48.79,7,一线,余额,满减,9,332.53,9672,43,1,45-54,豆制品,600.0,否,否
40.49,0,新一线,微信,平台券,0,0.0,7930,35,1,18-24,主食面汤,300.0,否,是
17.68,7,新一线,支付宝,无,0,123.76,6076,34,1,45-54,肉食,400.0,否,否
34.1,10,三线,支付宝,会员折扣,20,321.0,19,33,1,45-54,肉食,200.0,否,否
27.45,6,二线,支付宝,会员折扣,8,156.7,5026,38,0,45-54,肉食,800.0,否,否
27.51,5,三线,云闪付,会员折扣,2,135.55,8169,34,1,18-24,蔬菜,1000.0,是,是
47.31,4,三线,支付宝,满减,1,188.24,47,30,0,18-24,肉食,800.0,是,否
11.47,0,三线,银行卡,平台券,0,0.0,5496,32,1,55+,肉食,400.0,否,是
32.11,0,新一线,微信,无,0,0.0,7850,35,0,25-34,主食面汤,1000.0,否,否
29.34,0,一线,支付宝,满减,0,0.0,3880,34,0,45-54,肉食,500.0,是,是
17.8,5,一线,支付宝,秒杀,2,87.0,6487,42,1,45-54,蔬菜,200.0,是,否
30.2,6,新一线,支付宝,满减,1,180.2,6487,42,1,55+,蔬菜,200.0,是,否
14.72,10,新一线,支付宝,会员折扣,2,145.2,6487,42,1,45-54,蔬菜,200.0,是,否
20.5,9,三线,微信,店铺券,5,179.5,9278,45,1,55+,肉食,500.0,否,是
11.6,8,一线,微信,无,0,92.8,53,50,0,25-34,肉食,800.0,是,否
33.1,6,一线,余额,秒杀,1,197.6,7083,20,1,35-44,肉食,500.0,是,否
32.84,2,新一线,支付宝,会员折扣,2,63.68,3880,34,1,18-24,肉食,500.0,是,是
24.67,7,新一线,支付宝,秒杀,1,171.69,3880,34,1,45-54,肉食,500.0,是,是
48.8,1,二线,微信,满减,37,11.8,53,50,0,25-34,肉食,800.0,是,否
21.28,8,新一线,支付宝,无,0,170.24,6487,42,1,18-24,蔬菜,200.0,是,否
31.86,9,一线,支付宝,无,0,286.74,1271,33,1,45-54,肉食,600.0,否,是
10.64,7,二线,支付宝,店铺券,0,74.48,6487,42,1,25-34,蔬菜,200.0,是,否
33.03,9,新一线,银行卡,会员折扣,9,288.27,4399,35,1,25-34,肉食,600.0,否,是
35.95,9,新一线,微信,无,0,323.55,52,43,0,45-54,肉食,300.0,否,否
45.97,1,一线,云闪付,会员折扣,14,31.97,1412,33,1,35-44,蔬菜,300.0,否,是
18.07,6,新一线,银行卡,会员折扣,6,102.42,6317,32,0,45-54,豆制品,1000.0,否,是
46.35,3,新一线,支付宝,店铺券,53,86.05,33,39,0,18-24,蔬菜,800.0,否,否
40.42,6,新一线,支付宝,会员折扣,17,225.52,2,37,0,18-24,肉食,600.0,是,否
22.04,0,新一线,银行卡,店铺券,0,0.0,9382,19,0,25-34,豆制品,200.0,是,否
18.36,5,一线,支付宝,无,0,91.8,19,33,1,25-34,肉食,200.0,否,否
40.76,3,三线,微信,秒杀,32,90.28,53,50,0,25-34,肉食,800.0,是,否
27.02,5,一线,云闪付,会员折扣,3,132.1,8169,34,1,45-54,蔬菜,1000.0,是,是
13.47,8,三线,支付宝,满减,2,105.76,3880,34,0,18-24,肉食,500.0,是,是
47.42,6,三线,微信,会员折扣,10,274.52,9347,30,1,18-24,肉食,200.0,是,否
21.02,5,一线,支付宝,会员折扣,5,100.1,6096,36,1,55+,肉食,800.0,否,否
23.29,7,一线,微信,会员折扣,9,154.03,9347,30,1,45-54,肉食,200.0,是,否
39.54,8,二线,支付宝,平台券,58,258.32,47,30,0,25-34,肉食,800.0,是,否
49.32,10,新一线,银行卡,会员折扣,10,483.2,6317,32,0,35-44,豆制品,1000.0,否,是
35.71,4,三线,微信,平台券,3,139.84,7850,35,0,25-34,主食面汤,1000.0,否,否
49.06,4,新一线,云闪付,无,0,196.24,1412,33,1,18-24,蔬菜,300.0,否,是
25.09,6,新一线,银行卡,会员折扣,2,148.54,9025,35,1,18-24,豆制品,400.0,否,否
34.33,7,新一线,支付宝,秒杀,11,229.31,6076,34,1,18-24,肉食,400.0,否,否
19.13,6,二线,银行卡,店铺券,2,112.78,5554,35,0,55+,蔬菜,600.0,否,否
12.34,9,新一线,云闪付,会员折扣,1,110.06,7803,39,0,18-24,肉食,600.0,是,是
22.0,10,三线,云闪付,秒杀,4,216.0,1845,41,0,45-54,蔬菜,300.0,否,是
45.37,4,三线,支付宝,平台券,10,171.48,2574,38,1,35-44,蔬菜,200.0,否,是
33.91,1,新一线,银行卡,会员折扣,6,27.91,3974,47,1,45-54,肉食,500.0,否,是
38.04,8,新一线,银行卡,满减,21,283.32,1123,36,0,25-34,肉食,500.0,是,否
26.43,0,新一线,银行卡,会员折扣,0,0.0,9342,49,1,18-24,肉食,400.0,否,否
36.45,4,一线,银行卡,会员折扣,25,120.8,50,50,1,18-24,豆制品,300.0,否,是
26.83,9,三线,银行卡,满减,15,226.47,66,32,1,45-54,肉食,400.0,否,否
44.57,5,新一线,支付宝,会员折扣,7,215.85,4929,44,1,35-44,豆制品,600.0,否,是
29.0,7,新一线,银行卡,满减,5,198.0,1277,37,1,18-24,肉食,300.0,是,否
37.89,5,新一线,银行卡,店铺券,13,176.45,99,42,1,25-34,肉食,600.0,否,否
44.52,0,二线,余额,会员折扣,0,0.0,6796,44,0,18-24,蔬菜,600.0,否,否
26.69,2,三线,云闪付,满减,43,10.38,11,47,1,18-24,肉食,800.0,否,否
32.31,0,三线,支付宝,无,0,0.0,97,34,0,25-34,肉食,500.0,否,是
17.71,0,一线,支付宝,秒杀,0,0.0,2574,38,1,25-34,蔬菜,200.0,否,是
21.91,8,新一线,支付宝,无,0,175.28,2574,38,1,18-24,蔬菜,200.0,否,是
40.98,3,一线,微信,满减,5,117.94,5598,32,1,25-34,蔬菜,200.0,否,否
45.5,9,三线,支付宝,平台券,23,386.5,4929,44,1,25-34,豆制品,600.0,否,是
23.43,3,一线,银行卡,会员折扣,42,28.29,99,42,1,45-54,肉食,600.0,否,否
34.6,7,一线,余额,无,0,242.2,6796,44,0,18-24,蔬菜,600.0,否,否
28.11,1,三线,支付宝,会员折扣,14,14.11,2574,38,1,25-34,蔬菜,200.0,否,是
48.35,5,三线,余额,满减,23,218.75,19,40,0,18-24,肉食,400.0,否,否
15.71,7,新一线,支付宝,满减,7,102.97,4929,44,1,45-54,豆制品,600.0,否,是
26.2,6,二线,银行卡,满减,0,157.2,3974,47,1,18-24,肉食,500.0,否,是
12.2,7,新一线,云闪付,满减,2,83.4,8589,49,1,18-24,蔬菜,800.0,否,否
33.14,6,二线,余额,平台券,22,176.84,82,11,0,35-44,肉食,300.0,否,是
30.42,9,一线,云闪付,会员折扣,6,267.78,8275,37,0,25-34,肉食,1000.0,否,是
13.48,9,新一线,银行卡,秒杀,2,119.32,2156,36,1,25-34,肉食,400.0,否,是
22.13,5,新一线,余额,秒杀,19,91.65,56,25,1,45-54,肉食,600.0,是,否
42.43,10,新一线,余额,平台券,6,418.3,6950,39,0,45-54,豆制品,200.0,否,是
47.93,6,新一线,支付宝,平台券,11,276.58,1844,41,1,45-54,肉食,400.0,是,否
13.65,4,三线,云闪付,无,0,54.6,8589,49,1,45-54,蔬菜,800.0,否,否
48.43,7,一线,余额,无,0,339.01,6796,44,1,25-34,蔬菜,600.0,否,否
20.31,6,新一线,云闪付,无,0,121.86,4804,49,1,18-24,肉食,1000.0,是,否
49.82,7,三线,银行卡,秒杀,15,333.74,1123,36,0,25-34,肉食,500.0,是,否
31.53,8,新一线,支付宝,无,0,252.24,2574,38,1,55+,蔬菜,200.0,否,是
49.1,5,新一线,支付宝,平台券,9,236.5,9995,43,1,25-34,肉食,200.0,否,是
44.13,7,三线,微信,会员折扣,32,276.91,22,40,1,18-24,蔬菜,600.0,否,否
29.93,10,新一线,银行卡,秒杀,6,293.3,5508,32,0,45-54,主食面汤,400.0,否,否
19.09,9,一线,支付宝,店铺券,1,170.81,2574,38,0,45-54,蔬菜,200.0,否,是
30.61,0,三线,余额,无,0,0.0,3339,32,0,18-24,肉食,300.0,是,否
23.88,5,新一线,微信,会员折扣,9,110.4,1823,46,1,18-24,蔬菜,300.0,否,是
30.18,10,新一线,支付宝,店铺券,6,295.8,4929,44,1,45-54,豆制品,600.0,否,是
27.82,0,新一线,云闪付,无,0,0.0,8275,37,1,35-44,肉食,1000.0,否,是
13.7,3,一线,余额,会员折扣,1,40.1,3339,32,0,35-44,肉食,300.0,是,否
45.82,9,二线,银行卡,满减,14,398.38,50,50,1,25-34,豆制品,300.0,否,是
39.46,9,二线,银行卡,秒杀,21,334.14,6706,41,1,18-24,肉食,800.0,否,否
25.45,10,新一线,支付宝,无,0,254.5,7631,39,0,55+,肉食,500.0,否,是
29.64,5,新一线,银行卡,会员折扣,9,139.2,6706,41,0,25-34,肉食,800.0,否,否
49.0,1,新一线,支付宝,无,0,49.0,2574,38,0,35-44,蔬菜,200.0,否,是
49.33,5,三线,云闪付,会员折扣,12,234.65,4804,49,1,25-34,肉食,1000.0,是,否
38.16,0,新一线,支付宝,满减,0,0.0,5235,43,1,18-24,蔬菜,600.0,是,是
18.7,7,三线,支付宝,平台券,4,126.9,5235,43,1,35-44,蔬菜,600.0,是,是
23.35,5,新一线,银行卡,会员折扣,8,108.75,5686,31,0,18-24,蔬菜,500.0,是,否
22.91,3,新一线,银行卡,会员折扣,3,65.73,5686,31,1,25-34,蔬菜,500.0,是,否
47.11,1,新一线,余额,满减,22,25.11,2871,44,1,18-24,肉食,800.0,否,是
44.71,4,新一线,支付宝,平台券,64,114.84,80,23,0,25-34,肉食,300.0,否,否
14.17,3,一线,微信,店铺券,3,39.51,4872,49,1,18-24,肉食,800.0,否,否
15.82,9,三线,银行卡,满减,2,140.38,3432,32,0,35-44,肉食,800.0,否,否
45.09,1,一线,银行卡,无,0,45.09,3432,32,1,55+,肉食,800.0,否,否
35.98,6,新一线,云闪付,店铺券,2,213.88,2243,42,1,18-24,肉食,1000.0,是,是
13.01,0,三线,银行卡,会员折扣,0,0.0,57,37,0,18-24,主食面汤,1000.0,否,否
20.3,4,二线,微信,秒杀,0,81.2,4872,49,1,35-44,肉食,800.0,否,否
25.4,9,一线,银行卡,会员折扣,3,225.6,3432,32,0,18-24,肉食,800.0,否,否
39.44,4,一线,云闪付,无,0,157.76,16,10,0,18-24,肉食,500.0,否,否
49.91,9,三线,银行卡,店铺券,7,442.19,7674,41,1,25-34,肉食,800.0,否,是
10.99,9,新一线,支付宝,满减,1,97.91,5798,32,0,18-24,蔬菜,200.0,否,否
39.01,7,新一线,支付宝,满减,3,270.07,5798,32,1,25-34,蔬菜,200.0,否,否
48.98,10,新一线,余额,会员折扣,9,480.8,7395,49,1,45-54,蔬菜,400.0,否,否
35.89,10,新一线,支付宝,会员折扣,1,357.9,5798,32,1,25-34,蔬菜,200.0,否,否
15.13,0,一线,支付宝,会员折扣,0,0.0,5798,32,1,25-34,蔬菜,200.0,否,否
36.01,5,新一线,银行卡,会员折扣,17,163.05,57,37,0,18-24,主食面汤,1000.0,否,否
27.08,7,新一线,支付宝,满减,1,188.56,5798,32,1,25-34,蔬菜,200.0,否,否
28.76,0,一线,支付宝,秒杀,0,0.0,5798,32,1,18-24,蔬菜,200.0,否,否
47.14,7,三线,银行卡,满减,2,327.98,3432,32,0,25-34,肉食,800.0,否,否
35.64,8,新一线,银行卡,会员折扣,0,285.12,3432,32,1,45-54,肉食,800.0,否,否
31.01,9,三线,支付宝,店铺券,4,275.09,5798,32,1,18-24,蔬菜,200.0,否,否
48.9,5,二线,微信,满减,6,238.5,4872,49,1,25-34,肉食,800.0,否,否
24.21,3,二线,云闪付,会员折扣,1,71.63,2243,42,1,18-24,肉食,1000.0,是,是
27.96,8,一线,银行卡,无,0,223.68,7707,34,1,45-54,肉食,600.0,否,否
19.79,6,二线,支付宝,无,0,118.74,9880,40,1,25-34,肉食,300.0,否,否
32.02,7,二线,银行卡,会员折扣,6,218.14,7707,34,1,25-34,肉食,600.0,否,否
42.78,3,新一线,银行卡,满减,11,117.34,4191,44,1,45-54,蔬菜,500.0,否,是
15.19,4,一线,支付宝,无,0,60.76,5987,33,1,35-44,主食面汤,600.0,否,否
48.51,6,三线,支付宝,无,0,291.06,5987,33,0,18-24,主食面汤,600.0,否,否
41.26,5,一线,支付宝,无,0,206.3,5987,33,1,25-34,主食面汤,600.0,否,否
21.45,7,新一线,支付宝,无,0,150.15,5987,33,1,45-54,主食面汤,600.0,否,否
48.32,0,新一线,支付宝,店铺券,0,0.0,3837,37,0,18-24,肉食,400.0,否,否
30.02,8,新一线,支付宝,无,0,240.16,5987,33,0,18-24,主食面汤,600.0,否,否
35.84,5,新一线,余额,会员折扣,13,166.2,1133,34,0,35-44,肉食,400.0,否,否
19.32,1,新一线,银行卡,会员折扣,3,16.32,66,30,0,18-24,蔬菜,200.0,是,否
40.19,7,一线,微信,无,0,281.33,38,42,1,25-34,肉食,300.0,否,否
24.18,5,二线,云闪付,会员折扣,4,116.9,12,42,1,18-24,蔬菜,400.0,否,是
32.58,7,三线,银行卡,店铺券,13,215.06,66,30,0,18-24,蔬菜,200.0,是,否
20.63,9,新一线,云闪付,秒杀,5,180.67,6120,41,1,35-44,豆制品,800.0,否,是
46.28,0,一线,支付宝,会员折扣,0,0.0,3837,37,0,18-24,肉食,400.0,否,否
28.12,0,新一线,支付宝,秒杀,0,0.0,5987,33,0,18-24,主食面汤,600.0,否,否
47.83,0,二线,支付宝,店铺券,0,0.0,5987,33,1,18-24,主食面汤,600.0,否,否
37.07,1,三线,支付宝,店铺券,0,37.07,5987,33,1,25-34,主食面汤,600.0,否,否
13.72,2,二线,微信,会员折扣,7,20.44,38,42,1,25-34,肉食,300.0,否,否
17.89,8,二线,支付宝,店铺券,3,140.12,5987,33,1,45-54,主食面汤,600.0,否,否
16.67,3,一线,支付宝,无,0,50.01,3837,37,0,18-24,肉食,400.0,否,否
42.86,5,新一线,银行卡,无,0,214.3,3432,32,0,25-34,肉食,800.0,否,否
45.64,10,新一线,银行卡,会员折扣,18,438.4,66,30,0,45-54,蔬菜,200.0,是,否
49.42,9,二线,微信,满减,7,437.78,38,42,1,35-44,肉食,300.0,否,否
37.47,6,二线,微信,无,0,224.82,38,42,1,45-54,肉食,300.0,否,否
20.11,2,新一线,微信,无,0,40.22,4872,49,1,45-54,肉食,800.0,否,否
26.21,10,一线,支付宝,秒杀,7,255.1,5987,33,1,18-24,主食面汤,600.0,否,否
46.38,9,二线,银行卡,无,0,417.42,7707,34,1,45-54,肉食,600.0,否,否
30.12,8,新一线,支付宝,满减,1,239.96,9781,34,1,25-34,肉食,1000.0,否,是
20.87,0,新一线,余额,店铺券,0,0.0,1576,41,1,25-34,肉食,300.0,否,否
49.26,8,一线,微信,无,0,394.08,86,36,0,45-54,肉食,400.0,是,是
26.65,6,新一线,支付宝,满减,4,155.9,4718,37,1,25-34,蔬菜,1000.0,是,是
12.8,8,新一线,余额,平台券,8,94.4,20,48,0,45-54,肉食,200.0,是,否
47.15,3,新一线,银行卡,店铺券,2,139.45,6451,14,0,45-54,肉食,1000.0,否,是
29.87,2,三线,银行卡,会员折扣,3,56.74,3725,41,1,25-34,肉食,500.0,是,否
27.84,2,三线,支付宝,会员折扣,5,50.68,2371,41,1,18-24,肉食,200.0,否,是
49.85,5,新一线,余额,店铺券,58,191.25,20,48,0,45-54,肉食,200.0,是,否
39.44,1,新一线,银行卡,秒杀,18,21.44,9342,49,1,18-24,肉食,400.0,否,否
30.24,10,新一线,余额,无,0,302.4,2871,44,1,18-24,肉食,800.0,否,是
26.27,1,二线,银行卡,店铺券,11,15.27,99,42,1,25-34,肉食,600.0,否,否
26.91,6,二线,支付宝,满减,3,158.46,4515,24,1,25-34,豆制品,500.0,否,是
19.32,7,一线,支付宝,会员折扣,4,131.24,5798,32,1,45-54,蔬菜,200.0,否,否
26.63,10,新一线,银行卡,会员折扣,7,259.3,1277,37,1,18-24,肉食,300.0,是,否
27.92,2,新一线,云闪付,秒杀,0,55.84,7803,39,0,35-44,肉食,600.0,是,是
38.75,10,二线,支付宝,满减,2,385.5,33,44,1,55+,肉食,300.0,否,否
27.87,5,三线,微信,满减,16,123.35,2643,40,1,45-54,主食面汤,200.0,否,否
41.12,2,新一线,银行卡,满减,4,78.24,1759,17,0,18-24,蔬菜,300.0,否,否
36.66,10,三线,余额,满减,13,353.6,7083,20,1,35-44,肉食,500.0,是,否
21.42,6,新一线,支付宝,店铺券,7,121.52,3837,37,0,25-34,肉食,400.0,否,否
14.38,5,新一线,银行卡,平台券,8,63.9,1759,17,0,18-24,蔬菜,300.0,否,否
48.63,4,一线,银行卡,满减,9,185.52,7707,34,1,35-44,肉食,600.0,否,否
19.82,10,三线,余额,会员折扣,0,198.2,3339,32,0,45-54,肉食,300.0,是,否
38.7,4,三线,支付宝,会员折扣,14,140.8,5987,33,1,45-54,主食面汤,600.0,否,否
13.15,5,一线,微信,满减,1,64.75,38,42,1,18-24,肉食,300.0,否,否
19.93,2,二线,支付宝,满减,11,28.86,4929,44,1,45-54,豆制品,600.0,否,是
25.58,10,二线,余额,平台券,12,243.8,82,11,0,45-54,肉食,300.0,否,是
26.45,10,三线,支付宝,会员折扣,23,241.5,2,37,0,35-44,肉食,600.0,是,否
10.79,10,二线,微信,满减,8,99.9,52,43,0,45-54,肉食,300.0,否,否
48.62,10,三线,支付宝,满减,5,481.2,6487,42,1,25-34,蔬菜,200.0,是,否
41.6,5,一线,银行卡,平台券,3,205.0,8497,38,1,18-24,豆制品,400.0,是,是
22.36,8,二线,微信,会员折扣,27,151.88,86,36,0,18-24,肉食,400.0,是,是
45.9,9,新一线,余额,无,0,413.1,6950,39,0,18-24,豆制品,200.0,否,是
43.02,4,新一线,云闪付,会员折扣,12,160.08,1412,33,1,45-54,蔬菜,300.0,否,是
11.99,9,一线,支付宝,满减,2,105.91,9326,33,0,25-34,肉食,1000.0,否,否
15.72,5,新一线,余额,会员折扣,2,76.6,5897,33,1,35-44,肉食,1000.0,是,是
31.68,3,新一线,云闪付,会员折扣,7,88.04,8589,49,1,25-34,蔬菜,800.0,否,否
37.38,2,新一线,余额,满减,0,74.76,6610,48,1,18-24,肉食,500.0,否,否
30.13,7,一线,余额,秒杀,7,203.91,4716,50,1,55+,肉食,300.0,是,否
44.9,6,新一线,余额,无,0,269.4,7976,37,0,45-54,蔬菜,300.0,否,是
16.29,5,新一线,银行卡,会员折扣,29,52.45,99,42,1,25-34,肉食,600.0,否,否
42.71,0,一线,微信,满减,0,0.0,9347,30,1,18-24,肉食,200.0,是,否
26.72,0,三线,银行卡,秒杀,0,0.0,2374,47,1,18-24,蔬菜,400.0,否,否
15.16,5,一线,微信,会员折扣,2,73.8,4872,49,1,18-24,肉食,800.0,否,否
14.05,10,二线,支付宝,满减,2,138.5,5798,32,0,18-24,蔬菜,200.0,否,否
15.07,10,新一线,银行卡,平台券,2,148.7,2973,34,1,45-54,肉食,300.0,否,是
29.72,5,三线,银行卡,无,0,148.6,3974,47,1,18-24,肉食,500.0,否,是
29.61,1,新一线,支付宝,会员折扣,12,17.61,7037,30,1,45-54,蔬菜,400.0,否,否
26.14,6,二线,支付宝,满减,4,152.84,9326,33,1,18-24,肉食,1000.0,否,否
19.53,6,一线,云闪付,无,0,117.18,4284,33,0,18-24,肉食,200.0,否,否
19.55,4,三线,支付宝,会员折扣,2,76.2,2,37,0,35-44,肉食,600.0,是,否
11.41,2,新一线,银行卡,会员折扣,1,21.82,5686,31,0,25-34,蔬菜,500.0,是,否
19.74,6,一线,银行卡,无,0,118.44,3845,33,1,25-34,肉食,800.0,否,是
40.38,0,一线,银行卡,平台券,0,0.0,66,30,0,18-24,蔬菜,200.0,是,否
18.24,2,三线,支付宝,会员折扣,3,33.48,5798,32,1,18-24,蔬菜,200.0,否,否
18.2,1,二线,云闪付,满减,3,15.2,3727,43,1,25-34,肉食,400.0,否,否
44.1,5,新一线,微信,无,0,220.5,85,33,0,45-54,肉食,800.0,否,是
44.98,5,新一线,银行卡,平台券,15,209.9,6739,10,0,18-24,肉食,300.0,否,是
46.24,6,一线,支付宝,满减,0,277.44,1037,45,1,45-54,肉食,800.0,否,否
20.6,10,三线,银行卡,无,0,206.0,8945,49,1,25-34,肉食,400.0,否,否
12.08,10,新一线,支付宝,会员折扣,4,116.8,5987,33,0,18-24,主食面汤,600.0,否,否
10.16,6,新一线,余额,会员折扣,3,57.96,56,25,1,25-34,肉食,600.0,是,否
49.98,0,二线,银行卡,秒杀,0,0.0,3845,33,1,55+,肉食,800.0,否,是
22.0,6,二线,余额,秒杀,2,130.0,5897,33,1,18-24,肉食,1000.0,是,是
16.05,10,三线,支付宝,满减,3,157.5,6359,38,0,18-24,蔬菜,500.0,是,否
21.39,1,二线,银行卡,满减,4,17.39,4399,35,0,18-24,肉食,600.0,否,是
31.59,7,新一线,银行卡,秒杀,11,210.13,8945,49,1,18-24,肉食,400.0,否,否
13.1,2,一线,支付宝,会员折扣,1,25.2,2,37,0,18-24,肉食,600.0,是,否
28.65,10,一线,支付宝,店铺券,5,281.5,9326,33,0,35-44,肉食,1000.0,否,否
33.19,4,三线,微信,无,0,132.76,9347,30,1,45-54,肉食,200.0,是,否
39.73,8,一线,银行卡,秒杀,2,315.84,3845,33,1,25-34,肉食,800.0,否,是
38.93,9,一线,云闪付,满减,2,348.37,8867,44,1,45-54,肉食,200.0,否,是
19.96,8,一线,银行卡,会员折扣,7,152.68,1759,17,1,35-44,蔬菜,300.0,否,否
24.89,5,新一线,微信,无,0,124.45,9347,30,1,18-24,肉食,200.0,是,否
12.11,4,三线,云闪付,无,0,48.44,7081,38,0,55+,肉食,400.0,是,是
12.18,0,新一线,银行卡,无,0,0.0,5554,35,0,25-34,蔬菜,600.0,否,否
32.46,0,二线,银行卡,会员折扣,0,0.0,2374,47,1,18-24,蔬菜,400.0,否,否
16.83,3,三线,支付宝,会员折扣,3,47.49,3880,34,1,18-24,肉食,500.0,是,是
22.75,2,新一线,余额,平台券,1,44.5,9309,40,1,18-24,肉食,800.0,否,是
42.11,1,三线,支付宝,满减,12,30.11,6096,36,1,18-24,肉食,800.0,否,否
15.83,6,三线,银行卡,无,0,94.98,57,37,0,25-34,主食面汤,1000.0,否,否
37.68,8,一线,银行卡,平台券,15,286.44,4399,35,1,35-44,肉食,600.0,否,是
12.9,1,三线,云闪付,会员折扣,4,8.9,4284,33,0,18-24,肉食,200.0,否,否
26.1,6,三线,支付宝,店铺券,12,144.6,2263,46,1,18-24,主食面汤,1000.0,否,否
13.62,8,一线,银行卡,满减,3,105.96,3845,33,1,25-34,肉食,800.0,否,是
12.05,8,新一线,支付宝,秒杀,1,95.4,9781,34,1,25-34,肉食,1000.0,否,是
24.03,9,新一线,银行卡,无,0,216.27,7087,36,1,18-24,蔬菜,1000.0,是,否
40.91,8,新一线,微信,会员折扣,16,311.28,52,43,0,18-24,肉食,300.0,否,否
16.14,1,二线,支付宝,会员折扣,1,15.14,5987,33,1,25-34,主食面汤,600.0,否,否
16.06,8,三线,银行卡,会员折扣,8,120.48,6706,41,1,18-24,肉食,800.0,否,否
38.29,7,三线,支付宝,满减,8,260.03,2574,38,0,25-34,蔬菜,200.0,否,是
14.23,9,三线,银行卡,平台券,0,128.07,2374,47,1,45-54,蔬菜,400.0,否,否
35.13,3,新一线,银行卡,平台券,13,92.39,3432,32,0,45-54,肉食,800.0,否,否
41.23,8,新一线,余额,会员折扣,1,328.84,6796,44,0,25-34,蔬菜,600.0,否,否
25.61,3,一线,微信,满减,29,47.83,38,42,1,25-34,肉食,300.0,否,否
46.45,6,新一线,银行卡,无,0,278.7,2374,47,1,25-34,蔬菜,400.0,否,否
32.16,4,新一线,银行卡,会员折扣,5,123.64,7087,36,1,18-24,蔬菜,1000.0,是,否
46.79,7,一线,支付宝,满减,9,318.53,5235,43,1,35-44,蔬菜,600.0,是,是
34.27,2,二线,银行卡,平台券,3,65.54,7087,36,0,25-34,蔬菜,1000.0,是,否
41.9,9,二线,云闪付,满减,34,343.1,16,10,0,18-24,肉食,500.0,否,否
13.45,7,三线,支付宝,满减,0,94.15,9995,43,1,18-24,肉食,200.0,否,是
23.5,7,一线,银行卡,满减,0,164.5,6210,38,0,18-24,肉食,400.0,是,否
26.01,3,三线,银行卡,会员折扣,1,77.03,1759,17,0,25-34,蔬菜,300.0,否,否
36.54,5,一线,余额,会员折扣,1,181.7,4716,50,1,18-24,肉食,300.0,是,否
43.45,7,新一线,银行卡,满减,0,304.15,3845,33,1,18-24,肉食,800.0,否,是
18.62,6,三线,银行卡,会员折扣,5,106.72,3432,32,1,25-34,肉食,800.0,否,否
13.9,4,一线,银行卡,平台券,3,52.6,8183,42,1,18-24,肉食,400.0,否,是
24.0,1,一线,支付宝,满减,4,20.0,1037,45,1,18-24,肉食,800.0,否,否
38.54,2,三线,余额,会员折扣,7,70.08,7976,37,0,18-24,蔬菜,300.0,否,是
18.3,1,新一线,支付宝,满减,2,16.3,4718,37,1,25-34,蔬菜,1000.0,是,是
27.28,3,新一线,支付宝,店铺券,3,78.84,5159,45,1,18-24,肉食,400.0,否,否
27.71,2,新一线,银行卡,无,0,55.42,50,50,1,18-24,豆制品,300.0,否,是
24.69,8,一线,余额,秒杀,2,195.52,7388,40,1,45-54,肉食,300.0,否,是
30.97,7,新一线,银行卡,无,0,216.79,2374,47,1,25-34,蔬菜,400.0,否,否
33.09,6,三线,云闪付,满减,10,188.54,4804,49,1,25-34,肉食,1000.0,是,否
13.26,7,新一线,支付宝,无,0,92.82,8854,49,0,25-34,肉食,300.0,是,否
38.69,7,一线,微信,无,0,270.83,5598,32,1,18-24,蔬菜,200.0,否,否
26.71,6,新一线,支付宝,秒杀,6,154.26,8297,36,1,25-34,蔬菜,1000.0,否,是
33.85,3,一线,云闪付,店铺券,8,93.55,1412,33,1,25-34,蔬菜,300.0,否,是
28.63,5,一线,支付宝,满减,3,140.15,8854,49,1,35-44,肉食,300.0,是,否
23.53,10,一线,云闪付,无,0,235.3,8867,44,1,18-24,肉食,200.0,否,是
46.49,9,三线,银行卡,店铺券,4,414.41,2156,36,1,18-24,肉食,400.0,否,是
39.65,1,一线,银行卡,店铺券,2,37.65,6317,32,0,25-34,豆制品,1000.0,否,是
31.2,0,一线,云闪付,会员折扣,0,0.0,7995,40,0,55+,蔬菜,200.0,是,否
35.14,3,三线,银行卡,会员折扣,4,101.42,1759,17,0,35-44,蔬菜,300.0,否,否
21.19,0,新一线,银行卡,满减,0,0.0,2265,42,1,45-54,蔬菜,500.0,否,否
26.55,6,新一线,云闪付,会员折扣,2,157.3,2243,42,1,45-54,肉食,1000.0,是,是
44.28,3,新一线,余额,会员折扣,84,48.84,19,40,0,18-24,肉食,400.0,否,否
45.3,7,一线,余额,满减,14,303.1,2114,32,1,25-34,肉食,500.0,否,是
44.26,1,一线,支付宝,秒杀,6,38.26,4856,40,1,25-34,豆制品,600.0,否,是
46.62,8,新一线,银行卡,无,0,372.96,21,36,0,18-24,肉食,200.0,是,是
27.44,4,三线,余额,店铺券,3,106.76,1887,31,0,25-34,肉食,400.0,否,否
40.67,3,新一线,支付宝,平台券,10,112.01,4371,41,1,25-34,肉食,200.0,否,否
33.63,4,三线,支付宝,平台券,32,102.52,9,44,1,18-24,豆制品,300.0,否,否
32.49,0,三线,支付宝,会员折扣,0,0.0,57,44,1,18-24,肉食,600.0,是,否
20.75,1,三线,银行卡,平台券,3,17.75,5411,38,1,25-34,肉食,1000.0,否,否
38.91,4,一线,银行卡,会员折扣,1,154.64,6372,34,0,45-54,蔬菜,400.0,否,否
12.54,8,新一线,银行卡,店铺券,2,98.32,7070,46,1,18-24,肉食,800.0,是,否
46.27,4,三线,微信,平台券,3,182.08,15,31,0,18-24,蔬菜,200.0,否,是
20.61,1,三线,支付宝,秒杀,1,19.61,43,33,0,18-24,豆制品,400.0,是,否
36.32,10,一线,支付宝,会员折扣,5,358.2,8370,10,0,18-24,肉食,400.0,否,是
42.96,0,新一线,余额,秒杀,0,0.0,2114,32,0,35-44,肉食,500.0,否,是
46.99,0,三线,支付宝,平台券,0,0.0,1475,31,0,18-24,肉食,800.0,否,是
48.02,8,一线,银行卡,满减,19,365.16,1435,21,1,18-24,肉食,200.0,否,是
25.34,6,新一线,支付宝,无,0,152.04,6341,38,0,18-24,肉食,1000.0,否,是
26.43,1,二线,支付宝,会员折扣,2,24.43,8792,44,1,45-54,肉食,600.0,否,是
24.87,0,新一线,支付宝,平台券,0,0.0,2497,30,1,18-24,豆制品,500.0,否,是
42.31,0,三线,支付宝,无,0,0.0,2289,42,1,45-54,肉食,300.0,否,是
30.34,2,一线,支付宝,店铺券,16,44.68,4778,32,0,45-54,肉食,1000.0,否,否
19.32,6,二线,支付宝,会员折扣,15,100.92,43,33,0,18-24,豆制品,400.0,是,否
43.66,10,新一线,余额,秒杀,8,428.6,6605,34,1,45-54,蔬菜,1000.0,否,否
28.4,5,一线,余额,满减,7,135.0,2114,32,1,45-54,肉食,500.0,否,是
17.54,7,新一线,余额,无,0,122.78,6964,45,1,18-24,主食面汤,800.0,否,是
13.44,5,一线,云闪付,无,0,67.2,4504,30,1,18-24,肉食,800.0,否,是
30.11,0,三线,银行卡,无,0,0.0,86,37,0,18-24,主食面汤,1000.0,否,是
10.34,6,新一线,支付宝,店铺券,2,60.04,2289,42,1,35-44,肉食,300.0,否,是
37.88,0,新一线,余额,店铺券,0,0.0,64,40,1,25-34,肉食,400.0,是,否
26.81,8,三线,银行卡,店铺券,13,201.48,86,37,1,45-54,主食面汤,1000.0,否,是
13.14,2,三线,余额,满减,5,21.28,2826,32,1,18-24,肉食,300.0,是,是
46.8,8,新一线,银行卡,平台券,55,319.4,86,37,1,45-54,主食面汤,1000.0,否,是
32.76,1,新一线,支付宝,满减,23,9.76,43,33,0,18-24,豆制品,400.0,是,否
47.68,3,三线,支付宝,满减,5,138.04,1475,31,1,18-24,肉食,800.0,否,是
22.07,10,二线,云闪付,平台券,25,195.7,46,41,1,25-34,蔬菜,500.0,是,否
39.96,9,二线,微信,店铺券,10,349.64,3931,43,1,18-24,肉食,400.0,否,否
20.89,0,新一线,支付宝,会员折扣,0,0.0,7007,46,0,18-24,豆制品,300.0,否,否
31.34,8,新一线,支付宝,无,0,250.72,8370,10,0,55+,肉食,400.0,否,是
14.07,4,新一线,银行卡,会员折扣,13,43.28,3,33,0,35-44,主食面汤,200.0,是,否
42.31,5,新一线,银行卡,满减,4,207.55,6719,31,1,25-34,豆制品,400.0,是,否
32.23,6,新一线,银行卡,平台券,4,189.38,7070,46,1,25-34,肉食,800.0,是,否
13.42,8,三线,支付宝,满减,1,106.36,1475,31,1,25-34,肉食,800.0,否,是
41.77,6,三线,支付宝,会员折扣,19,231.62,9,44,1,18-24,豆制品,300.0,否,否
37.43,2,新一线,支付宝,无,0,74.86,8669,34,1,35-44,豆制品,200.0,是,否
22.82,2,一线,银行卡,会员折扣,0,45.64,7070,46,0,18-24,肉食,800.0,是,否
23.87,8,新一线,支付宝,满减,33,157.96,25,40,1,18-24,肉食,500.0,否,否
23.28,6,新一线,支付宝,平台券,23,116.68,9,44,1,35-44,豆制品,300.0,否,否
42.31,3,新一线,银行卡,无,0,126.93,3855,38,1,25-34,蔬菜,800.0,否,是
10.64,9,新一线,支付宝,会员折扣,4,91.76,14,33,0,18-24,肉食,1000.0,否,否
24.91,1,一线,支付宝,店铺券,12,12.91,9,44,1,55+,豆制品,300.0,否,否
25.16,8,三线,支付宝,秒杀,1,200.28,2289,42,1,25-34,肉食,300.0,否,是
36.46,7,新一线,支付宝,满减,4,251.22,2982,38,0,25-34,肉食,1000.0,否,否
46.13,4,新一线,支付宝,会员折扣,4,180.52,6173,30,0,25-34,肉食,800.0,否,否
13.57,0,一线,支付宝,无,0,0.0,2166,37,1,45-54,肉食,500.0,否,否
13.02,9,新一线,支付宝,平台券,1,116.18,1752,31,1,25-34,肉食,200.0,否,否
27.11,4,新一线,支付宝,店铺券,4,104.44,8669,34,0,35-44,豆制品,200.0,是,否
13.59,7,新一线,银行卡,会员折扣,1,94.13,21,36,1,18-24,肉食,200.0,是,是
47.34,3,新一线,支付宝,满减,2,140.02,4856,40,1,55+,豆制品,600.0,否,是
32.89,1,新一线,云闪付,店铺券,18,14.89,6002,43,1,35-44,肉食,800.0,否,是
21.47,2,三线,银行卡,会员折扣,17,25.94,21,36,1,45-54,肉食,200.0,是,是
41.71,0,新一线,银行卡,平台券,0,0.0,6610,46,1,18-24,蔬菜,300.0,否,否
21.49,3,一线,银行卡,平台券,2,62.47,1949,43,1,45-54,蔬菜,500.0,否,是
44.99,8,新一线,银行卡,秒杀,5,354.92,6512,44,0,55+,肉食,400.0,否,否
47.55,9,一线,支付宝,秒杀,3,424.95,1475,31,0,25-34,肉食,800.0,否,是
22.68,6,一线,余额,会员折扣,26,110.08,28,35,0,25-34,肉食,800.0,否,是
13.92,6,三线,银行卡,满减,0,83.52,4527,36,0,18-24,肉食,1000.0,是,否
39.58,9,一线,余额,会员折扣,3,353.22,1887,31,1,45-54,肉食,400.0,否,否
22.66,0,二线,银行卡,满减,0,0.0,7070,46,1,25-34,肉食,800.0,是,否
12.08,0,三线,支付宝,无,0,0.0,71,35,0,45-54,蔬菜,600.0,否,否
41.82,1,三线,余额,会员折扣,3,38.82,6379,30,1,18-24,蔬菜,200.0,否,否
42.44,3,一线,余额,会员折扣,1,126.32,2114,32,1,25-34,肉食,500.0,否,是
46.16,1,新一线,云闪付,无,0,46.16,9189,44,1,18-24,主食面汤,400.0,否,是
14.85,4,三线,余额,满减,7,52.4,8989,31,0,18-24,肉食,600.0,否,是
19.07,4,新一线,云闪付,会员折扣,10,66.28,1647,43,1,35-44,肉食,800.0,否,是
46.36,4,一线,余额,满减,23,162.44,2,46,1,18-24,蔬菜,500.0,否,否
13.11,8,一线,支付宝,满减,8,96.88,14,33,0,25-34,肉食,1000.0,否,否
31.29,2,新一线,支付宝,会员折扣,2,60.58,1475,31,1,18-24,肉食,800.0,否,是
22.13,5,一线,云闪付,店铺券,8,102.65,6002,43,1,18-24,肉食,800.0,否,是
13.32,8,新一线,支付宝,无,0,106.56,7722,35,0,35-44,肉食,400.0,否,是
34.8,10,新一线,支付宝,无,0,348.0,77,35,0,18-24,豆制品,400.0,否,否
27.39,9,三线,支付宝,无,0,246.51,8807,42,1,35-44,主食面汤,500.0,是,是
22.87,6,新一线,银行卡,平台券,10,127.22,5315,50,1,35-44,肉食,800.0,是,否
28.42,2,新一线,支付宝,会员折扣,3,53.84,9743,37,0,55+,肉食,1000.0,否,否
22.8,5,三线,余额,平台券,13,101.0,1205,34,1,25-34,肉食,200.0,是,否
19.19,3,新一线,银行卡,满减,9,48.57,86,37,1,18-24,主食面汤,1000.0,否,是
11.51,4,三线,银行卡,平台券,1,45.04,8677,37,1,25-34,肉食,800.0,是,否
12.09,0,新一线,银行卡,无,0,0.0,7070,46,1,18-24,肉食,800.0,是,否
19.24,9,二线,支付宝,无,0,173.16,9,44,1,55+,豆制品,300.0,否,否
44.06,5,三线,余额,会员折扣,47,173.3,32,39,0,18-24,豆制品,500.0,否,否
49.11,10,新一线,余额,无,0,491.1,90,35,0,25-34,肉食,400.0,否,是
18.02,8,三线,余额,无,0,144.16,6605,34,1,45-54,蔬菜,1000.0,否,否
18.61,8,新一线,支付宝,满减,1,147.88,8807,42,1,18-24,主食面汤,500.0,是,是
26.48,3,一线,微信,满减,9,70.44,7662,44,0,45-54,肉食,200.0,否,否
47.38,9,一线,支付宝,满减,6,420.42,2982,38,0,25-34,肉食,1000.0,否,否
18.41,3,一线,支付宝,无,0,55.23,2289,42,1,45-54,肉食,300.0,否,是
13.74,1,三线,支付宝,满减,7,6.74,77,35,0,25-34,豆制品,400.0,否,否
29.01,6,新一线,支付宝,秒杀,8,166.06,8657,22,0,25-34,肉食,300.0,否,否
22.69,6,新一线,支付宝,秒杀,8,128.14,57,44,1,25-34,肉食,600.0,是,否
29.92,0,三线,支付宝,秒杀,0,0.0,9,44,1,18-24,豆制品,300.0,否,否
15.46,9,一线,支付宝,无,0,139.14,4079,37,0,18-24,肉食,300.0,否,是
31.63,7,三线,支付宝,无,0,221.41,2289,42,1,18-24,肉食,300.0,否,是
38.11,7,三线,支付宝,会员折扣,20,246.77,8657,22,0,18-24,肉食,300.0,否,否
35.68,7,一线,微信,店铺券,24,225.76,15,31,0,35-44,蔬菜,200.0,否,是
21.93,0,三线,云闪付,店铺券,0,0.0,9189,44,1,18-24,主食面汤,400.0,否,是
15.06,10,新一线,银行卡,无,0,150.6,4029,37,1,45-54,主食面汤,1000.0,否,是
43.7,1,二线,支付宝,会员折扣,33,10.7,14,33,0,45-54,肉食,1000.0,否,否
31.86,3,三线,云闪付,平台券,5,90.58,60,40,1,18-24,蔬菜,200.0,否,是
43.4,3,三线,微信,秒杀,15,115.2,1606,40,0,18-24,肉食,400.0,是,是
43.7,7,一线,支付宝,满减,3,302.9,2982,38,1,25-34,肉食,1000.0,否,否
28.83,7,一线,支付宝,满减,5,196.81,3238,41,1,18-24,蔬菜,400.0,否,否
47.88,1,一线,支付宝,会员折扣,1,46.88,2289,42,1,45-54,肉食,300.0,否,是
19.63,1,新一线,支付宝,满减,11,8.63,71,35,0,45-54,蔬菜,600.0,否,否
47.14,1,三线,支付宝,无,0,47.14,1985,33,1,18-24,肉食,400.0,否,是
33.19,3,二线,银行卡,秒杀,6,93.57,4527,36,0,18-24,肉食,1000.0,是,否
36.68,2,三线,支付宝,满减,12,61.36,3995,38,1,45-54,肉食,800.0,否,否
23.82,1,新一线,银行卡,店铺券,7,16.82,9993,36,0,25-34,豆制品,800.0,否,是
34.86,5,一线,微信,无,0,174.3,9233,35,0,35-44,肉食,500.0,否,否
17.47,7,一线,支付宝,平台券,2,120.29,7007,46,1,25-34,豆制品,300.0,否,否
40.67,4,二线,支付宝,会员折扣,4,158.68,1752,31,1,25-34,肉食,200.0,否,否
24.03,9,新一线,支付宝,满减,4,212.27,2289,42,1,45-54,肉食,300.0,否,是
31.34,3,新一线,银行卡,秒杀,3,91.02,3149,50,1,45-54,肉食,800.0,否,是
19.65,10,三线,余额,会员折扣,4,192.5,3189,32,1,35-44,蔬菜,600.0,否,否
39.91,1,新一线,支付宝,会员折扣,39,0.91,57,44,1,18-24,肉食,600.0,是,否
48.38,9,三线,支付宝,会员折扣,5,430.42,7532,42,1,35-44,肉食,600.0,否,是
33.47,8,三线,银行卡,无,0,267.76,6677,39,1,25-34,肉食,300.0,否,否
25.79,10,一线,云闪付,会员折扣,13,244.9,56,33,1,45-54,肉食,500.0,是,否
10.81,4,一线,银行卡,会员折扣,6,37.24,3855,38,1,25-34,蔬菜,800.0,否,是
46.43,4,三线,银行卡,秒杀,2,183.72,3360,50,1,18-24,肉食,300.0,否,是
47.73,10,新一线,支付宝,秒杀,2,475.3,8792,44,1,45-54,肉食,600.0,否,是
12.98,5,一线,云闪付,会员折扣,2,62.9,8987,38,1,25-34,蔬菜,1000.0,是,是
32.96,10,新一线,支付宝,满减,2,327.6,9378,48,1,18-24,肉食,300.0,是,是
32.27,4,新一线,银行卡,满减,5,124.08,9285,47,1,45-54,肉食,600.0,否,否
36.16,10,二线,支付宝,平台券,6,355.6,1475,31,1,35-44,肉食,800.0,否,是
13.43,4,新一线,微信,会员折扣,8,45.72,8957,40,1,35-44,肉食,600.0,否,否
15.08,4,一线,银行卡,无,0,60.32,5408,38,1,45-54,肉食,300.0,否,否
43.42,4,一线,余额,会员折扣,6,167.68,1824,39,1,45-54,肉食,500.0,否,是
19.47,3,三线,支付宝,无,0,58.41,3238,41,1,25-34,蔬菜,400.0,否,否
18.06,2,二线,支付宝,店铺券,3,33.12,9743,37,0,25-34,肉食,1000.0,否,否
46.32,7,三线,支付宝,平台券,26,298.24,14,33,0,18-24,肉食,1000.0,否,否
37.7,4,三线,银行卡,满减,12,138.8,5315,50,1,25-34,肉食,800.0,是,否
14.9,10,三线,支付宝,无,0,149.0,8370,10,0,18-24,肉食,400.0,否,是
26.4,4,新一线,微信,店铺券,8,97.6,2278,40,1,18-24,主食面汤,800.0,否,是
22.98,9,一线,支付宝,无,0,206.82,5659,39,1,45-54,肉食,400.0,否,是
36.76,4,新一线,支付宝,秒杀,6,141.04,1475,31,0,18-24,肉食,800.0,否,是
15.3,4,新一线,支付宝,店铺券,9,52.2,8657,22,1,25-34,肉食,300.0,否,否
27.72,8,一线,余额,会员折扣,2,219.76,3189,32,1,18-24,蔬菜,600.0,否,否
40.8,8,新一线,支付宝,满减,12,314.4,4778,32,0,25-34,肉食,1000.0,否,否
35.17,10,二线,支付宝,会员折扣,4,347.7,2289,42,1,25-34,肉食,300.0,否,是
28.33,6,新一线,银行卡,无,0,169.98,21,36,0,25-34,肉食,200.0,是,是
39.99,3,二线,微信,秒杀,3,116.97,6399,10,0,35-44,肉食,300.0,否,否
13.87,0,新一线,余额,会员折扣,0,0.0,8608,46,1,18-24,肉食,800.0,是,否
19.34,1,一线,云闪付,会员折扣,11,8.34,6002,43,1,55+,肉食,800.0,否,是
25.2,10,二线,银行卡,店铺券,40,212.0,21,36,1,45-54,肉食,200.0,是,是
42.51,10,一线,余额,会员折扣,1,424.1,5907,40,1,45-54,肉食,300.0,否,否
31.67,3,新一线,支付宝,会员折扣,21,74.01,9,44,1,18-24,豆制品,300.0,否,否
47.3,5,新一线,银行卡,无,0,236.5,6512,44,1,18-24,肉食,400.0,否,否
47.89,0,一线,支付宝,秒杀,0,0.0,2982,38,0,18-24,肉食,1000.0,否,否
15.42,1,一线,银行卡,无,0,15.42,7070,46,1,18-24,肉食,800.0,是,否
14.5,1,三线,支付宝,会员折扣,2,12.5,6675,37,1,45-54,豆制品,300.0,否,否
26.27,4,三线,余额,平台券,7,98.08,1205,34,1,35-44,肉食,200.0,是,否
41.79,3,新一线,余额,店铺券,14,111.37,7967,49,0,18-24,肉食,600.0,否,否
30.36,4,二线,支付宝,满减,4,117.44,9,44,1,18-24,豆制品,300.0,否,否
19.79,2,新一线,微信,满减,4,35.58,2037,23,1,45-54,豆制品,300.0,否,否
15.26,1,一线,支付宝,店铺券,6,9.26,2503,30,0,18-24,主食面汤,800.0,否,是
44.37,3,二线,余额,会员折扣,10,123.11,1992,47,1,45-54,豆制品,1000.0,是,否
11.84,10,新一线,余额,满减,2,116.4,2058,32,0,55+,蔬菜,200.0,否,是
31.76,1,新一线,支付宝,无,0,31.76,71,35,0,18-24,蔬菜,600.0,否,否
11.88,5,一线,云闪付,会员折扣,1,58.4,6816,43,0,18-24,豆制品,500.0,否,是
16.52,4,新一线,余额,无,0,66.08,8054,11,0,18-24,肉食,800.0,否,否
11.76,0,二线,余额,秒杀,0,0.0,1992,47,1,35-44,豆制品,1000.0,是,否
17.62,3,新一线,银行卡,店铺券,1,51.86,1949,43,1,45-54,蔬菜,500.0,否,是
27.21,9,新一线,银行卡,平台券,4,240.89,5315,50,1,25-34,肉食,800.0,是,否
22.06,5,一线,微信,平台券,2,108.3,8487,39,0,25-34,蔬菜,800.0,否,否
29.71,1,新一线,银行卡,店铺券,10,19.71,3608,42,1,45-54,主食面汤,800.0,否,否
16.43,5,一线,支付宝,店铺券,13,69.15,14,33,0,25-34,肉食,1000.0,否,否
46.55,2,新一线,支付宝,满减,1,92.1,8669,34,0,45-54,豆制品,200.0,是,否
48.67,3,新一线,余额,会员折扣,11,135.01,2114,32,0,25-34,肉食,500.0,否,是
22.13,4,三线,微信,无,0,88.52,3931,43,1,55+,肉食,400.0,否,否
12.66,6,二线,余额,无,0,75.96,8214,33,0,45-54,豆制品,1000.0,是,否
11.57,5,一线,支付宝,店铺券,8,49.85,14,33,0,18-24,肉食,1000.0,否,否
32.94,9,三线,余额,秒杀,2,294.46,5907,40,1,35-44,肉食,300.0,否,否
47.69,3,一线,余额,无,0,143.07,5907,40,1,18-24,肉食,300.0,否,否
36.17,2,三线,云闪付,会员折扣,4,68.34,3437,25,0,45-54,豆制品,600.0,是,是
31.34,0,三线,支付宝,店铺券,0,0.0,8807,42,1,25-34,主食面汤,500.0,是,是
25.85,6,三线,云闪付,店铺券,11,144.1,6002,43,0,45-54,肉食,800.0,否,是
38.27,6,一线,余额,平台券,10,219.62,7164,46,1,45-54,肉食,400.0,否,否
40.42,3,三线,支付宝,店铺券,3,118.26,8807,42,1,25-34,主食面汤,500.0,是,是
47.83,8,三线,余额,秒杀,7,375.64,2882,42,1,18-24,蔬菜,500.0,是,否
17.88,3,一线,银行卡,会员折扣,6,47.64,6677,39,1,25-34,肉食,300.0,否,否
31.62,1,三线,余额,无,0,31.62,6964,45,1,35-44,主食面汤,800.0,否,是
29.73,1,新一线,银行卡,秒杀,4,25.73,1949,43,1,25-34,蔬菜,500.0,否,是
17.56,7,新一线,云闪付,满减,5,117.92,7237,40,1,18-24,主食面汤,400.0,否,否
49.03,10,新一线,云闪付,会员折扣,5,485.3,2774,38,0,35-44,蔬菜,600.0,否,否
42.41,1,新一线,余额,店铺券,42,0.41,32,39,1,25-34,豆制品,500.0,否,否
45.8,7,新一线,支付宝,店铺券,6,314.6,1475,31,0,45-54,肉食,800.0,否,是
37.62,3,三线,支付宝,平台券,6,106.86,2982,38,0,45-54,肉食,1000.0,否,否
22.19,8,二线,余额,会员折扣,2,175.52,2058,32,0,45-54,蔬菜,200.0,否,是
17.27,1,三线,支付宝,会员折扣,11,6.27,9,44,1,18-24,豆制品,300.0,否,否
25.62,5,一线,银行卡,会员折扣,12,116.1,86,37,1,18-24,主食面汤,1000.0,否,是
28.77,3,新一线,支付宝,无,0,86.31,2982,38,1,25-34,肉食,1000.0,否,否
24.71,7,一线,支付宝,会员折扣,0,172.97,8657,22,1,18-24,肉食,300.0,否,否
28.4,4,三线,余额,满减,11,102.6,7164,46,1,25-34,肉食,400.0,否,否
17.74,1,一线,支付宝,满减,4,13.74,8168,50,1,18-24,主食面汤,300.0,是,是
35.79,8,一线,余额,无,0,286.32,2058,32,0,45-54,蔬菜,200.0,否,是
32.3,6,三线,支付宝,满减,6,187.8,57,44,1,25-34,肉食,600.0,是,否
27.49,1,一线,支付宝,无,0,27.49,7722,35,0,18-24,肉食,400.0,否,是
34.16,9,一线,微信,满减,1,306.44,8487,39,1,18-24,蔬菜,800.0,否,否
29.18,2,新一线,支付宝,店铺券,1,57.36,9743,37,1,18-24,肉食,1000.0,否,否
24.73,5,新一线,支付宝,满减,1,122.65,3995,38,0,25-34,肉食,800.0,否,否
36.03,0,新一线,支付宝,满减,0,0.0,3238,41,1,18-24,蔬菜,400.0,否,否
11.53,3,新一线,支付宝,满减,6,28.59,9,44,1,25-34,豆制品,300.0,否,否
26.84,5,新一线,银行卡,秒杀,5,129.2,6677,39,1,18-24,肉食,300.0,否,否
42.3,10,二线,支付宝,无,0,423.0,6341,38,0,25-34,肉食,1000.0,否,是
44.44,4,二线,银行卡,店铺券,12,165.76,17,14,0,45-54,豆制品,800.0,否,是
18.51,7,三线,支付宝,会员折扣,5,124.57,6341,38,0,18-24,肉食,1000.0,否,是
15.19,5,新一线,支付宝,满减,1,74.95,1985,33,1,18-24,肉食,400.0,否,是
47.86,3,新一线,支付宝,平台券,13,130.58,8168,50,1,45-54,主食面汤,300.0,是,是
47.22,0,新一线,银行卡,无,0,0.0,1949,43,1,18-24,蔬菜,500.0,否,是
43.48,8,一线,余额,会员折扣,1,346.84,5907,40,1,45-54,肉食,300.0,否,否
49.82,1,一线,云闪付,会员折扣,8,41.82,4504,30,1,18-24,肉食,800.0,否,是
14.51,3,新一线,余额,满减,9,34.53,32,39,1,18-24,豆制品,500.0,否,否
34.38,1,新一线,余额,无,0,34.38,2114,32,1,35-44,肉食,500.0,否,是
21.41,10,新一线,微信,秒杀,6,208.1,6399,10,0,18-24,肉食,300.0,否,否
41.48,9,一线,银行卡,会员折扣,8,365.32,1676,49,1,25-34,肉食,400.0,否,否
30.23,6,三线,云闪付,无,0,181.38,6749,43,1,45-54,肉食,800.0,否,是
31.9,3,新一线,微信,平台券,12,83.7,6399,10,0,45-54,肉食,300.0,否,否
35.62,6,二线,支付宝,店铺券,50,163.72,25,40,1,25-34,肉食,500.0,否,否
14.77,8,二线,支付宝,会员折扣,8,110.16,57,44,1,45-54,肉食,600.0,是,否
49.57,9,一线,支付宝,会员折扣,10,436.13,8669,34,1,45-54,豆制品,200.0,是,否
30.32,5,新一线,支付宝,满减,1,150.6,2982,38,1,18-24,肉食,1000.0,否,否
36.55,1,新一线,银行卡,秒杀,14,22.55,5924,49,1,45-54,肉食,300.0,否,否
38.82,8,三线,支付宝,会员折扣,5,305.56,57,44,1,18-24,肉食,600.0,是,否
12.21,10,新一线,支付宝,会员折扣,4,118.1,9378,48,1,25-34,肉食,300.0,是,是
10.33,5,一线,支付宝,无,0,51.65,2289,42,1,35-44,肉食,300.0,否,是
36.87,0,新一线,银行卡,无,0,0.0,5946,46,1,25-34,肉食,600.0,否,是
39.23,1,新一线,支付宝,满减,4,35.23,8807,42,1,35-44,主食面汤,500.0,是,是
22.81,8,三线,云闪付,平台券,0,182.48,5342,44,1,35-44,蔬菜,800.0,否,否
36.81,10,二线,支付宝,秒杀,3,365.1,7532,42,1,18-24,肉食,600.0,否,是
39.78,9,二线,余额,平台券,13,345.02,8989,31,1,25-34,肉食,600.0,否,是
48.85,4,一线,支付宝,无,0,195.4,4420,40,1,18-24,肉食,500.0,否,是
44.44,5,新一线,支付宝,会员折扣,1,221.2,8657,22,1,25-34,肉食,300.0,否,否
16.29,6,一线,银行卡,无,0,97.74,3855,38,0,25-34,蔬菜,800.0,否,是
37.62,1,新一线,支付宝,店铺券,15,22.62,2503,30,0,18-24,主食面汤,800.0,否,是
36.02,9,二线,支付宝,满减,24,300.18,57,44,1,45-54,肉食,600.0,是,否
49.34,2,新一线,银行卡,满减,6,92.68,7070,46,1,35-44,肉食,800.0,是,否
10.96,9,三线,云闪付,平台券,4,94.64,2698,34,0,45-54,肉食,800.0,否,否
20.51,4,三线,银行卡,秒杀,1,81.04,5315,50,1,35-44,肉食,800.0,是,否
18.01,10,新一线,支付宝,店铺券,5,175.1,9793,39,1,25-34,肉食,1000.0,否,否
42.49,2,新一线,支付宝,无,0,84.98,4856,40,1,25-34,豆制品,600.0,否,是
40.1,2,新一线,银行卡,会员折扣,2,78.2,9285,47,1,35-44,肉食,600.0,否,否
36.78,8,二线,支付宝,无,0,294.24,77,35,0,25-34,豆制品,400.0,否,否
44.84,1,一线,支付宝,满减,5,39.84,2289,42,1,18-24,肉食,300.0,否,是
40.79,5,三线,银行卡,店铺券,0,203.95,7070,46,0,25-34,肉食,800.0,是,否
33.12,4,一线,余额,无,0,132.48,4104,47,1,25-34,肉食,600.0,否,否
29.3,4,新一线,支付宝,平台券,2,115.2,9701,13,0,45-54,蔬菜,1000.0,是,否
12.89,0,一线,支付宝,会员折扣,0,0.0,37,42,1,35-44,蔬菜,600.0,否,否
47.44,7,新一线,银行卡,会员折扣,5,327.08,86,37,0,25-34,主食面汤,1000.0,否,是
21.09,5,三线,支付宝,无,0,105.45,21,40,1,18-24,主食面汤,300.0,否,是
40.03,5,二线,支付宝,秒杀,2,198.15,3444,39,1,18-24,肉食,600.0,否,否
11.97,10,新一线,银行卡,秒杀,3,116.7,6915,33,1,45-54,蔬菜,500.0,否,是
46.89,5,二线,微信,会员折扣,6,228.45,7984,17,0,18-24,豆制品,800.0,是,否
10.21,9,新一线,银行卡,无,0,91.89,75,44,1,25-34,肉食,300.0,否,否
15.65,5,一线,支付宝,会员折扣,6,72.25,5674,34,0,18-24,肉食,600.0,是,是
36.61,5,三线,支付宝,秒杀,7,176.05,3588,36,1,18-24,肉食,300.0,是,是
13.15,5,一线,支付宝,会员折扣,2,63.75,9832,45,1,25-34,主食面汤,300.0,是,否
39.44,8,二线,支付宝,店铺券,32,283.52,76,40,1,18-24,肉食,800.0,是,否
22.05,8,一线,银行卡,满减,11,165.4,6915,33,1,25-34,蔬菜,500.0,否,是
39.67,9,三线,余额,满减,4,353.03,8357,33,1,25-34,肉食,800.0,否,否
36.49,0,二线,支付宝,店铺券,0,0.0,6705,40,0,25-34,主食面汤,400.0,否,否
16.33,10,三线,微信,无,0,163.3,8590,42,1,18-24,肉食,600.0,否,是
15.13,6,三线,支付宝,秒杀,12,78.78,90,31,1,18-24,蔬菜,600.0,是,否
19.89,9,一线,云闪付,会员折扣,1,178.01,5251,50,1,18-24,肉食,500.0,否,是
45.27,3,新一线,支付宝,平台券,28,107.81,70,16,0,25-34,肉食,300.0,是,否
17.86,10,一线,微信,会员折扣,2,176.6,4091,34,0,45-54,蔬菜,1000.0,否,否
14.12,9,新一线,微信,平台券,1,126.08,1889,45,1,25-34,肉食,600.0,是,是
38.76,9,一线,银行卡,会员折扣,6,342.84,1936,34,1,25-34,肉食,400.0,否,否
19.96,5,三线,银行卡,秒杀,3,96.8,3779,37,1,18-24,肉食,400.0,否,是
22.98,2,二线,支付宝,无,0,45.96,2482,31,0,45-54,肉食,500.0,否,是
11.03,9,新一线,余额,满减,3,96.27,8823,22,1,25-34,蔬菜,300.0,是,否
42.13,4,新一线,云闪付,平台券,1,167.52,87,40,1,25-34,肉食,1000.0,否,否
45.89,1,二线,余额,秒杀,7,38.89,5796,38,0,25-34,肉食,600.0,否,否
10.52,1,新一线,银行卡,无,0,10.52,9900,39,1,45-54,肉食,500.0,是,是
29.57,4,二线,云闪付,平台券,8,110.28,74,40,1,45-54,肉食,300.0,否,是
47.47,3,一线,支付宝,满减,4,138.41,4897,47,1,25-34,蔬菜,300.0,否,是
11.51,10,二线,微信,会员折扣,7,108.1,4091,34,0,25-34,蔬菜,1000.0,否,否
44.18,2,三线,微信,会员折扣,19,69.36,8590,42,1,18-24,肉食,600.0,否,是
20.28,7,三线,余额,满减,3,138.96,9140,33,0,25-34,肉食,800.0,否,否
18.92,7,新一线,支付宝,无,0,132.44,8630,33,0,18-24,肉食,600.0,否,否
19.2,5,三线,支付宝,平台券,5,91.0,9832,45,1,45-54,主食面汤,300.0,是,否
24.18,2,一线,银行卡,满减,4,44.36,2304,31,1,35-44,豆制品,200.0,否,是
16.33,6,新一线,云闪付,店铺券,4,93.98,1484,17,0,25-34,肉食,400.0,否,否
37.67,2,新一线,余额,会员折扣,3,72.34,2679,45,1,25-34,豆制品,400.0,否,否
32.73,9,新一线,银行卡,满减,6,288.57,8383,38,1,25-34,肉食,400.0,否,是
22.66,5,二线,银行卡,满减,32,81.3,75,44,1,55+,肉食,300.0,否,否
23.83,3,三线,银行卡,会员折扣,1,70.49,2463,42,1,45-54,豆制品,400.0,否,否
11.28,3,二线,余额,平台券,2,31.84,9723,35,0,18-24,豆制品,1000.0,否,是
31.42,3,三线,支付宝,无,0,94.26,3778,35,1,25-34,肉食,400.0,否,是
25.48,1,新一线,云闪付,满减,1,24.48,1863,32,0,18-24,蔬菜,500.0,否,是
25.76,9,一线,微信,无,0,231.84,3228,49,1,45-54,肉食,300.0,是,是
22.66,4,新一线,银行卡,秒杀,7,83.64,7401,31,0,25-34,主食面汤,1000.0,是,是
33.08,6,新一线,支付宝,无,0,198.48,9258,44,0,18-24,肉食,800.0,是,是
11.77,1,新一线,支付宝,秒杀,2,9.77,5667,38,0,45-54,主食面汤,200.0,是,是
15.21,8,新一线,支付宝,无,0,121.68,90,31,1,35-44,蔬菜,600.0,是,否
19.79,4,新一线,支付宝,会员折扣,1,78.16,3330,32,0,25-34,肉食,400.0,否,否
44.13,0,三线,银行卡,会员折扣,0,0.0,4848,48,1,25-34,肉食,300.0,否,是
42.87,8,三线,银行卡,满减,13,329.96,3568,34,1,18-24,蔬菜,600.0,是,否
23.49,8,三线,银行卡,无,0,187.92,75,44,0,18-24,肉食,300.0,否,否
30.39,9,新一线,余额,平台券,8,265.51,9520,30,1,18-24,豆制品,400.0,否,否
24.54,8,一线,支付宝,满减,6,190.32,9832,45,1,45-54,主食面汤,300.0,是,否
16.56,10,一线,支付宝,店铺券,10,155.6,10,14,0,18-24,肉食,500.0,否,是
12.53,9,新一线,支付宝,会员折扣,9,103.77,90,31,0,18-24,蔬菜,600.0,是,否
11.24,5,新一线,余额,无,0,56.2,9077,40,1,25-34,肉食,400.0,否,否
21.0,4,一线,支付宝,无,0,84.0,8779,32,0,18-24,主食面汤,400.0,否,否
46.87,9,三线,微信,满减,5,416.83,3228,49,1,25-34,肉食,300.0,是,是
40.3,1,三线,银行卡,无,0,40.3,7664,37,1,45-54,肉食,600.0,否,否
39.27,2,一线,支付宝,会员折扣,7,71.54,3491,33,1,18-24,肉食,400.0,否,否
18.44,2,二线,余额,无,0,36.88,8692,41,0,25-34,肉食,800.0,是,否
20.93,9,一线,余额,会员折扣,5,183.37,6635,49,1,18-24,肉食,1000.0,否,否
24.55,2,新一线,云闪付,无,0,49.1,2541,41,1,18-24,肉食,800.0,否,否
20.29,9,二线,微信,满减,4,178.61,3228,49,1,45-54,肉食,300.0,是,是
11.59,7,新一线,银行卡,秒杀,1,80.13,7401,31,0,25-34,主食面汤,1000.0,是,是
27.93,5,一线,余额,无,0,139.65,6635,49,1,25-34,肉食,1000.0,否,否
35.47,10,三线,银行卡,会员折扣,6,348.7,4006,32,1,25-34,蔬菜,1000.0,是,是
28.93,0,三线,支付宝,店铺券,0,0.0,2997,40,0,18-24,肉食,300.0,否,是
29.91,6,新一线,银行卡,满减,9,170.46,3004,32,1,25-34,肉食,600.0,否,否
42.24,4,新一线,支付宝,满减,6,162.96,2202,46,0,18-24,肉食,600.0,否,是
24.14,10,新一线,余额,满减,5,236.4,9667,30,0,35-44,肉食,200.0,是,否
14.37,7,二线,支付宝,会员折扣,1,99.59,8931,38,0,18-24,肉食,300.0,是,否
20.86,8,新一线,银行卡,平台券,6,160.88,3036,47,1,45-54,豆制品,600.0,是,是
14.03,2,二线,微信,无,0,28.06,9216,44,1,45-54,主食面汤,400.0,是,否
38.3,6,新一线,云闪付,满减,7,222.8,2356,35,1,18-24,蔬菜,1000.0,否,是
25.91,8,新一线,银行卡,满减,24,183.28,65,43,1,25-34,肉食,1000.0,否,否
32.07,2,新一线,云闪付,会员折扣,9,55.14,2541,41,1,18-24,肉食,800.0,否,否
20.28,6,三线,支付宝,平台券,33,88.68,10,46,1,18-24,豆制品,300.0,否,是
23.33,4,新一线,银行卡,店铺券,3,90.32,4006,32,0,35-44,蔬菜,1000.0,是,是
29.44,1,三线,银行卡,会员折扣,12,17.44,7504,49,1,25-34,肉食,1000.0,否,是
12.08,1,一线,支付宝,满减,7,5.08,29,46,1,45-54,肉食,200.0,否,否
27.73,1,三线,银行卡,无,0,27.73,7664,37,1,18-24,肉食,600.0,否,否
49.04,9,三线,余额,店铺券,7,434.36,9667,30,0,25-34,肉食,200.0,是,否
17.64,8,二线,云闪付,店铺券,27,114.12,24,47,1,18-24,肉食,1000.0,否,是
49.53,6,新一线,银行卡,平台券,17,280.18,2483,45,1,18-24,肉食,1000.0,否,是
40.82,2,三线,支付宝,平台券,13,68.64,85,43,1,18-24,肉食,1000.0,是,是
22.21,2,三线,银行卡,平台券,0,44.42,8383,38,1,25-34,肉食,400.0,否,是
26.33,7,新一线,云闪付,会员折扣,10,174.31,24,47,1,25-34,肉食,1000.0,否,是
21.6,4,新一线,支付宝,平台券,19,67.4,10,14,0,45-54,肉食,500.0,否,是
15.08,8,二线,银行卡,平台券,6,114.64,3004,32,1,18-24,肉食,600.0,否,否
48.84,5,三线,云闪付,店铺券,4,240.2,5673,41,1,18-24,主食面汤,800.0,是,否
24.96,6,新一线,余额,会员折扣,3,146.76,5796,38,0,18-24,肉食,600.0,否,否
22.15,4,一线,支付宝,平台券,3,85.6,9175,21,1,45-54,肉食,500.0,否,是
46.84,2,二线,支付宝,秒杀,3,90.68,2617,37,1,18-24,主食面汤,500.0,否,是
22.84,10,一线,支付宝,满减,29,199.4,85,43,1,55+,肉食,1000.0,是,是
42.95,4,一线,银行卡,会员折扣,8,163.8,1936,34,1,45-54,肉食,400.0,否,否
47.72,10,一线,银行卡,无,0,477.2,14,31,1,45-54,蔬菜,300.0,否,否
17.25,8,一线,支付宝,店铺券,4,134.0,7503,49,1,45-54,肉食,300.0,否,否
38.48,1,三线,支付宝,秒杀,5,33.48,3330,32,1,35-44,肉食,400.0,否,否
48.51,5,一线,银行卡,无,0,242.55,4848,48,1,18-24,肉食,300.0,否,是
24.53,2,二线,支付宝,满减,4,45.06,5667,38,0,18-24,主食面汤,200.0,是,是
12.09,5,二线,余额,秒杀,7,53.45,8207,34,1,18-24,蔬菜,800.0,否,否
17.79,10,三线,银行卡,会员折扣,3,174.9,2925,23,0,18-24,主食面汤,800.0,否,是
29.46,2,新一线,支付宝,平台券,7,51.92,90,31,0,25-34,蔬菜,600.0,是,否
19.44,1,三线,支付宝,平台券,2,17.44,9096,39,1,25-34,肉食,300.0,否,是
39.22,5,新一线,银行卡,店铺券,9,187.1,2483,45,1,18-24,肉食,1000.0,否,是
11.61,2,新一线,银行卡,无,0,23.22,75,44,0,45-54,肉食,300.0,否,否
19.64,2,三线,云闪付,平台券,3,36.28,50,38,0,45-54,肉食,500.0,否,是
23.4,6,二线,银行卡,满减,7,133.4,14,31,1,45-54,蔬菜,300.0,否,否
21.58,10,二线,银行卡,平台券,23,192.8,16,46,1,25-34,肉食,600.0,是,是
20.2,7,一线,余额,满减,1,140.4,9695,40,1,25-34,肉食,200.0,否,是
15.08,9,二线,支付宝,无,0,135.72,5803,41,1,18-24,肉食,500.0,否,否
22.22,2,三线,支付宝,会员折扣,2,42.44,9935,33,1,18-24,肉食,200.0,否,是
39.34,2,三线,银行卡,满减,11,67.68,8236,46,1,18-24,蔬菜,300.0,是,否
38.11,1,新一线,微信,平台券,7,31.11,8590,42,1,18-24,肉食,600.0,否,是
38.41,9,一线,云闪付,无,0,345.69,2541,41,1,25-34,肉食,800.0,否,否
23.32,3,一线,支付宝,满减,14,55.96,12,15,0,45-54,主食面汤,600.0,否,是
36.78,5,三线,支付宝,店铺券,5,178.9,6558,19,0,25-34,主食面汤,200.0,否,否
34.91,8,新一线,支付宝,满减,10,269.28,1611,40,1,25-34,肉食,600.0,否,是
26.51,8,三线,银行卡,满减,13,199.08,6915,33,1,45-54,蔬菜,500.0,否,是
26.9,5,三线,银行卡,店铺券,11,123.5,40,40,1,18-24,肉食,600.0,否,是
25.92,0,三线,支付宝,店铺券,0,0.0,9175,21,1,18-24,肉食,500.0,否,是
33.51,3,二线,银行卡,店铺券,17,83.53,8096,47,1,18-24,肉食,200.0,否,否
27.65,6,新一线,银行卡,秒杀,1,164.9,3577,42,1,35-44,肉食,200.0,是,否
10.72,8,新一线,余额,无,0,85.76,67,47,1,18-24,肉食,400.0,否,否
30.42,8,二线,银行卡,无,0,243.36,16,46,1,18-24,肉食,600.0,是,是
43.66,1,一线,余额,平台券,12,31.66,5796,38,0,45-54,肉食,600.0,否,否
11.13,4,三线,支付宝,会员折扣,0,44.52,2137,34,1,18-24,蔬菜,1000.0,是,否
20.36,9,三线,微信,会员折扣,2,181.24,4091,34,0,25-34,蔬菜,1000.0,否,否
18.59,1,三线,云闪付,秒杀,3,15.59,2356,35,1,45-54,蔬菜,1000.0,否,是
11.61,0,三线,银行卡,秒杀,0,0.0,8236,46,1,18-24,蔬菜,300.0,是,否
20.83,2,三线,银行卡,秒杀,25,16.66,16,46,1,35-44,肉食,600.0,是,是
12.6,0,二线,余额,秒杀,0,0.0,9077,40,1,18-24,肉食,400.0,否,否
28.58,6,新一线,余额,会员折扣,8,163.48,5796,38,0,45-54,肉食,600.0,否,否
29.45,8,新一线,银行卡,无,0,235.6,7664,37,1,18-24,肉食,600.0,否,否
28.5,0,二线,云闪付,秒杀,0,0.0,5251,50,1,25-34,肉食,500.0,否,是
40.12,7,二线,支付宝,平台券,7,273.84,8779,32,0,25-34,主食面汤,400.0,否,否
35.86,8,二线,云闪付,秒杀,2,284.88,7006,36,0,18-24,肉食,300.0,否,是
11.97,9,三线,支付宝,店铺券,2,105.73,9935,33,0,45-54,肉食,200.0,否,是
44.1,9,新一线,银行卡,平台券,20,376.9,4254,32,0,35-44,肉食,800.0,否,是
17.89,4,新一线,支付宝,会员折扣,0,71.56,5406,35,0,18-24,肉食,300.0,否,是
15.3,9,新一线,支付宝,满减,4,133.7,9096,39,1,35-44,肉食,300.0,否,是
28.13,2,三线,支付宝,平台券,2,54.26,6895,47,1,45-54,肉食,400.0,否,是
27.48,5,新一线,支付宝,满减,8,129.4,1071,33,1,45-54,蔬菜,400.0,否,是
33.23,3,新一线,余额,店铺券,7,92.69,4,35,0,35-44,肉食,1000.0,否,是
16.83,3,一线,支付宝,满减,2,48.49,1399,43,1,45-54,蔬菜,500.0,否,是
36.52,5,一线,银行卡,店铺券,21,161.6,3779,37,1,45-54,肉食,400.0,否,是
34.24,9,新一线,微信,平台券,2,306.16,2454,45,1,18-24,蔬菜,600.0,否,否
47.26,3,三线,支付宝,会员折扣,11,130.78,9678,34,1,18-24,肉食,500.0,否,否
30.39,3,新一线,银行卡,满减,6,85.17,3228,38,0,18-24,肉食,600.0,是,是
28.09,8,二线,余额,满减,6,218.72,4838,34,0,35-44,豆制品,1000.0,否,否
15.34,2,三线,余额,会员折扣,8,22.68,9140,33,0,18-24,肉食,800.0,否,否
19.12,2,新一线,支付宝,会员折扣,11,27.24,10,14,0,55+,肉食,500.0,否,是
22.37,0,新一线,支付宝,秒杀,0,0.0,29,46,1,35-44,肉食,200.0,否,否
14.68,6,二线,支付宝,满减,2,86.08,4188,44,0,18-24,蔬菜,200.0,否,否
22.35,6,一线,支付宝,店铺券,2,132.1,5406,35,1,45-54,肉食,300.0,否,是
15.21,2,新一线,余额,会员折扣,1,29.42,9077,40,1,18-24,肉食,400.0,否,否
12.56,4,新一线,银行卡,会员折扣,0,50.24,80,30,0,18-24,豆制品,1000.0,否,否
48.46,10,一线,支付宝,平台券,72,412.6,85,43,1,45-54,肉食,1000.0,是,是
19.87,9,二线,银行卡,会员折扣,0,178.83,7401,31,1,18-24,主食面汤,1000.0,是,是
37.79,10,新一线,支付宝,秒杀,5,372.9,2617,37,0,25-34,主食面汤,500.0,否,是
47.8,1,一线,支付宝,无,0,47.8,1611,40,1,45-54,肉食,600.0,否,是
35.71,1,一线,银行卡,平台券,3,32.71,4848,48,1,25-34,肉食,300.0,否,是
48.25,4,三线,支付宝,平台券,6,187.0,2617,37,1,18-24,主食面汤,500.0,否,是
22.64,2,三线,余额,平台券,1,44.28,2679,45,1,18-24,豆制品,400.0,否,否
22.37,1,新一线,支付宝,会员折扣,2,20.37,2482,31,0,25-34,肉食,500.0,否,是
46.64,2,新一线,支付宝,无,0,93.28,8283,47,0,18-24,肉食,200.0,否,否
36.07,10,新一线,银行卡,满减,3,357.7,8383,38,1,45-54,肉食,400.0,否,是
22.77,4,新一线,余额,秒杀,11,80.08,9508,49,0,18-24,肉食,300.0,否,否
48.24,7,一线,云闪付,无,0,337.68,24,47,1,25-34,肉食,1000.0,否,是
27.76,8,新一线,支付宝,会员折扣,1,221.08,3330,32,0,55+,肉食,400.0,否,否
37.2,7,新一线,银行卡,会员折扣,27,233.4,65,43,1,25-34,肉食,1000.0,否,否
45.12,10,新一线,支付宝,会员折扣,33,418.2,70,16,0,25-34,肉食,300.0,是,否
33.43,1,一线,支付宝,无,0,33.43,9096,39,1,25-34,肉食,300.0,否,是
42.17,7,一线,支付宝,会员折扣,21,274.19,10,14,0,18-24,肉食,500.0,否,是
36.37,7,新一线,微信,无,0,254.59,7984,17,0,25-34,豆制品,800.0,是,否
13.83,10,一线,微信,满减,0,138.3,6741,19,0,18-24,肉食,800.0,是,是
46.58,3,三线,支付宝,会员折扣,41,98.74,10,14,0,18-24,肉食,500.0,否,是
16.82,1,新一线,支付宝,无,0,16.82,6895,47,0,25-34,肉食,400.0,否,是
46.0,5,三线,支付宝,秒杀,7,223.0,8931,38,0,25-34,肉食,300.0,是,否
45.4,2,新一线,支付宝,店铺券,2,88.8,8630,33,0,45-54,肉食,600.0,否,否
30.52,9,二线,余额,店铺券,5,269.68,2679,45,1,55+,豆制品,400.0,否,否
36.83,2,新一线,微信,会员折扣,4,69.66,9216,44,1,35-44,主食面汤,400.0,是,否
10.38,8,新一线,云闪付,满减,0,83.04,7006,36,0,18-24,肉食,300.0,否,是
30.82,8,一线,支付宝,满减,4,242.56,9935,33,1,35-44,肉食,200.0,否,是
38.57,6,新一线,支付宝,满减,21,210.42,70,16,0,18-24,肉食,300.0,是,否
26.73,0,新一线,支付宝,会员折扣,0,0.0,3330,32,0,25-34,肉食,400.0,否,否
19.32,2,新一线,云闪付,秒杀,3,35.64,5673,41,1,45-54,主食面汤,800.0,是,否
17.2,5,一线,支付宝,店铺券,6,80.0,9258,44,1,18-24,肉食,800.0,是,是
44.49,8,二线,余额,秒杀,15,340.92,99,47,1,45-54,蔬菜,600.0,否,否
18.86,1,一线,云闪付,无,0,18.86,50,38,0,18-24,肉食,500.0,否,是
34.26,7,三线,支付宝,无,0,239.82,2137,34,1,18-24,蔬菜,1000.0,是,否
13.65,0,三线,银行卡,无,0,0.0,8833,40,1,25-34,蔬菜,1000.0,是,是
18.55,8,一线,支付宝,满减,8,140.4,1611,40,1,35-44,肉食,600.0,否,是
18.14,6,新一线,银行卡,秒杀,6,102.84,8236,46,1,18-24,蔬菜,300.0,是,否
45.22,5,新一线,银行卡,会员折扣,9,217.1,8383,38,1,25-34,肉食,400.0,否,是
27.35,3,新一线,支付宝,满减,2,80.05,9096,39,1,35-44,肉食,300.0,否,是
11.42,8,新一线,余额,会员折扣,2,89.36,9520,30,1,25-34,豆制品,400.0,否,否
20.09,10,一线,支付宝,会员折扣,8,192.9,9096,39,1,25-34,肉食,300.0,否,是
42.43,7,二线,余额,会员折扣,74,223.01,67,47,1,45-54,肉食,400.0,否,否
18.57,0,新一线,银行卡,会员折扣,0,0.0,8236,46,1,35-44,蔬菜,300.0,是,否
17.05,0,新一线,云闪付,无,0,0.0,1484,17,0,18-24,肉食,400.0,否,否
34.25,3,新一线,余额,会员折扣,1,101.75,9723,35,0,45-54,豆制品,1000.0,否,是
18.92,4,三线,余额,无,0,75.68,7333,45,1,18-24,肉食,200.0,否,否
27.12,4,一线,银行卡,店铺券,3,105.48,8383,38,0,45-54,肉食,400.0,否,是
36.33,4,新一线,余额,会员折扣,5,140.32,1964,17,0,18-24,豆制品,1000.0,否,否
34.23,2,新一线,微信,平台券,8,60.46,8590,42,1,18-24,肉食,600.0,否,是
38.94,0,新一线,银行卡,店铺券,0,0.0,6390,44,1,45-54,肉食,300.0,否,否
37.66,9,新一线,云闪付,会员折扣,0,338.94,7006,36,0,25-34,肉食,300.0,否,是
25.54,5,新一线,余额,满减,4,123.7,9723,35,0,35-44,豆制品,1000.0,否,是
18.59,3,三线,银行卡,会员折扣,0,55.77,8383,38,1,18-24,肉食,400.0,否,是
28.17,6,新一线,支付宝,无,0,169.02,5667,38,0,35-44,主食面汤,200.0,是,是
13.2,0,新一线,余额,会员折扣,0,0.0,9508,49,1,18-24,肉食,300.0,否,否
12.16,6,新一线,银行卡,满减,15,57.96,40,40,1,45-54,肉食,600.0,否,是
34.39,1,一线,支付宝,无,0,34.39,9096,39,1,18-24,肉食,300.0,否,是
17.86,6,新一线,银行卡,秒杀,14,93.16,65,43,1,55+,肉食,1000.0,否,否
16.94,3,新一线,支付宝,满减,1,49.82,9832,45,1,25-34,主食面汤,300.0,是,否
10.78,7,二线,银行卡,会员折扣,0,75.46,75,44,1,45-54,肉食,300.0,否,否
16.81,8,三线,云闪付,秒杀,9,125.48,2412,41,1,25-34,肉食,400.0,否,否
32.25,4,一线,微信,店铺券,14,115.0,2085,33,0,45-54,肉食,400.0,否,否
47.91,10,一线,银行卡,会员折扣,21,458.1,35,34,0,25-34,肉食,200.0,否,否
19.23,10,新一线,支付宝,会员折扣,15,177.3,10,14,0,55+,肉食,500.0,否,是
23.56,2,新一线,银行卡,满减,4,43.12,2304,31,1,18-24,豆制品,200.0,否,是
29.83,4,三线,云闪付,会员折扣,3,116.32,2541,41,1,35-44,肉食,800.0,否,否
36.73,5,二线,支付宝,满减,3,180.65,5321,31,1,25-34,肉食,1000.0,否,是
15.06,7,三线,云闪付,秒杀,13,92.42,74,40,1,25-34,肉食,300.0,否,是
29.23,10,新一线,银行卡,无,0,292.3,6809,42,1,35-44,肉食,200.0,否,是
40.71,7,新一线,支付宝,店铺券,4,280.97,9096,39,0,18-24,肉食,300.0,否,是
26.08,5,一线,支付宝,无,0,130.4,1071,33,1,45-54,蔬菜,400.0,否,是
23.85,8,新一线,支付宝,店铺券,0,190.8,4482,31,1,25-34,蔬菜,600.0,是,是
38.37,9,新一线,云闪付,满减,3,342.33,74,40,1,18-24,肉食,300.0,否,是
24.29,0,三线,银行卡,会员折扣,0,0.0,36,46,1,25-34,肉食,300.0,否,是
33.08,8,新一线,微信,会员折扣,3,261.64,4034,37,1,45-54,肉食,400.0,否,否
36.01,10,一线,微信,满减,15,345.1,2085,33,0,45-54,肉食,400.0,否,否
25.66,2,二线,支付宝,会员折扣,4,47.32,4482,31,1,25-34,蔬菜,600.0,是,是
11.68,1,新一线,银行卡,店铺券,11,0.68,14,31,1,35-44,蔬菜,300.0,否,否
46.81,9,新一线,余额,秒杀,27,394.29,3912,35,0,18-24,肉食,1000.0,否,是
29.27,5,三线,银行卡,秒杀,16,130.35,16,46,1,25-34,肉食,600.0,是,是
24.01,5,一线,支付宝,店铺券,2,118.05,4402,50,1,18-24,肉食,1000.0,否,否
46.68,1,新一线,银行卡,满减,1,45.68,80,34,1,18-24,蔬菜,600.0,否,是
13.8,6,一线,银行卡,满减,1,81.8,3791,37,1,18-24,肉食,400.0,是,是
18.57,5,新一线,支付宝,满减,0,92.85,8367,38,0,25-34,蔬菜,400.0,否,否
11.37,10,三线,支付宝,平台券,3,110.7,2991,42,1,45-54,豆制品,500.0,是,是
38.99,0,新一线,支付宝,无,0,0.0,1399,43,1,18-24,蔬菜,500.0,否,是
13.0,6,新一线,银行卡,无,0,78.0,52,50,1,25-34,肉食,300.0,否,否
24.6,10,新一线,银行卡,平台券,12,234.0,65,43,1,45-54,肉食,1000.0,否,否
41.08,5,新一线,支付宝,满减,14,191.4,6895,47,1,18-24,肉食,400.0,否,是
44.9,4,新一线,余额,会员折扣,27,152.6,9077,40,1,45-54,肉食,400.0,否,否
43.17,4,三线,支付宝,会员折扣,14,158.68,2991,42,1,45-54,豆制品,500.0,是,是
16.85,0,新一线,银行卡,秒杀,0,0.0,6390,44,1,18-24,肉食,300.0,否,否
36.7,3,新一线,银行卡,无,0,110.1,1277,48,1,25-34,肉食,300.0,是,是
25.6,9,三线,余额,会员折扣,1,229.4,5704,48,1,18-24,蔬菜,400.0,否,否
20.98,2,三线,微信,店铺券,8,33.96,2454,45,1,18-24,蔬菜,600.0,否,否
28.02,6,一线,银行卡,无,0,168.12,11,49,1,25-34,豆制品,400.0,是,是
33.86,10,新一线,支付宝,秒杀,3,335.6,3491,33,1,18-24,肉食,400.0,否,否
38.82,2,新一线,支付宝,会员折扣,6,71.64,2617,37,0,18-24,主食面汤,500.0,否,是
30.6,6,二线,银行卡,会员折扣,0,183.6,8383,38,0,18-24,肉食,400.0,否,是
22.05,8,三线,微信,会员折扣,3,173.4,7241,40,1,18-24,肉食,400.0,是,是
13.36,9,一线,云闪付,无,0,120.24,4804,36,0,18-24,肉食,400.0,否,是
14.15,4,二线,支付宝,满减,0,56.6,69,39,1,25-34,肉食,600.0,否,否
36.36,3,新一线,支付宝,无,0,109.08,28,43,1,18-24,肉食,800.0,否,否
44.86,1,一线,余额,会员折扣,24,20.86,9280,31,0,45-54,蔬菜,300.0,否,否
22.22,10,一线,云闪付,无,0,222.2,16,24,0,45-54,蔬菜,600.0,否,否
38.78,5,二线,支付宝,满减,9,184.9,4730,31,0,25-34,蔬菜,200.0,是,否
14.3,4,新一线,微信,会员折扣,2,55.2,2186,31,1,25-34,蔬菜,600.0,否,否
43.84,3,一线,银行卡,秒杀,15,116.52,9974,45,1,18-24,肉食,600.0,否,否
15.81,3,新一线,银行卡,无,0,47.43,9974,45,1,18-24,肉食,600.0,否,否
22.65,4,新一线,余额,满减,12,78.6,48,44,1,18-24,主食面汤,200.0,否,是
30.67,3,新一线,微信,会员折扣,4,88.01,3624,41,1,18-24,蔬菜,200.0,是,否
42.76,0,新一线,支付宝,店铺券,0,0.0,4827,39,1,25-34,豆制品,600.0,否,是
22.6,0,新一线,银行卡,会员折扣,0,0.0,9974,45,1,25-34,肉食,600.0,否,否
48.02,7,新一线,余额,会员折扣,29,307.14,8560,36,0,25-34,豆制品,400.0,否,是
18.05,2,新一线,支付宝,满减,3,33.1,5711,44,1,25-34,肉食,200.0,否,否
40.53,2,一线,余额,无,0,81.06,1301,46,0,25-34,肉食,600.0,是,否
23.23,7,三线,银行卡,秒杀,3,159.61,1097,12,0,45-54,蔬菜,600.0,否,否
40.2,0,新一线,支付宝,会员折扣,0,0.0,69,39,0,45-54,肉食,600.0,否,否
15.53,8,二线,微信,无,0,124.24,2186,31,1,45-54,蔬菜,600.0,否,否
49.2,3,新一线,微信,会员折扣,9,138.6,2186,31,1,45-54,蔬菜,600.0,否,否
19.04,10,新一线,余额,平台券,9,181.4,8033,41,0,45-54,主食面汤,300.0,是,是
34.49,8,二线,余额,会员折扣,36,239.92,71,38,0,18-24,肉食,300.0,否,是
44.88,5,新一线,余额,秒杀,7,217.4,8405,43,1,45-54,肉食,600.0,否,否
25.13,6,三线,云闪付,满减,10,140.78,6772,49,1,18-24,蔬菜,1000.0,是,是
42.45,5,一线,支付宝,店铺券,1,211.25,3374,44,1,25-34,肉食,300.0,否,是
18.91,1,新一线,云闪付,满减,7,11.91,9466,44,1,18-24,蔬菜,300.0,否,是
28.71,9,三线,支付宝,会员折扣,0,258.39,9282,40,1,35-44,肉食,200.0,否,否
48.47,5,新一线,云闪付,会员折扣,6,236.35,9810,20,1,35-44,肉食,500.0,是,否
38.39,1,新一线,银行卡,无,0,38.39,9974,45,0,18-24,肉食,600.0,否,否
48.02,6,二线,支付宝,满减,6,282.12,7381,32,1,18-24,豆制品,200.0,否,否
20.74,3,新一线,支付宝,满减,3,59.22,9861,33,0,18-24,肉食,200.0,否,否
41.06,0,一线,支付宝,店铺券,0,0.0,3538,45,0,45-54,肉食,600.0,是,否
29.25,7,新一线,银行卡,店铺券,16,188.75,4044,39,1,18-24,肉食,200.0,否,否
48.47,8,二线,银行卡,无,0,387.76,4044,39,1,25-34,肉食,200.0,否,否
31.74,7,一线,银行卡,满减,7,215.18,2597,49,1,18-24,肉食,1000.0,否,是
29.84,9,一线,支付宝,无,0,268.56,9861,33,0,45-54,肉食,200.0,否,否
16.76,5,三线,银行卡,满减,6,77.8,7629,44,1,18-24,肉食,500.0,否,否
34.2,1,新一线,余额,满减,12,22.2,3,37,1,18-24,蔬菜,1000.0,否,否
36.38,6,新一线,微信,会员折扣,1,217.28,4902,42,1,25-34,肉食,500.0,否,是
46.36,1,一线,余额,满减,46,0.36,3,37,1,45-54,蔬菜,1000.0,否,否
48.4,1,新一线,银行卡,店铺券,23,25.4,5293,33,1,25-34,主食面汤,200.0,否,是
21.43,9,新一线,支付宝,无,0,192.87,1697,44,1,18-24,肉食,200.0,否,是
19.27,1,二线,云闪付,会员折扣,6,13.27,6772,49,1,35-44,蔬菜,1000.0,是,是
41.92,7,一线,微信,满减,2,291.44,10,48,1,25-34,肉食,400.0,否,是
32.53,0,二线,银行卡,会员折扣,0,0.0,9974,45,1,45-54,肉食,600.0,否,否
38.84,7,新一线,支付宝,会员折扣,18,253.88,4827,39,0,35-44,豆制品,600.0,否,是
47.35,7,一线,支付宝,无,0,331.45,7381,32,1,18-24,豆制品,200.0,否,否
42.39,3,一线,余额,满减,7,120.17,4782,44,1,25-34,蔬菜,600.0,否,是
13.73,10,三线,云闪付,会员折扣,8,129.3,6072,49,1,18-24,蔬菜,500.0,否,是
37.14,7,三线,微信,店铺券,4,255.98,2186,31,1,25-34,蔬菜,600.0,否,否
32.82,7,三线,支付宝,会员折扣,2,227.74,7525,40,1,35-44,肉食,400.0,是,否
33.97,1,三线,余额,会员折扣,18,15.97,8494,49,0,25-34,肉食,500.0,否,是
47.31,0,新一线,支付宝,无,0,0.0,86,44,1,18-24,豆制品,1000.0,否,是
47.68,0,一线,银行卡,满减,0,0.0,9974,45,1,45-54,肉食,600.0,否,否
15.1,9,新一线,云闪付,无,0,135.9,7523,41,1,45-54,蔬菜,1000.0,否,是
33.57,9,三线,云闪付,平台券,13,289.13,5584,43,1,25-34,肉食,800.0,否,否
26.1,0,新一线,支付宝,平台券,0,0.0,6158,35,0,25-34,肉食,400.0,否,是
25.36,9,三线,支付宝,无,0,228.24,8978,44,1,18-24,肉食,300.0,否,是
47.12,7,新一线,云闪付,会员折扣,6,323.84,3873,37,1,35-44,肉食,600.0,否,是
39.38,6,新一线,余额,平台券,46,190.28,61,25,1,18-24,蔬菜,200.0,否,是
24.69,3,新一线,支付宝,会员折扣,7,67.07,3538,45,0,25-34,肉食,600.0,是,否
29.85,5,三线,余额,满减,55,94.25,15,36,1,45-54,蔬菜,400.0,否,否
23.39,0,新一线,余额,会员折扣,0,0.0,8405,43,1,25-34,肉食,600.0,否,否
37.82,0,三线,微信,满减,0,0.0,4902,42,1,25-34,肉食,500.0,否,是
38.16,3,新一线,微信,满减,29,85.48,35,37,0,25-34,蔬菜,200.0,否,是
29.7,4,三线,余额,平台券,59,59.8,68,49,1,35-44,主食面汤,600.0,是,是
29.57,3,新一线,支付宝,会员折扣,15,73.71,6158,35,1,25-34,肉食,400.0,否,是
19.69,8,新一线,余额,满减,27,130.52,48,44,1,45-54,主食面汤,200.0,否,是
16.76,5,三线,支付宝,店铺券,0,83.8,9861,33,0,25-34,肉食,200.0,否,否
11.79,2,三线,支付宝,平台券,6,17.58,2761,32,0,18-24,肉食,800.0,否,是
21.86,5,二线,支付宝,会员折扣,1,108.3,28,43,1,18-24,肉食,800.0,否,否
21.57,9,二线,支付宝,会员折扣,30,164.13,28,43,1,18-24,肉食,800.0,否,否
30.88,7,一线,银行卡,秒杀,12,204.16,2376,40,0,18-24,肉食,800.0,否,否
26.72,7,新一线,银行卡,会员折扣,4,183.04,3118,38,1,45-54,肉食,1000.0,否,否
34.44,10,新一线,支付宝,无,0,344.4,9011,41,0,45-54,肉食,1000.0,是,是
26.16,1,新一线,云闪付,会员折扣,14,12.16,5127,42,1,18-24,肉食,200.0,否,是
18.86,0,三线,余额,无,0,0.0,9360,35,1,18-24,肉食,300.0,否,否
47.74,9,三线,支付宝,无,0,429.66,7475,34,1,35-44,肉食,400.0,否,否
29.8,2,新一线,支付宝,满减,4,55.6,5711,44,1,35-44,肉食,200.0,否,否
30.21,4,二线,银行卡,会员折扣,3,117.84,5661,41,1,45-54,肉食,800.0,否,否
20.1,5,三线,银行卡,店铺券,3,97.5,3118,38,1,35-44,肉食,1000.0,否,否
20.59,7,新一线,余额,会员折扣,10,134.13,9280,31,1,45-54,蔬菜,300.0,否,否
32.21,8,一线,支付宝,满减,5,252.68,9779,34,1,45-54,肉食,1000.0,是,否
14.0,5,一线,云闪付,平台券,5,65.0,5081,41,1,25-34,蔬菜,400.0,否,否
23.51,3,二线,支付宝,无,0,70.53,5897,49,1,45-54,肉食,200.0,否,否
27.65,3,一线,微信,会员折扣,16,66.95,10,48,1,18-24,肉食,400.0,否,是
49.04,7,新一线,支付宝,无,0,343.28,92,36,1,25-34,肉食,300.0,否,否
22.42,5,新一线,云闪付,平台券,21,91.1,16,24,0,25-34,蔬菜,600.0,否,否
36.96,4,新一线,支付宝,秒杀,19,128.84,3538,45,0,18-24,肉食,600.0,是,否
43.74,9,一线,支付宝,满减,21,372.66,4730,31,1,25-34,蔬菜,200.0,是,否
44.56,6,一线,银行卡,会员折扣,16,251.36,9974,45,1,45-54,肉食,600.0,否,否
36.05,4,一线,银行卡,满减,10,134.2,5853,35,1,18-24,肉食,600.0,是,否
26.77,0,新一线,银行卡,无,0,0.0,7743,36,0,18-24,豆制品,300.0,是,是
31.25,6,新一线,余额,店铺券,30,157.5,23,33,0,18-24,肉食,600.0,否,是
33.25,0,一线,支付宝,店铺券,0,0.0,92,33,1,45-54,蔬菜,300.0,是,是
17.67,10,二线,云闪付,店铺券,5,171.7,5584,43,1,45-54,肉食,800.0,否,否
12.0,9,三线,余额,满减,6,102.0,71,38,0,45-54,肉食,300.0,否,是
13.02,10,新一线,银行卡,会员折扣,6,124.2,9974,45,1,25-34,肉食,600.0,否,否
26.38,9,新一线,余额,会员折扣,25,212.42,61,25,0,18-24,蔬菜,200.0,否,是
31.39,0,新一线,云闪付,满减,0,0.0,58,34,1,25-34,豆制品,1000.0,否,否
28.42,8,新一线,云闪付,秒杀,4,223.36,2423,40,1,18-24,蔬菜,300.0,是,否
10.9,6,三线,云闪付,会员折扣,2,63.4,7793,30,1,45-54,肉食,600.0,是,是
22.04,9,三线,支付宝,会员折扣,9,189.36,2949,48,1,45-54,肉食,200.0,是,否
26.29,5,新一线,银行卡,会员折扣,1,130.45,5414,39,0,45-54,肉食,400.0,否,否
17.95,1,一线,余额,满减,5,12.95,8494,49,1,45-54,肉食,500.0,否,是
30.7,2,一线,云闪付,平台券,13,48.4,5127,42,1,25-34,肉食,200.0,否,是
21.63,9,二线,银行卡,无,0,194.67,4911,50,1,18-24,肉食,300.0,是,否
19.19,6,二线,余额,满减,0,115.14,6424,47,0,35-44,蔬菜,1000.0,否,否
10.04,3,三线,云闪付,店铺券,1,29.12,2537,32,1,45-54,肉食,1000.0,否,是
29.04,2,三线,云闪付,无,0,58.08,6200,42,1,18-24,肉食,1000.0,是,是
11.78,2,二线,支付宝,平台券,8,15.56,92,33,1,45-54,蔬菜,300.0,是,是
17.56,9,二线,余额,秒杀,10,148.04,71,38,1,55+,肉食,300.0,否,是
44.38,7,新一线,微信,平台券,5,305.66,5195,36,1,25-34,肉食,1000.0,是,是
10.79,3,三线,支付宝,满减,5,27.37,3538,45,0,25-34,肉食,600.0,是,否
42.53,1,三线,余额,秒杀,22,20.53,7081,34,0,45-54,肉食,200.0,否,是
37.6,1,一线,余额,店铺券,22,15.6,7081,34,1,35-44,肉食,200.0,否,是
42.61,1,一线,支付宝,会员折扣,2,40.61,3538,45,1,45-54,肉食,600.0,是,否
49.15,5,一线,银行卡,平台券,4,241.75,9974,45,1,35-44,肉食,600.0,否,否
14.49,4,三线,余额,会员折扣,1,56.96,7308,47,1,35-44,蔬菜,200.0,否,否
34.57,0,三线,支付宝,无,0,0.0,4827,39,1,25-34,豆制品,600.0,否,是
42.17,8,一线,余额,会员折扣,25,312.36,2351,15,0,18-24,蔬菜,600.0,否,否
45.97,9,新一线,支付宝,平台券,6,407.73,9011,41,1,45-54,肉食,1000.0,是,是
24.53,10,三线,云闪付,无,0,245.3,5127,42,1,45-54,肉食,200.0,否,是
30.05,5,三线,余额,满减,17,133.25,8494,49,0,25-34,肉食,500.0,否,是
11.74,0,一线,余额,满减,0,0.0,8494,49,0,25-34,肉食,500.0,否,是
17.17,1,二线,微信,会员折扣,2,15.17,1336,35,0,25-34,肉食,500.0,否,否
13.54,1,一线,支付宝,店铺券,2,11.54,5711,44,1,25-34,肉食,200.0,否,否
16.41,7,新一线,银行卡,会员折扣,7,107.87,9974,45,0,45-54,肉食,600.0,否,否
17.56,3,新一线,云闪付,无,0,52.68,8163,48,1,25-34,肉食,500.0,否,否
47.56,3,一线,银行卡,无,0,142.68,4711,40,1,25-34,肉食,200.0,是,否
36.87,2,三线,银行卡,满减,8,65.74,4711,40,1,25-34,肉食,200.0,是,否
28.43,10,一线,支付宝,无,0,284.3,92,33,1,18-24,蔬菜,300.0,是,是
47.34,5,新一线,云闪付,无,0,236.7,2549,50,1,18-24,主食面汤,1000.0,否,是
24.53,10,新一线,支付宝,会员折扣,5,240.3,6158,35,0,25-34,肉食,400.0,否,是
27.63,3,新一线,支付宝,秒杀,8,74.89,3538,45,0,45-54,肉食,600.0,是,否
17.47,8,新一线,银行卡,会员折扣,10,129.76,7743,36,0,18-24,豆制品,300.0,是,是
15.83,2,新一线,云闪付,会员折扣,6,25.66,3035,44,1,45-54,主食面汤,1000.0,否,是
14.63,9,三线,银行卡,满减,5,126.67,1097,12,0,18-24,蔬菜,600.0,否,否
35.5,9,三线,银行卡,平台券,25,294.5,44,42,1,45-54,肉食,400.0,否,是
14.28,8,新一线,云闪付,满减,6,108.24,4339,42,1,25-34,肉食,1000.0,否,是
30.19,0,新一线,银行卡,店铺券,0,0.0,3167,43,1,35-44,肉食,600.0,是,否
43.31,0,一线,支付宝,会员折扣,0,0.0,6066,48,1,35-44,肉食,400.0,否,否
37.63,10,一线,银行卡,秒杀,3,373.3,4911,50,1,25-34,肉食,300.0,是,否
25.17,0,新一线,支付宝,无,0,0.0,2011,34,1,45-54,肉食,300.0,否,否
18.84,1,新一线,支付宝,店铺券,1,17.84,3597,36,0,25-34,肉食,200.0,是,是
26.26,8,一线,支付宝,店铺券,14,196.08,3538,45,1,25-34,肉食,600.0,是,否
30.41,8,三线,支付宝,满减,37,206.28,57,36,0,25-34,主食面汤,300.0,否,否
39.56,5,一线,支付宝,平台券,13,184.8,99,36,1,18-24,肉食,400.0,否,是
25.88,7,一线,余额,平台券,2,179.16,49,30,1,35-44,蔬菜,500.0,否,否
29.91,1,新一线,余额,会员折扣,18,11.91,8494,49,1,35-44,肉食,500.0,否,是
10.77,7,新一线,支付宝,会员折扣,1,74.39,6844,43,0,18-24,主食面汤,500.0,否,是
36.15,8,二线,支付宝,无,0,289.2,3942,31,1,35-44,肉食,500.0,否,是
40.96,6,一线,支付宝,无,0,245.76,8382,23,0,45-54,肉食,200.0,否,否
29.74,6,新一线,支付宝,秒杀,7,171.44,2070,35,1,18-24,豆制品,400.0,否,是
37.99,5,一线,银行卡,秒杀,1,188.95,7925,16,0,25-34,肉食,200.0,否,是
44.41,5,三线,银行卡,无,0,222.05,3217,14,0,25-34,主食面汤,300.0,否,是
37.52,5,三线,云闪付,平台券,5,182.6,1494,43,1,18-24,肉食,800.0,是,是
27.69,1,一线,余额,店铺券,13,14.69,3907,40,1,18-24,主食面汤,500.0,否,否
25.59,9,一线,支付宝,满减,4,226.31,6936,37,1,45-54,肉食,300.0,否,否
25.46,6,新一线,支付宝,平台券,3,149.76,1124,18,0,25-34,肉食,800.0,否,是
33.81,10,新一线,支付宝,会员折扣,1,337.1,3824,30,1,35-44,主食面汤,600.0,是,是
11.9,10,新一线,银行卡,会员折扣,5,114.0,9992,33,1,18-24,肉食,500.0,是,是
25.42,10,新一线,支付宝,平台券,20,234.2,56,40,1,55+,蔬菜,500.0,否,否
37.81,4,新一线,支付宝,店铺券,4,147.24,4,34,0,55+,肉食,300.0,否,否
14.23,6,三线,支付宝,会员折扣,3,82.38,7340,42,1,25-34,肉食,400.0,否,否
36.89,6,二线,微信,满减,49,172.34,49,47,1,45-54,肉食,600.0,否,是
16.48,4,新一线,支付宝,秒杀,3,62.92,8074,44,1,25-34,肉食,300.0,否,是
32.51,3,新一线,支付宝,满减,13,84.53,2070,35,1,45-54,豆制品,400.0,否,是
35.67,3,新一线,云闪付,秒杀,31,76.01,4,42,1,18-24,豆制品,400.0,否,否
22.22,6,新一线,支付宝,满减,5,128.32,6844,43,1,25-34,主食面汤,500.0,否,是
38.25,7,一线,余额,会员折扣,1,266.75,3893,36,0,25-34,蔬菜,400.0,否,是
28.21,2,二线,银行卡,秒杀,10,46.42,7669,33,0,18-24,蔬菜,300.0,否,否
30.33,8,三线,银行卡,秒杀,10,232.64,3605,39,1,25-34,豆制品,600.0,否,否
18.6,8,新一线,云闪付,会员折扣,2,146.8,4812,44,0,25-34,肉食,600.0,否,否
16.9,1,一线,银行卡,秒杀,1,15.9,8925,34,1,18-24,肉食,200.0,否,否
28.04,9,新一线,微信,无,0,252.36,3863,41,1,25-34,肉食,1000.0,否,否
24.1,9,一线,余额,无,0,216.9,96,40,1,18-24,主食面汤,300.0,是,否
40.8,6,新一线,银行卡,满减,9,235.8,7925,16,0,35-44,肉食,200.0,否,是
39.44,6,新一线,云闪付,店铺券,10,226.64,7486,49,1,35-44,肉食,200.0,否,是
42.84,9,三线,支付宝,满减,2,383.56,8074,44,1,45-54,肉食,300.0,否,是
18.18,0,新一线,支付宝,平台券,0,0.0,8835,40,1,45-54,肉食,500.0,否,是
17.45,3,新一线,云闪付,店铺券,8,44.35,4955,39,0,18-24,豆制品,300.0,否,是
15.03,0,三线,支付宝,无,0,0.0,9316,36,1,18-24,肉食,800.0,否,否
15.54,0,三线,余额,会员折扣,0,0.0,94,43,0,45-54,肉食,200.0,是,是
10.73,2,三线,云闪付,满减,1,20.46,4986,42,1,35-44,蔬菜,200.0,否,是
22.47,7,一线,余额,秒杀,10,147.29,8760,22,1,45-54,蔬菜,1000.0,否,否
44.08,5,二线,云闪付,平台券,5,215.4,4986,42,1,18-24,蔬菜,200.0,否,是
23.81,9,一线,支付宝,平台券,14,200.29,7747,34,0,25-34,肉食,500.0,否,是
29.67,1,三线,支付宝,平台券,3,26.67,5,42,1,45-54,肉食,600.0,否,是
18.87,6,三线,云闪付,无,0,113.22,9539,46,1,25-34,肉食,600.0,否,否
47.01,9,新一线,余额,无,0,423.09,7579,37,1,35-44,蔬菜,500.0,否,否
47.9,6,新一线,微信,满减,3,284.4,9105,30,0,18-24,肉食,1000.0,否,否
18.58,8,三线,支付宝,无,0,148.64,2070,35,1,18-24,豆制品,400.0,否,是
26.86,10,新一线,支付宝,秒杀,37,231.6,74,34,1,18-24,肉食,800.0,否,是
25.71,9,新一线,余额,店铺券,6,225.39,4752,42,1,45-54,蔬菜,500.0,是,是
40.74,7,新一线,支付宝,会员折扣,14,271.18,5910,32,0,45-54,肉食,400.0,否,是
18.45,9,三线,支付宝,无,0,166.05,6008,39,1,18-24,蔬菜,500.0,否,是
20.11,5,新一线,支付宝,会员折扣,1,99.55,3667,37,0,18-24,蔬菜,800.0,否,否
35.81,1,三线,余额,满减,3,32.81,5302,39,1,25-34,蔬菜,200.0,否,否
26.59,9,一线,云闪付,满减,9,230.31,2107,46,1,18-24,肉食,600.0,是,否
35.01,8,一线,支付宝,平台券,1,279.08,5,42,1,18-24,肉食,600.0,否,是
20.07,2,一线,银行卡,会员折扣,7,33.14,2177,40,0,55+,蔬菜,300.0,是,否
41.09,0,新一线,支付宝,满减,0,0.0,7660,36,1,18-24,肉食,200.0,否,是
33.84,1,新一线,支付宝,会员折扣,16,17.84,6936,37,0,35-44,肉食,300.0,否,否
40.05,4,二线,云闪付,会员折扣,10,150.2,5960,41,1,18-24,豆制品,1000.0,否,否
14.75,4,三线,支付宝,会员折扣,3,56.0,2070,35,1,55+,豆制品,400.0,否,是
39.19,9,新一线,支付宝,无,0,352.71,2070,35,1,18-24,豆制品,400.0,否,是
42.44,1,一线,银行卡,店铺券,15,27.44,7925,16,0,18-24,肉食,200.0,否,是
24.71,5,三线,支付宝,会员折扣,1,122.55,6124,42,1,45-54,蔬菜,400.0,否,否
44.52,10,一线,支付宝,无,0,445.2,7936,37,0,18-24,豆制品,200.0,是,否
13.14,2,新一线,支付宝,无,0,26.28,9384,44,1,35-44,主食面汤,300.0,是,否
16.2,7,新一线,银行卡,满减,23,90.4,77,46,1,45-54,肉食,200.0,否,否
30.86,3,三线,余额,平台券,6,86.58,9347,18,0,18-24,蔬菜,500.0,否,是
37.72,3,二线,银行卡,无,0,113.16,3343,38,1,55+,肉食,300.0,否,是
38.83,10,三线,支付宝,满减,38,350.3,5,42,1,25-34,肉食,600.0,否,是
32.19,8,新一线,支付宝,平台券,1,256.52,6844,43,0,25-34,主食面汤,500.0,否,是
12.2,2,三线,云闪付,会员折扣,1,23.4,3656,49,1,18-24,肉食,300.0,否,否
45.65,3,新一线,银行卡,会员折扣,45,91.95,34,39,1,25-34,豆制品,200.0,是,否
37.19,9,三线,支付宝,店铺券,5,329.71,3136,38,1,55+,蔬菜,1000.0,否,否
11.66,0,一线,余额,无,0,0.0,2,44,1,35-44,蔬菜,800.0,是,否
46.69,6,新一线,微信,无,0,280.14,49,47,1,18-24,肉食,600.0,否,是
18.48,3,新一线,支付宝,秒杀,2,53.44,6844,43,1,25-34,主食面汤,500.0,否,是
11.18,10,三线,支付宝,会员折扣,6,105.8,8185,35,1,18-24,肉食,1000.0,否,是
21.11,4,一线,云闪付,秒杀,3,81.44,5620,41,1,35-44,肉食,500.0,是,否
44.8,8,三线,余额,满减,3,355.4,6145,31,1,25-34,肉食,800.0,否,是
22.14,0,三线,银行卡,无,0,0.0,83,30,1,25-34,蔬菜,1000.0,否,否
36.45,8,三线,支付宝,满减,12,279.6,8074,44,1,55+,肉食,300.0,否,是
40.27,5,新一线,支付宝,店铺券,7,194.35,8382,23,0,18-24,肉食,200.0,否,否
49.04,10,一线,支付宝,无,0,490.4,6936,37,0,18-24,肉食,300.0,否,否
48.28,0,二线,云闪付,无,0,0.0,8460,14,0,18-24,蔬菜,600.0,是,否
17.45,9,新一线,银行卡,店铺券,27,130.05,98,21,1,18-24,肉食,300.0,否,是
24.16,5,新一线,银行卡,会员折扣,26,94.8,62,38,0,25-34,蔬菜,300.0,否,是
28.02,3,二线,银行卡,满减,29,55.06,97,47,0,18-24,主食面汤,400.0,否,是
