单价(元),数量(个),消费城市级别,支付方式,优惠方式,优惠金额(元),实际支付(元),库存剩余(件),商品评分,是否复购,客户年龄段,商品类别,包装规格(g),是否节假日,是否用餐高峰
39.28,10,3,0,3,3,389.8,1402,30,1,0,3,600.0,0,0
34.04,6,3,4,4,16,188.24,9918,31,1,2,3,300.0,0,0
22.18,2,0,0,1,4,40.36,3706,40,1,3,3,400.0,0,0
27.61,6,0,3,5,1,164.66,4646,14,0,1,3,1000.0,0,0
29.81,8,1,3,2,1,237.48,4646,14,1,0,3,1000.0,0,0
17.39,9,2,0,2,10,146.51,3214,30,1,1,3,600.0,0,0
41.01,1,3,2,5,19,22.01,72,32,0,0,3,200.0,0,1
47.58,3,0,3,4,26,116.74,3673,43,1,1,3,200.0,0,1
45.79,6,0,3,3,11,263.74,3673,43,1,0,3,200.0,0,1
33.92,7,3,0,3,7,230.44,2982,30,1,3,3,400.0,1,0
24.27,5,1,0,5,10,111.35,60,32,0,0,3,800.0,0,0
15.64,5,1,4,3,2,76.2,2333,36,0,3,3,800.0,0,0
10.22,7,1,0,3,12,59.54,60,32,1,2,3,800.0,0,0
42.62,6,3,2,5,8,247.72,9241,47,1,3,3,600.0,0,0
39.16,7,1,0,3,6,268.12,6507,31,1,1,1,500.0,0,0
12.96,1,3,1,5,11,1.96,14,42,0,0,3,200.0,0,1
22.44,8,0,1,3,1,178.52,42,35,0,0,2,500.0,1,1
23.01,6,2,1,4,28,110.06,14,42,1,4,3,200.0,0,1
35.5,7,1,0,3,27,221.5,60,32,0,3,3,800.0,0,0
40.43,2,0,3,0,0,80.86,2633,20,1,1,1,200.0,0,0
32.45,0,1,0,4,0,0.0,20,46,1,2,3,400.0,0,0
29.75,2,3,0,0,0,59.5,20,46,1,0,3,400.0,0,0
14.32,4,1,4,5,0,57.28,6916,43,1,0,3,1000.0,0,0
19.97,8,3,0,3,8,151.76,60,32,0,1,3,800.0,0,0
26.42,7,3,2,3,3,181.94,6237,40,1,0,3,800.0,0,1
13.08,6,1,3,5,3,75.48,27,30,1,1,3,1000.0,1,0
16.45,7,3,2,5,1,114.15,87,40,1,4,3,800.0,1,0
17.46,2,1,4,3,17,17.92,77,45,1,1,1,400.0,1,0
30.43,9,0,3,3,29,244.87,27,30,0,3,3,1000.0,1,0
14.79,6,0,4,4,15,73.74,77,45,1,0,1,400.0,1,0
22.93,3,1,3,5,0,68.79,9724,41,1,3,3,400.0,1,1
30.75,4,1,4,4,1,122.0,1379,38,0,0,3,1000.0,0,1
38.12,6,1,2,3,10,218.72,7981,31,0,1,1,1000.0,0,0
24.55,6,1,3,0,0,147.3,8241,13,0,4,3,300.0,1,0
21.39,5,2,3,2,27,79.95,9,17,0,1,3,300.0,0,1
12.06,4,0,2,5,12,36.24,33,13,0,3,1,500.0,0,0
21.15,5,0,1,5,3,102.75,3262,35,0,0,0,200.0,0,0
19.58,10,1,3,3,9,186.8,9,17,0,0,3,300.0,0,1
15.8,9,1,4,5,3,139.2,4024,35,0,3,3,1000.0,0,1
49.43,8,2,4,4,24,371.44,7556,50,1,2,3,1000.0,0,0
36.89,0,0,3,3,0,0.0,9,17,0,2,3,300.0,0,1
40.46,0,0,3,3,0,0.0,9724,41,1,0,3,400.0,1,1
39.13,10,1,1,3,13,378.3,3262,35,0,0,0,200.0,0,0
24.71,8,0,4,0,0,197.68,7556,50,1,0,3,1000.0,0,0
35.34,8,1,3,0,0,282.72,9,17,0,1,3,300.0,0,1
31.43,2,0,3,5,7,55.86,8241,13,0,1,3,300.0,1,0
22.83,7,1,1,4,4,155.81,3262,35,0,1,0,200.0,0,0
11.63,8,1,2,0,0,93.04,87,40,1,2,3,800.0,1,0
33.64,4,1,3,0,0,134.56,9724,41,1,1,3,400.0,1,1
23.64,0,0,4,2,0,0.0,77,45,1,4,1,400.0,1,0
20.32,1,1,4,4,8,12.32,7556,50,1,3,3,1000.0,0,0
32.21,4,0,1,0,0,128.84,3262,35,0,1,0,200.0,0,0
31.19,0,1,4,5,0,0.0,77,45,1,1,1,400.0,1,0
45.89,10,2,2,5,6,452.9,7981,31,0,3,1,1000.0,0,0
46.02,0,2,4,3,0,0.0,7556,50,1,0,3,1000.0,0,0
45.88,4,3,4,2,14,169.52,1379,38,0,0,3,1000.0,0,1
45.48,0,1,3,1,0,0.0,9,17,0,1,3,300.0,0,1
37.68,0,2,3,1,0,0.0,55,24,1,3,3,200.0,0,0
18.97,7,0,3,4,11,121.79,55,24,1,2,3,200.0,0,0
13.75,10,1,3,0,0,137.5,7079,33,1,2,3,200.0,0,1
20.61,2,0,4,3,0,41.22,5200,45,1,0,0,400.0,0,1
48.92,10,0,3,5,7,482.2,6088,44,1,3,1,400.0,0,0
45.68,2,1,3,0,0,91.36,6088,44,0,0,1,400.0,0,0
35.25,9,0,3,4,2,315.25,6088,44,1,2,1,400.0,0,0
41.79,2,1,3,4,21,62.58,55,24,1,1,3,200.0,0,0
35.82,6,0,1,3,54,160.92,84,41,1,1,0,300.0,0,1
27.13,6,1,4,0,0,162.78,33,31,1,1,1,500.0,0,1
48.67,9,1,0,2,23,415.03,4971,48,0,4,1,500.0,0,0
34.6,8,1,1,1,42,234.8,84,41,1,0,0,300.0,0,1
42.37,7,1,4,3,10,286.59,8327,42,1,3,1,1000.0,1,0
46.53,0,3,4,3,0,0.0,7214,32,0,3,3,600.0,1,1
30.45,7,1,4,5,6,207.15,7214,32,0,1,3,600.0,1,1
28.62,5,0,3,4,5,138.1,3145,44,1,0,1,500.0,0,0
31.71,2,1,0,3,2,61.42,1541,25,1,1,1,200.0,0,1
21.46,8,3,0,3,8,163.68,1541,25,1,3,1,200.0,0,1
30.89,7,1,4,3,6,210.23,7214,32,1,0,3,600.0,1,1
20.83,5,0,4,5,4,100.15,8327,42,1,3,1,1000.0,1,0
19.91,0,3,3,0,0,0.0,4646,14,1,0,3,1000.0,0,0
10.58,0,1,1,0,0,0.0,3262,35,0,0,0,200.0,0,0
11.84,4,0,1,1,4,43.36,84,41,1,0,0,300.0,0,1
44.22,0,0,0,3,0,0.0,6507,31,1,1,1,500.0,0,0
38.15,2,0,0,1,10,66.3,1541,25,1,2,1,200.0,0,1
35.4,1,1,1,0,0,35.4,14,42,1,0,3,200.0,0,1
16.52,9,0,3,4,27,121.68,9,17,0,0,3,300.0,0,1
11.06,0,2,3,3,0,0.0,6088,44,1,3,1,400.0,0,0
33.02,5,3,4,3,33,132.1,77,45,1,1,1,400.0,1,0
17.83,9,0,3,3,2,158.47,4646,14,0,1,3,1000.0,0,0
12.85,7,1,2,4,18,71.95,87,40,1,3,3,800.0,1,0
10.93,1,2,4,5,1,9.93,6916,43,1,0,3,1000.0,0,0
42.58,1,0,3,1,35,7.58,55,24,1,1,3,200.0,0,0
37.87,2,3,0,5,5,70.74,3706,40,1,0,3,400.0,0,0
45.1,9,1,3,1,23,382.9,3673,43,1,0,3,200.0,0,1
42.14,9,1,4,4,3,376.26,1379,38,0,3,3,1000.0,0,1
21.28,9,0,4,3,2,189.52,8327,42,1,3,1,1000.0,1,0
17.1,5,1,4,3,3,82.5,7214,32,0,3,3,600.0,1,1
41.06,10,1,0,2,45,365.6,20,46,1,1,3,400.0,0,0
44.34,7,1,3,5,4,306.38,9724,41,1,0,3,400.0,1,1
43.06,2,1,3,0,0,86.12,7079,33,1,3,3,200.0,0,1
22.8,6,1,1,1,9,127.8,3262,35,0,1,0,200.0,0,0
27.94,9,3,3,4,5,246.46,9724,41,1,1,3,400.0,1,1
13.65,0,3,3,3,0,0.0,55,24,1,3,3,200.0,0,0
29.78,9,0,1,0,0,268.02,42,35,0,0,2,500.0,1,1
14.04,4,3,2,3,9,47.16,87,40,1,3,3,800.0,1,0
13.39,5,1,3,5,19,47.95,9,17,0,1,3,300.0,0,1
24.97,4,0,4,0,0,99.88,5200,45,1,1,0,400.0,0,1
24.83,0,1,4,5,0,0.0,7214,32,0,0,3,600.0,1,1
29.71,9,3,3,3,8,259.39,2633,20,1,0,1,200.0,0,0
14.75,1,3,0,5,5,9.75,4971,48,0,0,1,500.0,0,0
24.99,0,1,2,2,0,0.0,6237,40,1,3,3,800.0,0,1
32.15,2,2,4,2,1,63.3,1379,38,0,0,3,1000.0,0,1
37.83,10,2,4,5,16,362.3,7556,50,1,0,3,1000.0,0,0
35.1,2,0,3,3,2,68.2,6088,44,0,1,1,400.0,0,0
33.37,0,3,3,5,0,0.0,55,24,1,1,3,200.0,0,0
11.82,7,1,2,0,0,82.74,7981,31,0,0,1,1000.0,0,0
48.02,10,1,2,1,30,450.2,72,32,0,0,3,200.0,0,1
45.61,1,1,3,5,9,36.61,3673,43,1,0,3,200.0,0,1
17.52,6,1,0,3,4,101.12,60,32,0,1,3,800.0,0,0
33.35,7,1,4,3,11,222.45,8327,42,1,1,1,1000.0,1,0
49.45,9,3,3,5,0,445.05,9724,41,1,0,3,400.0,1,1
37.39,3,2,4,4,6,106.17,2333,36,0,2,3,800.0,0,0
46.44,4,1,3,5,42,143.76,9,17,0,0,3,300.0,0,1
42.9,1,1,1,4,9,33.9,3262,35,0,1,0,200.0,0,0
11.81,3,3,1,1,14,21.43,84,41,1,0,0,300.0,0,1
16.02,2,2,1,0,0,32.04,3262,35,0,0,0,200.0,0,0
33.77,0,2,0,0,0,0.0,1541,25,1,3,1,200.0,0,1
48.8,3,1,3,3,85,61.4,9,17,0,0,3,300.0,0,1
20.94,6,0,1,1,3,122.64,14,42,0,1,3,200.0,0,1
42.52,6,1,4,0,0,255.12,7556,50,1,3,3,1000.0,0,0
49.87,8,3,4,1,29,369.96,7556,50,1,0,3,1000.0,0,0
32.22,2,3,0,0,0,64.44,20,46,1,0,3,400.0,0,0
40.76,8,1,4,5,5,321.08,7214,32,1,1,3,600.0,1,1
43.99,0,1,2,5,0,0.0,33,13,0,3,1,500.0,0,0
19.15,0,3,4,0,0,0.0,77,45,1,0,1,400.0,1,0
34.73,8,1,2,1,13,264.84,7981,31,0,2,1,1000.0,0,0
36.86,6,1,3,4,19,202.16,8241,13,0,0,3,300.0,1,0
30.81,9,2,3,3,27,250.29,20,48,1,2,3,300.0,1,1
44.09,4,3,2,3,7,169.36,7663,39,1,0,3,500.0,0,1
32.44,2,0,3,0,0,64.88,20,48,1,2,3,300.0,1,1
11.15,4,1,3,0,0,44.6,20,48,1,0,3,300.0,1,1
35.34,10,1,1,0,0,353.4,8014,34,0,3,3,500.0,0,0
13.03,1,0,1,4,0,13.03,7391,45,1,3,1,200.0,0,0
23.83,5,1,3,4,12,107.15,20,48,0,0,3,300.0,1,1
28.96,0,3,0,3,0,0.0,3097,38,0,1,1,400.0,0,0
13.55,6,1,4,0,0,81.3,4242,46,1,1,2,400.0,0,1
14.83,10,1,4,0,0,148.3,4018,32,0,1,3,200.0,0,1
24.57,2,1,0,0,0,49.14,6367,47,1,1,3,800.0,0,1
37.62,2,1,3,5,65,10.24,79,40,1,3,3,300.0,0,1
46.83,6,1,0,0,0,280.98,3097,38,1,2,1,400.0,0,0
18.37,7,0,4,3,3,125.59,4018,32,0,1,3,200.0,0,1
29.38,5,0,4,4,16,130.9,4018,32,0,0,3,200.0,0,1
45.81,4,1,4,4,20,163.24,4242,46,1,1,2,400.0,0,1
27.9,3,1,4,3,32,51.7,95,32,0,1,1,1000.0,0,0
33.47,4,1,1,5,34,99.88,12,33,0,0,1,400.0,0,1
15.1,3,3,2,5,8,37.3,5738,34,0,3,1,200.0,0,0
35.84,9,1,1,5,16,306.56,72,36,0,0,0,200.0,0,0
17.46,4,1,2,2,2,67.84,1022,46,1,2,3,400.0,1,0
45.87,5,2,4,2,16,213.35,48,48,1,2,3,1000.0,0,1
13.21,1,1,4,5,4,9.21,48,48,1,3,3,1000.0,0,1
30.98,2,2,0,4,6,55.96,25,39,1,0,3,800.0,1,1
14.48,1,3,2,4,3,11.48,8987,30,0,0,2,300.0,0,0
42.68,10,1,4,0,0,426.8,8759,34,0,0,3,500.0,0,1
36.75,7,1,2,2,27,230.25,72,48,1,0,3,1000.0,1,0
32.86,0,1,3,0,0,0.0,9165,37,1,0,1,200.0,0,1
22.95,4,1,3,5,7,84.8,9165,37,1,0,1,200.0,0,1
34.42,10,1,4,2,11,333.2,9445,42,1,3,3,800.0,0,1
21.55,0,3,1,1,0,0.0,68,38,0,3,2,300.0,0,0
16.17,1,1,1,4,16,0.17,68,38,0,1,2,300.0,0,0
31.3,2,1,0,0,0,62.6,7985,39,0,0,3,500.0,0,1
12.53,5,3,3,0,0,62.65,23,31,1,0,2,800.0,1,0
49.6,0,3,3,5,0,0.0,23,31,1,0,2,800.0,1,0
37.26,2,3,1,4,8,66.52,68,38,0,3,2,300.0,0,0
28.86,4,1,4,2,5,110.44,8759,34,0,0,3,500.0,0,1
47.18,9,1,3,5,3,421.62,23,31,1,3,2,800.0,1,0
48.6,2,1,2,0,0,97.2,72,48,0,0,3,1000.0,1,0
39.23,4,2,4,5,6,150.92,7085,44,1,0,1,200.0,0,1
47.53,8,1,0,4,6,374.24,9802,15,0,2,3,1000.0,0,1
16.57,9,0,1,1,8,141.13,48,39,1,1,3,500.0,0,1
42.66,1,3,0,5,42,0.66,64,45,1,3,3,800.0,0,0
25.08,5,3,4,3,3,122.4,7085,44,1,0,1,200.0,0,1
30.11,0,1,4,5,0,0.0,8759,34,0,2,3,500.0,0,1
45.98,4,3,2,2,5,178.92,8987,30,0,1,2,300.0,0,0
25.36,4,3,4,3,9,92.44,9445,42,1,1,3,800.0,0,1
31.74,1,0,3,0,0,31.74,9165,37,1,2,1,200.0,0,1
47.59,5,0,0,5,6,231.95,7985,39,0,3,3,500.0,0,1
34.8,1,2,0,4,1,33.8,9802,15,0,1,3,1000.0,0,1
31.34,10,3,3,5,38,275.4,23,31,1,3,2,800.0,1,0
22.47,8,2,2,3,9,170.76,72,48,1,3,3,1000.0,1,0
19.94,5,0,4,4,3,96.7,8759,34,0,4,3,500.0,0,1
39.76,0,2,1,0,0,0.0,68,38,0,0,2,300.0,0,0
14.43,3,1,3,4,3,40.29,9165,37,1,0,1,200.0,0,1
41.89,9,1,1,1,16,361.01,8,31,1,0,3,500.0,0,0
38.8,4,0,3,3,6,149.2,5468,39,1,0,3,300.0,0,0
20.07,1,2,3,5,7,13.07,2546,32,1,3,3,800.0,0,1
46.34,10,1,1,0,0,463.4,4925,47,1,3,3,800.0,1,0
28.48,6,1,0,5,12,158.88,7089,38,1,4,1,200.0,0,1
30.24,7,0,3,5,5,206.68,5468,39,1,3,3,300.0,0,0
37.87,2,1,4,3,46,29.74,14,35,1,1,3,500.0,0,0
16.1,1,1,4,3,3,13.1,1751,34,1,1,3,600.0,1,1
47.37,4,1,3,1,3,186.48,6295,49,1,1,2,500.0,0,1
44.8,8,1,3,3,6,352.4,3727,38,1,3,3,800.0,0,0
12.19,9,2,0,4,1,108.71,1310,36,1,1,3,200.0,0,0
23.41,10,3,0,0,0,234.1,5662,10,0,0,1,1000.0,1,1
42.11,8,1,0,3,12,324.88,8583,37,1,1,2,200.0,1,0
25.93,8,1,3,5,1,206.44,6295,49,0,0,2,500.0,0,1
23.85,10,2,3,3,0,238.5,5323,24,0,3,1,600.0,0,1
23.88,0,1,3,5,0,0.0,61,47,1,3,2,400.0,0,1
28.09,3,3,3,3,21,63.27,61,47,0,1,2,400.0,0,1
36.54,9,3,4,4,3,325.86,2897,43,1,1,3,500.0,1,0
48.44,7,3,4,0,0,339.08,2897,43,1,3,3,500.0,1,0
33.82,1,3,3,3,1,32.82,4542,41,1,2,0,200.0,1,1
32.39,0,1,3,0,0,0.0,6017,43,1,1,3,200.0,1,1
16.21,3,2,1,1,0,48.63,5548,44,1,2,3,1000.0,0,1
44.47,3,3,1,3,5,128.41,3808,37,0,1,3,300.0,0,0
24.93,2,0,3,3,0,49.86,3392,43,1,0,3,500.0,1,0
38.64,7,1,1,4,7,263.48,5548,44,1,1,3,1000.0,0,1
11.08,0,3,0,4,0,0.0,4693,34,0,0,1,600.0,0,0
36.88,8,1,4,2,1,294.04,1943,14,0,3,0,200.0,1,1
10.79,4,1,3,4,1,42.16,6017,43,1,1,3,200.0,1,1
14.16,5,2,3,0,0,70.8,6017,43,0,0,3,200.0,1,1
36.11,1,3,1,3,0,36.11,3808,37,0,0,3,300.0,0,0
13.98,7,3,3,0,0,97.86,6017,43,1,0,3,200.0,1,1
21.73,4,1,0,5,1,85.92,4693,34,0,0,1,600.0,0,0
11.06,10,0,1,0,0,110.6,5548,44,1,0,3,1000.0,0,1
33.32,6,0,3,1,4,195.92,6017,43,0,0,3,200.0,1,1
21.78,3,2,2,2,0,65.34,8987,30,0,0,2,300.0,0,0
47.94,5,3,3,5,5,234.7,5468,39,1,3,3,300.0,0,0
27.01,1,3,3,0,0,27.01,23,31,1,3,2,800.0,1,0
20.75,7,3,0,3,3,142.25,9802,15,0,1,3,1000.0,0,1
31.67,9,3,3,0,0,285.03,20,48,0,3,3,300.0,1,1
35.34,2,1,1,5,24,46.68,12,33,0,3,1,400.0,0,1
20.96,9,3,3,0,0,188.64,3727,38,1,1,3,800.0,0,0
32.17,5,0,1,1,21,139.85,72,36,0,0,0,200.0,0,0
36.06,4,2,3,4,2,142.24,6017,43,1,3,3,200.0,1,1
11.88,1,3,3,0,0,11.88,61,47,1,0,2,400.0,0,1
13.31,4,0,2,5,1,52.24,1022,46,1,0,3,400.0,1,0
24.23,7,0,3,3,8,161.61,20,48,1,4,3,300.0,1,1
47.47,1,3,2,5,9,38.47,8987,30,0,1,2,300.0,0,0
33.8,1,1,3,1,6,27.8,3392,43,1,1,3,500.0,1,0
33.87,0,1,0,2,0,0.0,7985,39,0,0,3,500.0,0,1
42.76,4,0,0,1,17,154.04,8583,37,1,0,2,200.0,1,0
20.89,9,1,3,3,4,184.01,6295,49,1,0,2,500.0,0,1
33.61,3,2,0,5,3,97.83,7985,39,0,3,3,500.0,0,1
24.44,8,3,2,0,0,195.52,72,48,1,4,3,1000.0,1,0
48.01,7,1,3,3,2,334.07,6017,43,0,0,3,200.0,1,1
27.84,7,3,2,0,0,194.88,5738,34,0,4,1,200.0,0,0
43.97,8,1,1,3,15,336.76,8261,33,0,1,3,1000.0,0,0
47.76,4,2,1,4,18,173.04,5231,47,1,3,3,800.0,0,0
11.58,7,1,0,0,0,81.06,30,10,0,3,1,300.0,0,0
47.01,2,2,3,5,87,7.02,37,38,1,1,3,800.0,0,1
11.36,5,1,3,0,0,56.8,8057,48,1,2,3,400.0,0,1
37.9,2,0,3,5,5,70.8,1037,50,1,2,3,200.0,0,1
21.89,6,3,3,0,0,131.34,1982,31,0,4,1,400.0,1,1
46.98,2,1,3,5,26,67.96,4032,41,1,0,0,800.0,0,1
33.85,5,1,0,0,0,169.25,2115,33,1,1,3,200.0,0,1
38.99,0,2,3,0,0,0.0,1982,31,0,1,1,400.0,1,1
34.63,0,1,3,3,0,0.0,37,38,1,1,3,800.0,0,1
44.99,3,1,3,0,0,134.97,37,38,1,1,3,800.0,0,1
47.56,7,1,4,1,56,276.92,22,32,1,1,2,600.0,1,0
41.95,4,0,2,5,7,160.8,8090,43,1,0,1,500.0,0,0
49.92,3,1,0,0,0,149.76,1437,50,1,2,3,200.0,0,1
24.03,1,2,1,5,5,19.03,6757,36,1,1,1,600.0,0,1
29.2,2,3,3,0,0,58.4,5606,30,0,3,1,200.0,0,0
44.95,3,1,2,0,0,134.85,9869,30,1,1,3,1000.0,0,1
49.36,9,2,3,2,3,441.24,3060,43,1,1,3,500.0,0,0
40.73,10,1,2,1,14,393.3,9000,31,1,4,3,1000.0,0,1
24.18,7,1,3,3,2,167.26,8057,48,1,3,3,400.0,0,1
21.49,5,3,1,3,21,86.45,79,13,0,0,1,1000.0,0,1
11.68,6,0,3,4,4,66.08,6,35,0,1,0,500.0,1,0
25.37,7,2,3,4,4,173.59,2249,43,1,3,3,1000.0,0,0
41.45,7,0,2,0,0,290.15,9000,31,1,0,3,1000.0,0,1
26.7,3,3,3,2,6,74.1,4032,41,1,0,0,800.0,0,1
19.27,0,1,2,0,0,0.0,9869,30,1,0,3,1000.0,0,1
47.71,9,1,1,4,27,402.39,5962,34,0,3,1,200.0,1,1
17.06,8,2,0,3,1,135.48,1437,50,0,2,3,200.0,0,1
12.31,4,2,3,4,1,48.24,2249,43,1,0,3,1000.0,0,0
16.96,6,3,1,1,1,100.76,2772,39,0,1,2,200.0,0,1
40.33,0,0,2,0,0,0.0,9000,31,1,3,3,1000.0,0,1
31.48,8,1,1,5,5,246.84,4789,34,1,0,3,300.0,1,1
33.2,8,1,3,5,17,248.6,1547,39,1,1,1,500.0,0,1
13.66,9,0,2,2,3,119.94,8090,43,1,0,1,500.0,0,0
20.62,8,0,1,5,6,158.96,5231,47,1,0,3,800.0,0,0
15.18,4,3,3,3,1,59.72,1982,31,0,3,1,400.0,1,1
45.55,9,0,4,0,0,409.95,5853,30,1,0,1,200.0,0,1
32.03,9,1,3,0,0,288.27,6,35,0,1,0,500.0,1,0
26.34,5,3,1,3,6,125.7,6757,36,1,1,1,600.0,0,1
13.24,1,3,1,5,3,10.24,6843,32,0,4,3,800.0,0,1
37.33,0,3,3,3,0,0.0,1982,31,0,3,1,400.0,1,1
13.05,10,0,3,4,2,128.5,6,35,0,3,0,500.0,1,0
33.7,5,1,1,0,0,168.5,4016,45,1,4,3,1000.0,1,1
42.99,7,0,0,5,20,280.93,1235,37,0,1,3,800.0,1,1
45.15,4,2,2,5,6,174.6,8090,43,1,1,1,500.0,0,0
44.02,0,1,3,0,0,0.0,1037,50,1,1,3,200.0,0,1
43.48,9,2,3,1,5,386.32,8057,48,1,1,3,400.0,0,1
37.9,1,1,4,0,0,37.9,64,43,1,1,3,300.0,0,1
37.21,4,3,3,0,0,148.84,37,38,1,3,3,800.0,0,1
40.11,6,3,2,5,5,235.66,3990,35,0,0,1,300.0,0,1
16.34,0,1,3,5,0,0.0,1982,31,0,0,1,400.0,1,1
15.15,5,1,0,5,8,67.75,25,43,1,0,3,500.0,0,0
39.74,7,1,1,3,18,260.18,4543,17,0,1,3,800.0,0,1
42.72,6,0,0,5,5,251.32,9441,22,0,1,1,600.0,0,1
43.29,0,2,1,0,0,0.0,4016,45,1,2,3,1000.0,1,1
20.39,7,3,4,4,3,139.73,5119,33,1,0,3,600.0,0,0
31.6,1,2,4,0,0,31.6,5119,33,0,0,3,600.0,0,0
40.44,1,2,0,2,40,0.44,84,38,0,3,3,800.0,1,0
31.65,1,1,2,0,0,31.65,4608,31,0,2,3,800.0,1,1
47.28,5,0,1,4,17,219.4,6375,37,1,3,3,600.0,0,0
33.29,9,1,1,4,3,296.61,6375,37,0,0,3,600.0,0,0
48.76,6,0,0,3,29,263.56,84,38,0,3,3,800.0,1,0
15.2,6,2,1,3,3,88.2,2590,41,0,1,3,800.0,1,0
29.55,2,1,2,2,48,11.1,36,49,1,1,1,400.0,0,0
40.82,7,2,1,3,22,263.74,7642,31,1,1,1,1000.0,0,0
36.18,7,2,2,3,3,250.26,4608,31,0,2,3,800.0,1,1
47.74,4,2,1,5,61,129.96,80,42,0,0,3,800.0,0,1
45.76,6,1,2,0,0,274.56,3938,37,1,0,1,400.0,0,1
19.2,0,3,4,5,0,0.0,2935,48,1,0,0,300.0,1,0
36.07,2,3,3,3,4,68.14,4971,38,0,1,3,800.0,0,0
41.06,3,1,3,0,0,123.18,6714,46,1,2,3,400.0,1,1
40.84,10,1,3,0,0,408.4,5163,50,1,1,3,800.0,1,1
34.67,4,1,4,1,6,132.68,4716,39,1,3,0,800.0,0,0
18.02,3,3,3,4,0,54.06,3290,32,0,0,3,300.0,0,0
29.66,9,0,3,3,7,259.94,3290,32,0,1,3,300.0,0,0
33.28,7,0,4,2,4,228.96,3942,32,1,0,3,1000.0,1,1
22.41,7,3,3,5,8,148.87,3290,32,1,1,3,300.0,0,0
10.39,4,0,3,3,0,41.56,7,34,0,1,2,1000.0,1,1
23.06,10,2,3,0,0,230.6,7,34,1,3,2,1000.0,1,1
13.51,1,0,4,2,3,10.51,4716,39,1,0,0,800.0,0,0
25.88,8,1,3,4,30,177.04,7,34,1,1,2,1000.0,1,1
45.79,6,0,1,3,5,269.74,6743,45,1,0,0,400.0,1,0
42.69,0,2,1,5,0,0.0,51,33,0,3,0,400.0,0,0
28.09,9,3,1,3,11,241.81,2885,40,1,3,3,300.0,0,1
13.27,5,3,0,3,3,63.35,3945,32,0,0,3,1000.0,1,0
12.41,10,0,3,3,2,122.1,2561,38,0,1,3,400.0,1,0
18.77,3,1,4,4,0,56.31,5475,30,1,0,3,500.0,0,0
11.23,7,3,3,0,0,78.61,2561,38,1,3,3,400.0,1,0
20.31,5,1,3,1,2,99.55,2561,38,0,0,3,400.0,1,0
11.6,2,1,1,3,2,21.2,7792,48,0,2,3,1000.0,0,0
33.15,10,1,4,1,0,331.5,1789,41,1,1,3,1000.0,1,1
46.49,8,1,3,3,72,299.92,90,35,0,0,0,1000.0,0,0
38.63,10,0,4,4,3,383.3,2680,37,1,1,1,1000.0,0,0
48.86,6,0,0,1,18,275.16,7548,38,0,2,2,400.0,0,1
20.33,0,2,3,3,0,0.0,1872,32,1,0,3,400.0,1,0
48.79,7,0,4,5,19,322.53,8170,48,1,3,3,1000.0,0,0
12.94,4,0,3,0,0,51.76,1872,32,1,0,3,400.0,1,0
16.68,8,0,3,0,0,133.44,1872,32,0,3,3,400.0,1,0
33.41,6,1,3,0,0,200.46,1501,41,1,1,3,1000.0,0,0
11.57,8,2,3,5,6,86.56,1501,41,1,0,3,1000.0,0,0
28.09,7,3,3,5,13,183.63,1501,41,1,0,3,1000.0,0,0
29.55,2,1,3,5,6,53.1,2561,38,1,3,3,400.0,1,0
18.07,9,1,2,5,3,159.63,4608,31,0,0,3,800.0,1,1
36.94,6,3,4,1,6,215.64,2680,37,1,0,1,1000.0,0,0
47.78,0,3,1,4,0,0.0,7792,48,0,1,3,1000.0,0,0
32.82,9,0,1,3,24,271.38,51,33,0,3,0,400.0,0,0
14.26,0,1,0,1,0,0.0,84,38,0,3,3,800.0,1,0
49.98,8,3,2,0,0,399.84,3938,37,1,3,1,400.0,0,1
36.7,7,2,3,1,4,252.9,5163,50,1,0,3,800.0,1,1
37.82,3,1,3,0,0,113.46,6799,39,0,4,2,1000.0,0,0
23.65,10,3,3,3,2,234.5,4528,50,1,1,0,500.0,1,0
10.73,9,2,0,2,1,95.57,5955,31,0,2,1,500.0,0,1
17.83,8,0,1,0,0,142.64,9911,36,1,3,3,400.0,0,1
47.08,5,2,3,3,16,219.4,6920,18,0,2,3,500.0,1,0
29.43,0,1,3,3,0,0.0,1260,32,1,0,3,300.0,0,0
38.65,2,1,0,3,21,56.3,4530,37,0,1,0,300.0,0,0
17.26,2,3,3,0,0,34.52,2640,47,1,0,3,300.0,0,1
11.74,7,3,1,4,3,79.18,5305,39,1,0,3,500.0,1,0
45.37,8,0,3,4,6,356.96,2800,39,0,1,3,400.0,0,0
19.12,1,3,3,3,2,17.12,4528,50,1,0,0,500.0,1,0
41.22,1,1,3,0,0,41.22,6920,18,0,0,3,500.0,1,0
26.95,7,0,0,2,3,185.65,1402,30,1,1,3,600.0,0,0
16.72,4,1,4,5,4,62.88,9918,31,1,1,3,300.0,0,0
45.77,5,3,0,0,0,228.85,3706,40,1,0,3,400.0,0,0
19.07,10,1,3,4,4,186.7,4646,14,0,3,3,1000.0,0,0
12.78,8,0,3,5,1,101.24,4646,14,1,3,3,1000.0,0,0
31.32,1,3,0,3,4,27.32,3214,30,1,2,3,600.0,0,0
23.32,1,1,2,4,1,22.32,72,32,0,0,3,200.0,0,1
36.78,6,1,3,5,17,203.68,3673,43,1,1,3,200.0,0,1
49.77,1,1,3,0,0,49.77,3673,43,1,3,3,200.0,0,1
36.47,10,0,0,5,1,363.7,2982,30,1,1,3,400.0,1,0
18.04,2,0,0,0,0,36.08,60,32,0,0,3,800.0,0,0
28.01,8,0,4,4,2,222.08,2333,36,0,0,3,800.0,0,0
19.39,3,2,0,0,0,58.17,60,32,1,0,3,800.0,0,0
25.97,1,1,2,3,10,15.97,9241,47,1,3,3,600.0,0,0
49.7,10,0,0,2,14,483.0,6507,31,1,0,1,500.0,0,0
31.6,5,1,1,0,0,158.0,14,42,0,0,3,200.0,0,1
43.04,7,1,1,5,24,277.28,42,35,0,1,2,500.0,1,1
41.28,10,2,1,3,1,411.8,14,42,1,1,3,200.0,0,1
11.45,1,0,0,5,7,4.45,60,32,0,1,3,800.0,0,0
47.48,6,0,3,3,17,267.88,2633,20,1,0,1,200.0,0,0
32.15,10,0,0,3,61,260.5,20,46,1,1,3,400.0,0,0
25.88,5,3,0,2,19,110.4,20,46,1,3,3,400.0,0,0
46.78,6,0,4,3,6,274.68,6916,43,1,1,3,1000.0,0,0
14.65,2,2,0,5,18,11.3,60,32,0,2,3,800.0,0,0
42.7,8,3,2,5,0,341.6,6237,40,1,0,3,800.0,0,1
44.72,10,0,3,1,15,432.2,27,30,1,3,3,1000.0,1,0
41.6,1,1,2,2,2,39.6,87,40,1,3,3,800.0,1,0
23.84,0,3,4,1,0,0.0,77,45,1,3,1,400.0,1,0
25.95,0,1,3,5,0,0.0,27,30,0,0,3,1000.0,1,0
12.73,1,1,4,3,7,5.73,77,45,1,1,1,400.0,1,0
48.52,8,1,3,2,9,379.16,9724,41,1,4,3,400.0,1,1
31.98,7,1,4,2,1,222.86,1379,38,0,2,3,1000.0,0,1
48.63,1,1,2,4,3,45.63,7981,31,0,0,1,1000.0,0,0
27.3,10,2,3,5,8,265.0,8241,13,0,1,3,300.0,1,0
18.64,10,1,3,3,37,149.4,9,17,0,0,3,300.0,0,1
12.45,2,1,2,1,2,22.9,33,13,0,1,1,500.0,0,0
41.23,4,1,1,4,11,153.92,3262,35,0,1,0,200.0,0,0
12.33,9,3,3,3,5,105.97,9,17,0,1,3,300.0,0,1
49.79,2,3,4,3,12,87.58,4024,35,0,3,3,1000.0,0,1
37.8,8,3,4,3,16,286.4,7556,50,1,3,3,1000.0,0,0
19.57,0,1,3,1,0,0.0,9,17,0,1,3,300.0,0,1
15.69,3,1,3,0,0,47.07,9724,41,1,3,3,400.0,1,1
22.13,8,3,1,4,4,173.04,3262,35,0,1,0,200.0,0,0
14.04,5,3,4,4,5,65.2,7556,50,1,1,3,1000.0,0,0
12.49,5,1,3,2,10,52.45,9,17,0,0,3,300.0,0,1
30.38,5,1,3,1,4,147.9,8241,13,0,1,3,300.0,1,0
34.61,1,1,1,5,1,33.61,3262,35,0,0,0,200.0,0,0
34.96,7,0,2,5,10,234.72,87,40,1,0,3,800.0,1,0
31.08,10,3,3,5,2,308.8,9724,41,1,3,3,400.0,1,1
10.44,8,3,4,3,16,67.52,77,45,1,3,1,400.0,1,0
20.39,2,0,4,4,1,39.78,7556,50,1,2,3,1000.0,0,0
31.41,0,1,1,0,0,0.0,3262,35,0,3,0,200.0,0,0
18.61,8,1,4,3,26,122.88,77,45,1,3,1,400.0,1,0
49.03,3,1,2,0,0,147.09,7981,31,0,1,1,1000.0,0,0
42.06,0,2,4,2,0,0.0,7556,50,1,1,3,1000.0,0,0
28.18,1,3,4,5,8,20.18,1379,38,0,0,3,1000.0,0,1
43.77,0,1,3,3,0,0.0,9,17,0,4,3,300.0,0,1
41.48,1,1,3,0,0,41.48,55,24,1,0,3,200.0,0,0
37.53,9,3,3,5,5,332.77,55,24,1,1,3,200.0,0,0
45.8,5,1,3,3,8,221.0,7079,33,1,0,3,200.0,0,1
34.56,6,1,4,5,12,195.36,5200,45,1,3,0,400.0,0,1
30.74,1,3,3,3,4,26.74,6088,44,1,2,1,400.0,0,0
39.5,7,3,3,1,0,276.5,6088,44,0,0,1,400.0,0,0
30.49,1,1,3,0,0,30.49,6088,44,1,2,1,400.0,0,0
37.21,3,0,3,2,7,104.63,55,24,1,0,3,200.0,0,0
39.5,5,1,1,3,26,171.5,84,41,1,2,0,300.0,0,1
13.94,6,1,4,3,2,81.64,33,31,1,2,1,500.0,0,1
36.41,8,2,0,2,21,270.28,4971,48,0,0,1,500.0,0,0
40.99,1,0,1,5,40,0.99,84,41,1,3,0,300.0,0,1
39.92,2,3,4,3,22,57.84,8327,42,1,1,1,1000.0,1,0
15.12,6,3,4,0,0,90.72,7214,32,0,1,3,600.0,1,1
23.53,0,0,4,5,0,0.0,7214,32,0,3,3,600.0,1,1
35.83,8,0,3,0,0,286.64,3145,44,1,3,1,500.0,0,0
21.44,3,3,0,5,4,60.32,1541,25,1,1,1,200.0,0,1
42.64,9,3,0,3,23,360.76,1541,25,1,1,1,200.0,0,1
43.68,5,1,4,0,0,218.4,7214,32,1,0,3,600.0,1,1
30.23,7,0,4,0,0,211.61,8327,42,1,3,1,1000.0,1,0
42.0,8,1,3,0,0,336.0,4646,14,1,0,3,1000.0,0,0
39.32,2,2,1,5,5,73.64,3262,35,0,3,0,200.0,0,0
17.52,4,0,1,3,28,42.08,84,41,1,1,0,300.0,0,1
41.35,7,3,0,2,3,286.45,6507,31,1,0,1,500.0,0,0
32.17,7,1,0,3,1,224.19,1541,25,1,3,1,200.0,0,1
15.96,8,0,1,0,0,127.68,14,42,1,1,3,200.0,0,1
45.45,8,1,3,2,79,284.6,9,17,0,2,3,300.0,0,1
26.5,8,1,3,1,4,208.0,6088,44,1,3,1,400.0,0,0
34.78,4,0,4,0,0,139.12,77,45,1,3,1,400.0,1,0
32.46,1,3,3,2,4,28.46,4646,14,0,1,3,1000.0,0,0
43.0,0,1,2,1,0,0.0,87,40,1,1,3,800.0,1,0
12.34,5,0,4,5,0,61.7,6916,43,1,4,3,1000.0,0,0
23.37,4,1,3,5,3,90.48,55,24,1,0,3,200.0,0,0
41.54,4,0,0,2,8,158.16,3706,40,1,3,3,400.0,0,0
27.61,0,1,3,5,0,0.0,3673,43,1,3,3,200.0,0,1
23.13,9,0,4,5,5,203.17,1379,38,0,2,3,1000.0,0,1
27.36,3,0,4,5,12,70.08,8327,42,1,0,1,1000.0,1,0
13.54,4,1,4,5,3,51.16,7214,32,0,3,3,600.0,1,1
35.7,8,2,0,0,0,285.6,20,46,1,0,3,400.0,0,0
41.43,6,1,3,0,0,248.58,9724,41,1,3,3,400.0,1,1
17.38,6,1,3,5,3,101.28,7079,33,1,3,3,200.0,0,1
24.49,3,1,1,0,0,73.47,3262,35,0,0,0,200.0,0,0
44.91,4,0,3,1,4,175.64,9724,41,1,1,3,400.0,1,1
13.22,10,0,3,4,8,124.2,55,24,1,1,3,200.0,0,0
39.12,9,1,1,0,0,352.08,42,35,0,1,2,500.0,1,1
48.26,8,2,2,5,59,327.08,87,40,1,1,3,800.0,1,0
19.98,8,0,3,4,31,128.84,9,17,0,3,3,300.0,0,1
40.38,1,3,4,4,22,18.38,5200,45,1,1,0,400.0,0,1
27.99,1,3,4,0,0,27.99,7214,32,0,3,3,600.0,1,1
10.87,5,0,3,0,0,54.35,2633,20,1,0,1,200.0,0,0
47.47,5,3,0,1,24,213.35,4971,48,0,1,1,500.0,0,0
20.26,10,0,2,2,4,198.6,6237,40,1,0,3,800.0,0,1
44.02,8,1,4,0,0,352.16,1379,38,0,0,3,1000.0,0,1
44.41,2,3,4,5,19,69.82,7556,50,1,4,3,1000.0,0,0
12.71,9,0,3,5,1,113.39,6088,44,0,3,1,400.0,0,0
38.31,10,3,3,5,38,345.1,55,24,1,1,3,200.0,0,0
13.27,7,1,2,3,1,91.89,7981,31,0,1,1,1000.0,0,0
29.39,1,0,2,2,10,19.39,72,32,0,0,3,200.0,0,1
16.63,8,3,3,5,6,127.04,3673,43,1,1,3,200.0,0,1
28.49,7,3,0,0,0,199.43,60,32,0,0,3,800.0,0,0
31.82,4,2,4,3,11,116.28,8327,42,1,3,1,1000.0,1,0
42.26,4,0,3,5,5,164.04,9724,41,1,0,3,400.0,1,1
20.34,6,1,4,4,4,118.04,2333,36,0,3,3,800.0,0,0
23.21,1,1,3,5,15,8.21,9,17,0,0,3,300.0,0,1
40.27,10,1,1,3,7,395.7,3262,35,0,1,0,200.0,0,0
28.05,8,3,1,5,28,196.4,84,41,1,3,0,300.0,0,1
28.56,4,1,1,5,1,113.24,3262,35,0,1,0,200.0,0,0
46.37,5,3,0,5,6,225.85,1541,25,1,3,1,200.0,0,1
29.91,1,0,3,2,17,12.91,9,17,0,3,3,300.0,0,1
41.02,2,1,1,1,22,60.04,14,42,0,3,3,200.0,0,1
30.93,3,1,4,4,16,76.79,7556,50,1,1,3,1000.0,0,0
41.71,1,2,4,0,0,41.71,7556,50,1,0,3,1000.0,0,0
33.1,0,1,0,5,0,0.0,20,46,1,0,3,400.0,0,0
35.38,3,0,4,5,6,100.14,7214,32,1,0,3,600.0,1,1
25.84,8,3,2,0,0,206.72,33,13,0,0,1,500.0,0,0
22.67,7,1,4,0,0,158.69,77,45,1,4,1,400.0,1,0
46.25,9,3,2,5,6,410.25,7981,31,0,0,1,1000.0,0,0
15.63,3,1,3,3,1,45.89,8241,13,0,0,3,300.0,1,0
45.76,5,1,3,3,75,153.8,20,48,1,3,3,300.0,1,1
36.17,6,0,2,0,0,217.02,7663,39,1,0,3,500.0,0,1
27.61,0,0,3,3,0,0.0,20,48,1,3,3,300.0,1,1
42.14,6,0,3,2,29,223.84,20,48,1,0,3,300.0,1,1
24.31,1,2,1,5,0,24.31,8014,34,0,4,3,500.0,0,0
43.13,3,3,1,5,2,127.39,7391,45,1,0,1,200.0,0,0
15.68,2,0,3,3,0,31.36,20,48,0,3,3,300.0,1,1
28.01,0,0,0,5,0,0.0,3097,38,0,1,1,400.0,0,0
35.37,10,3,4,4,18,335.7,4242,46,1,1,2,400.0,0,1
15.05,9,0,4,1,7,128.45,4018,32,0,0,3,200.0,0,1
37.45,8,2,0,0,0,299.6,6367,47,1,2,3,800.0,0,1
17.0,2,2,3,2,1,33.0,79,40,1,3,3,300.0,0,1
37.77,5,1,0,3,7,181.85,3097,38,1,0,1,400.0,0,0
36.13,7,1,4,3,2,250.91,4018,32,0,1,3,200.0,0,1
44.85,3,1,4,2,19,115.55,4018,32,0,2,3,200.0,0,1
14.44,0,1,4,0,0,0.0,4242,46,1,0,2,400.0,0,1
31.87,7,0,4,2,11,212.09,95,32,0,1,1,1000.0,0,0
22.19,5,3,1,5,12,98.95,12,33,0,3,1,400.0,0,1
44.91,5,3,2,0,0,224.55,5738,34,0,0,1,200.0,0,0
31.63,6,3,1,0,0,189.78,72,36,0,0,0,200.0,0,0
11.93,9,1,2,3,2,105.37,1022,46,1,0,3,400.0,1,0
36.71,8,2,4,3,28,265.68,48,48,1,0,3,1000.0,0,1
33.73,6,3,4,1,52,150.38,48,48,1,3,3,1000.0,0,1
45.69,9,1,0,0,0,411.21,25,39,1,0,3,800.0,1,1
19.58,0,2,2,3,0,0.0,8987,30,0,3,2,300.0,0,0
49.82,6,1,4,4,9,289.92,8759,34,0,0,3,500.0,0,1
12.55,5,1,2,3,0,62.75,72,48,1,3,3,1000.0,1,0
14.6,7,2,3,5,6,96.2,9165,37,1,3,1,200.0,0,1
43.17,4,0,3,0,0,172.68,9165,37,1,1,1,200.0,0,1
22.68,7,2,4,0,0,158.76,9445,42,1,1,3,800.0,0,1
27.38,6,1,1,5,41,123.28,68,38,0,1,2,300.0,0,0
34.08,4,3,1,1,25,111.32,68,38,0,2,2,300.0,0,0
27.74,3,1,0,3,1,82.22,7985,39,0,4,3,500.0,0,1
38.11,6,1,3,1,22,206.66,23,31,1,1,2,800.0,1,0
19.5,1,3,3,3,19,0.5,23,31,1,0,2,800.0,1,0
29.51,1,1,1,5,29,0.51,68,38,0,3,2,300.0,0,0
34.03,8,1,4,5,3,269.24,8759,34,0,1,3,500.0,0,1
35.36,2,1,3,0,0,70.72,23,31,1,0,2,800.0,1,0
20.18,6,1,2,0,0,121.08,72,48,0,0,3,1000.0,1,0
28.9,3,2,4,5,4,82.7,7085,44,1,1,1,200.0,0,1
11.83,1,2,0,1,1,10.83,9802,15,0,1,3,1000.0,0,1
30.66,0,1,1,5,0,0.0,48,39,1,3,3,500.0,0,1
42.1,5,3,0,1,80,130.5,64,45,1,3,3,800.0,0,0
30.51,6,1,4,4,6,177.06,7085,44,1,0,1,200.0,0,1
13.48,2,2,4,0,0,26.96,8759,34,0,0,3,500.0,0,1
14.55,10,2,2,1,0,145.5,8987,30,0,0,2,300.0,0,0
23.81,1,0,4,4,7,16.81,9445,42,1,0,3,800.0,0,1
30.3,2,2,3,0,0,60.6,9165,37,1,0,1,200.0,0,1
49.71,9,3,0,2,7,440.39,7985,39,0,3,3,500.0,0,1
26.44,0,2,0,5,0,0.0,9802,15,0,1,3,1000.0,0,1
46.3,3,0,3,0,0,138.9,23,31,1,3,2,800.0,1,0
42.95,2,3,2,3,9,76.9,72,48,1,0,3,1000.0,1,0
48.2,2,2,4,5,8,88.4,8759,34,0,1,3,500.0,0,1
42.85,8,0,1,2,60,282.8,68,38,0,1,2,300.0,0,0
37.46,1,3,3,5,14,23.46,9165,37,1,1,1,200.0,0,1
24.76,3,1,1,0,0,74.28,8,31,1,1,3,500.0,0,0
12.84,1,3,3,5,1,11.84,5468,39,1,0,3,300.0,0,0
36.74,4,1,3,5,12,134.96,2546,32,1,0,3,800.0,0,1
33.75,9,1,1,4,0,303.75,4925,47,1,0,3,800.0,1,0
46.53,10,0,0,5,24,441.3,7089,38,1,3,1,200.0,0,1
14.82,6,3,3,2,1,87.92,5468,39,1,0,3,300.0,0,0
26.88,2,1,4,2,15,38.76,14,35,1,3,3,500.0,0,0
33.09,3,1,4,5,4,95.27,1751,34,1,0,3,600.0,1,1
39.17,4,2,3,4,7,149.68,6295,49,1,3,2,500.0,0,1
41.56,4,1,3,2,6,160.24,3727,38,1,0,3,800.0,0,0
44.3,10,0,0,4,15,428.0,1310,36,1,1,3,200.0,0,0
46.67,5,1,0,3,9,224.35,5662,10,0,0,1,1000.0,1,1
27.24,6,2,0,5,8,155.44,8583,37,1,0,2,200.0,1,0
24.85,4,1,3,4,4,95.4,6295,49,0,1,2,500.0,0,1
37.54,10,0,3,2,6,369.4,5323,24,0,0,1,600.0,0,1
24.98,4,0,3,4,24,75.92,61,47,1,0,2,400.0,0,1
27.22,5,0,3,0,0,136.1,61,47,0,3,2,400.0,0,1
37.08,4,3,4,5,7,141.32,2897,43,1,0,3,500.0,1,0
24.58,1,3,4,2,0,24.58,2897,43,1,1,3,500.0,1,0
29.42,10,0,3,5,3,291.2,4542,41,1,1,0,200.0,1,1
22.56,4,2,3,3,1,89.24,6017,43,1,1,3,200.0,1,1
45.54,9,2,1,3,12,397.86,5548,44,1,1,3,1000.0,0,1
43.07,8,1,1,3,0,344.56,3808,37,0,1,3,300.0,0,0
21.54,7,1,3,3,2,148.78,3392,43,1,0,3,500.0,1,0
16.17,9,3,1,2,2,143.53,5548,44,1,0,3,1000.0,0,1
31.67,9,3,0,4,12,273.03,4693,34,0,2,1,600.0,0,0
27.62,10,1,4,1,1,275.2,1943,14,0,2,0,200.0,1,1
22.09,6,0,3,5,0,132.54,6017,43,1,0,3,200.0,1,1
20.37,1,1,3,0,0,20.37,6017,43,0,0,3,200.0,1,1
23.7,5,1,1,3,1,117.5,3808,37,0,1,3,300.0,0,0
48.66,0,3,3,5,0,0.0,6017,43,1,1,3,200.0,1,1
26.07,4,0,0,0,0,104.28,4693,34,0,0,1,600.0,0,0
34.83,10,0,1,2,4,344.3,5548,44,1,0,3,1000.0,0,1
25.81,2,3,3,2,1,50.62,6017,43,0,0,3,200.0,1,1
41.77,2,3,2,3,1,82.54,8987,30,0,4,2,300.0,0,0
21.03,6,2,3,2,3,123.18,5468,39,1,3,3,300.0,0,0
44.54,5,3,3,3,5,217.7,23,31,1,3,2,800.0,1,0
25.01,9,1,0,5,4,221.09,9802,15,0,2,3,1000.0,0,1
21.43,5,3,3,5,34,73.15,20,48,0,3,3,300.0,1,1
18.13,0,0,1,5,0,0.0,12,33,0,0,1,400.0,0,1
48.24,8,2,3,5,6,379.92,3727,38,1,0,3,800.0,0,0
18.02,8,1,1,1,7,137.16,72,36,0,2,0,200.0,0,0
14.37,9,3,3,5,3,126.33,6017,43,1,4,3,200.0,1,1
37.7,7,1,3,5,3,260.9,61,47,1,3,2,400.0,0,1
24.35,8,1,2,3,2,192.8,1022,46,1,0,3,400.0,1,0
10.35,8,1,3,3,13,69.8,20,48,1,0,3,300.0,1,1
39.51,2,1,2,5,1,78.02,8987,30,0,2,2,300.0,0,0
40.76,9,1,3,5,1,365.84,3392,43,1,0,3,500.0,1,0
43.84,0,1,0,0,0,0.0,7985,39,0,0,3,500.0,0,1
42.33,5,2,0,3,7,204.65,8583,37,1,0,2,200.0,1,0
48.2,8,0,3,3,5,380.6,6295,49,1,0,2,500.0,0,1
30.9,5,0,0,1,4,150.5,7985,39,0,1,3,500.0,0,1
21.98,1,0,2,0,0,21.98,72,48,1,1,3,1000.0,1,0
38.28,10,1,3,0,0,382.8,6017,43,0,0,3,200.0,1,1
12.01,1,3,2,3,5,7.01,5738,34,0,1,1,200.0,0,0
26.2,7,1,1,2,10,173.4,8261,33,0,1,3,1000.0,0,0
35.62,6,2,1,5,5,208.72,5231,47,1,1,3,800.0,0,0
49.16,8,2,0,0,0,393.28,30,10,0,0,1,300.0,0,0
24.31,7,1,3,5,19,151.17,37,38,1,0,3,800.0,0,1
30.12,0,1,3,5,0,0.0,8057,48,1,0,3,400.0,0,1
27.97,4,2,3,3,5,106.88,1037,50,1,2,3,200.0,0,1
33.43,2,2,3,5,1,65.86,1982,31,0,3,1,400.0,1,1
34.99,0,2,3,5,0,0.0,4032,41,1,3,0,800.0,0,1
15.72,4,2,0,0,0,62.88,2115,33,1,0,3,200.0,0,1
35.18,8,2,3,3,2,279.44,1982,31,0,3,1,400.0,1,1
38.28,0,1,3,4,0,0.0,37,38,1,0,3,800.0,0,1
39.64,3,3,3,2,22,96.92,37,38,1,2,3,800.0,0,1
14.08,2,3,4,0,0,28.16,22,32,1,3,2,600.0,1,0
24.41,6,0,2,0,0,146.46,8090,43,1,1,1,500.0,0,0
20.82,5,1,0,0,0,104.1,1437,50,1,0,3,200.0,0,1
43.71,7,2,1,0,0,305.97,6757,36,1,2,1,600.0,0,1
45.67,9,3,3,0,0,411.03,5606,30,0,1,1,200.0,0,0
46.4,3,0,2,1,4,135.2,9869,30,1,2,3,1000.0,0,1
25.09,3,3,3,0,0,75.27,3060,43,1,2,3,500.0,0,0
48.56,9,1,2,3,5,432.04,9000,31,1,2,3,1000.0,0,1
38.15,5,0,3,1,0,190.75,8057,48,1,3,3,400.0,0,1
10.17,4,2,1,2,1,39.68,79,13,0,0,1,1000.0,0,1
36.66,6,2,3,3,8,211.96,6,35,0,2,0,500.0,1,0
38.1,3,1,3,5,11,103.3,2249,43,1,1,3,1000.0,0,0
35.77,6,1,2,3,14,200.62,9000,31,1,0,3,1000.0,0,1
24.4,3,1,3,5,6,67.2,4032,41,1,0,0,800.0,0,1
24.79,3,0,2,5,3,71.37,9869,30,1,1,3,1000.0,0,1
12.09,7,1,1,1,3,81.63,5962,34,0,1,1,200.0,1,1
18.48,2,3,0,1,2,34.96,1437,50,0,3,3,200.0,0,1
37.11,9,0,3,3,10,323.99,2249,43,1,2,3,1000.0,0,0
39.54,3,0,1,0,0,118.62,2772,39,0,0,2,200.0,0,1
35.79,0,3,2,3,0,0.0,9000,31,1,0,3,1000.0,0,1
24.71,10,3,1,3,3,244.1,4789,34,1,2,3,300.0,1,1
14.46,10,0,3,0,0,144.6,1547,39,1,0,1,500.0,0,1
30.63,8,1,2,0,0,245.04,8090,43,1,0,1,500.0,0,0
43.42,0,0,1,5,0,0.0,5231,47,1,1,3,800.0,0,0
10.59,0,2,3,2,0,0.0,1982,31,0,4,1,400.0,1,1
25.16,5,2,4,0,0,125.8,5853,30,1,2,1,200.0,0,1
29.71,10,1,3,0,0,297.1,6,35,0,1,0,500.0,1,0
31.24,8,1,1,5,11,238.92,6757,36,1,1,1,600.0,0,1
30.76,9,3,1,1,11,265.84,6843,32,0,0,3,800.0,0,1
22.47,2,3,3,3,4,40.94,1982,31,0,0,1,400.0,1,1
40.96,10,1,3,3,38,371.6,6,35,0,3,0,500.0,1,0
15.02,0,0,1,3,0,0.0,4016,45,1,1,3,1000.0,1,1
10.68,10,1,0,3,5,101.8,1235,37,0,2,3,800.0,1,1
10.7,2,1,2,5,1,20.4,8090,43,1,0,1,500.0,0,0
30.72,4,0,3,4,1,121.88,1037,50,1,1,3,200.0,0,1
10.05,0,1,3,1,0,0.0,8057,48,1,0,3,400.0,0,1
21.99,4,1,4,1,3,84.96,64,43,1,1,3,300.0,0,1
35.86,9,1,3,3,5,317.74,37,38,1,3,3,800.0,0,1
43.88,3,0,2,0,0,131.64,3990,35,0,0,1,300.0,0,1
10.94,5,0,3,5,0,54.7,1982,31,0,0,1,400.0,1,1
25.92,1,3,0,1,25,0.92,25,43,1,0,3,500.0,0,0
12.63,0,1,1,5,0,0.0,4543,17,0,1,3,800.0,0,1
19.86,8,3,0,2,2,156.88,9441,22,0,0,1,600.0,0,1
29.36,3,0,1,3,5,83.08,4016,45,1,3,3,1000.0,1,1
49.65,8,2,4,3,2,395.2,5119,33,1,0,3,600.0,0,0
48.51,4,1,4,2,9,185.04,5119,33,0,2,3,600.0,0,0
19.02,5,0,0,2,20,75.1,84,38,0,3,3,800.0,1,0
17.83,6,1,2,1,2,104.98,4608,31,0,3,3,800.0,1,1
33.13,9,0,1,5,2,296.17,6375,37,1,0,3,600.0,0,0
46.7,10,1,1,5,18,449.0,6375,37,0,3,3,600.0,0,0
15.89,4,1,0,2,4,59.56,84,38,0,1,3,800.0,1,0
35.24,1,1,1,3,3,32.24,2590,41,0,1,3,800.0,1,0
19.68,1,1,2,0,0,19.68,36,49,1,3,1,400.0,0,0
30.02,7,0,1,5,5,205.14,7642,31,1,1,1,1000.0,0,0
43.75,1,1,2,1,8,35.75,4608,31,0,4,3,800.0,1,1
48.43,4,1,1,0,0,193.72,80,42,0,0,3,800.0,0,1
20.38,8,3,2,4,12,151.04,3938,37,1,4,1,400.0,0,1
27.48,8,3,4,5,2,217.84,2935,48,1,0,0,300.0,1,0
34.89,4,2,3,5,10,129.56,4971,38,0,1,3,800.0,0,0
30.86,0,3,3,3,0,0.0,6714,46,1,3,3,400.0,1,1
49.09,0,2,3,5,0,0.0,5163,50,1,1,3,800.0,1,1
36.66,5,2,4,5,2,181.3,4716,39,1,0,0,800.0,0,0
24.28,0,0,3,3,0,0.0,3290,32,0,0,3,300.0,0,0
47.05,9,0,3,2,4,419.45,3290,32,0,3,3,300.0,0,0
35.37,4,2,4,4,2,139.48,3942,32,1,1,3,1000.0,1,1
43.92,8,1,3,1,5,346.36,3290,32,1,0,3,300.0,0,0
41.5,5,2,3,3,78,129.5,7,34,0,2,2,1000.0,1,1
20.04,7,1,3,5,35,105.28,7,34,1,0,2,1000.0,1,1
24.34,4,1,4,5,3,94.36,4716,39,1,0,0,800.0,0,0
46.73,8,1,3,4,49,324.84,7,34,1,0,2,1000.0,1,1
41.21,10,0,1,2,8,404.1,6743,45,1,1,0,400.0,1,0
29.9,4,2,1,1,34,85.6,51,33,0,4,0,400.0,0,0
18.19,2,1,1,0,0,36.38,2885,40,1,1,3,300.0,0,1
44.2,7,1,0,0,0,309.4,3945,32,0,1,3,1000.0,1,0
18.28,7,1,3,5,2,125.96,2561,38,0,3,3,400.0,1,0
30.28,4,1,4,1,2,119.12,5475,30,1,3,3,500.0,0,0
10.0,7,1,3,0,0,70.0,2561,38,1,3,3,400.0,1,0
26.66,5,1,3,3,5,128.3,2561,38,0,1,3,400.0,1,0
39.17,5,3,1,3,8,187.85,7792,48,0,0,3,1000.0,0,0
18.97,2,3,4,0,0,37.94,1789,41,1,0,3,1000.0,1,1
17.26,3,0,3,4,32,19.78,90,35,0,0,0,1000.0,0,0
25.73,4,1,4,3,4,98.92,2680,37,1,3,1,1000.0,0,0
31.78,3,1,0,5,4,91.34,7548,38,0,0,2,400.0,0,1
30.55,8,0,3,5,3,241.4,1872,32,1,1,3,400.0,1,0
37.89,7,3,4,3,13,252.23,8170,48,1,1,3,1000.0,0,0
46.84,2,3,3,3,4,89.68,1872,32,1,0,3,400.0,1,0
49.14,1,0,3,0,0,49.14,1872,32,0,4,3,400.0,1,0
16.52,5,1,3,0,0,82.6,1501,41,1,2,3,1000.0,0,0
48.81,1,3,3,3,21,27.81,1501,41,1,1,3,1000.0,0,0
19.4,2,0,3,5,6,32.8,1501,41,1,3,3,1000.0,0,0
44.61,8,1,3,0,0,356.88,2561,38,1,1,3,400.0,1,0
41.87,4,3,2,4,0,167.48,4608,31,0,2,3,800.0,1,1
20.02,3,3,4,0,0,60.06,2680,37,1,3,1,1000.0,0,0
21.51,5,1,1,1,3,104.55,7792,48,0,2,3,1000.0,0,0
39.31,10,1,1,3,60,333.1,51,33,0,2,0,400.0,0,0
24.96,10,1,0,3,0,249.6,84,38,0,0,3,800.0,1,0
35.67,0,0,2,4,0,0.0,3938,37,1,1,1,400.0,0,1
12.7,2,3,3,5,5,20.4,5163,50,1,0,3,800.0,1,1
18.21,7,3,3,5,10,117.47,6799,39,0,0,2,1000.0,0,0
10.6,8,0,3,4,1,83.8,4528,50,1,2,0,500.0,1,0
47.87,6,1,0,4,8,279.22,5955,31,0,2,1,500.0,0,1
14.24,0,1,1,3,0,0.0,9911,36,1,1,3,400.0,0,1
18.11,4,1,3,4,4,68.44,6920,18,0,0,3,500.0,1,0
10.62,0,2,3,1,0,0.0,1260,32,1,4,3,300.0,0,0
36.9,7,3,0,1,22,236.3,4530,37,0,1,0,300.0,0,0
39.94,8,0,3,0,0,319.52,2640,47,1,2,3,300.0,0,1
19.68,8,2,1,2,4,153.44,5305,39,1,0,3,500.0,1,0
39.55,3,1,3,1,3,115.65,2800,39,0,1,3,400.0,0,0
10.55,5,1,3,3,1,51.75,4528,50,1,2,0,500.0,1,0
34.27,8,0,3,4,0,274.16,6920,18,0,3,3,500.0,1,0
36.91,0,2,1,5,0,0.0,14,42,0,2,3,200.0,0,1
48.06,6,3,3,0,0,288.36,1872,32,0,3,3,400.0,1,0
24.74,7,1,0,3,11,162.18,4530,37,0,3,0,300.0,0,0
36.66,3,1,3,3,36,73.98,23,31,1,4,2,800.0,1,0
41.5,7,1,3,1,59,231.5,9,17,0,4,3,300.0,0,1
12.56,9,1,2,5,1,112.04,5738,34,0,2,1,200.0,0,0
21.7,4,1,3,5,5,81.8,23,31,1,1,2,800.0,1,0
30.11,10,1,4,3,1,300.1,6916,43,1,0,3,1000.0,0,0
47.08,8,3,3,2,4,372.64,6017,43,1,3,3,200.0,1,1
14.22,7,0,0,5,1,98.54,3706,40,1,0,3,400.0,0,0
26.39,0,1,0,3,0,0.0,7089,38,1,3,1,200.0,0,1
20.41,0,3,3,0,0,0.0,9724,41,1,0,3,400.0,1,1
12.82,2,0,0,4,1,24.64,9802,15,0,1,3,1000.0,0,1
36.57,6,1,3,3,17,202.42,1501,41,1,0,3,1000.0,0,0
21.57,2,0,0,3,0,43.14,7985,39,0,1,3,500.0,0,1
46.55,6,1,1,0,0,279.3,5231,47,1,0,3,800.0,0,0
48.11,9,1,0,4,2,430.99,3214,30,1,2,3,600.0,0,0
23.07,4,1,0,0,0,92.28,8583,37,1,3,2,200.0,1,0
45.05,6,1,4,4,5,265.3,4716,39,1,3,0,800.0,0,0
14.1,6,1,4,0,0,84.6,7556,50,1,1,3,1000.0,0,0
37.08,3,1,0,3,34,77.24,60,32,0,1,3,800.0,0,0
36.95,3,1,4,4,4,106.85,8327,42,1,0,1,1000.0,1,0
17.17,0,3,2,0,0,0.0,87,40,1,0,3,800.0,1,0
37.76,0,3,2,2,0,0.0,72,32,0,3,3,200.0,0,1
30.6,9,3,3,5,3,272.4,6017,43,1,1,3,200.0,1,1
13.34,2,1,0,3,6,20.68,4971,48,0,0,1,500.0,0,0
10.77,10,1,1,4,2,105.7,4925,47,1,0,3,800.0,1,0
16.63,9,1,1,1,3,146.67,8261,33,0,3,3,1000.0,0,0
18.89,8,0,2,1,7,144.12,87,40,1,3,3,800.0,1,0
12.31,5,3,1,1,0,61.55,2772,39,0,4,2,200.0,0,1
32.28,7,2,1,0,0,225.96,80,42,0,0,3,800.0,0,1
30.0,6,3,0,3,4,176.0,5662,10,0,1,1,1000.0,1,1
44.82,4,3,4,0,0,179.28,5853,30,1,3,1,200.0,0,1
35.26,4,3,3,1,34,107.04,9,17,0,0,3,300.0,0,1
23.49,8,1,4,5,2,185.92,1943,14,0,3,0,200.0,1,1
25.67,10,0,0,3,1,255.7,1310,36,1,3,3,200.0,0,0
45.83,1,1,3,0,0,45.83,6,35,0,1,0,500.0,1,0
26.77,6,2,1,5,11,149.62,4543,17,0,3,3,800.0,0,1
12.76,5,1,3,0,0,63.8,9,17,0,1,3,300.0,0,1
37.55,2,1,3,2,6,69.1,4528,50,1,2,0,500.0,1,0
20.13,8,3,0,1,1,160.04,2115,33,1,0,3,200.0,0,1
43.44,9,3,0,5,6,384.96,9802,15,0,3,3,1000.0,0,1
42.86,10,3,3,1,22,406.6,23,31,1,0,2,800.0,1,0
43.73,8,0,2,1,9,340.84,7981,31,0,0,1,1000.0,0,0
23.35,3,2,4,1,2,68.05,7214,32,1,0,3,600.0,1,1
13.03,6,1,1,0,0,78.18,84,41,1,0,0,300.0,0,1
31.67,9,1,1,5,0,285.03,3262,35,0,3,0,200.0,0,0
24.9,7,0,0,5,5,169.3,7548,38,0,4,2,400.0,0,1
24.78,0,2,3,5,0,0.0,2561,38,0,1,3,400.0,1,0
18.71,7,0,2,1,2,128.97,1022,46,1,1,3,400.0,1,0
10.21,10,1,1,2,3,99.1,8014,34,0,0,3,500.0,0,0
12.66,5,1,3,5,1,62.3,9724,41,1,3,3,400.0,1,1
33.35,10,2,2,3,6,327.5,9869,30,1,1,3,1000.0,0,1
40.07,2,3,3,0,0,80.14,3060,43,1,1,3,500.0,0,0
30.72,5,3,3,0,0,153.6,1982,31,0,4,1,400.0,1,1
34.82,9,0,2,4,4,309.38,9241,47,1,2,3,600.0,0,0
40.35,6,0,3,0,0,242.1,5606,30,0,1,1,200.0,0,0
18.6,8,3,3,3,34,114.8,9,17,0,0,3,300.0,0,1
17.52,4,2,3,5,0,70.08,5468,39,1,2,3,300.0,0,0
47.56,4,0,4,3,9,181.24,8327,42,1,2,1,1000.0,1,0
37.79,2,1,4,4,4,71.58,5119,33,0,2,3,600.0,0,0
33.81,7,2,2,5,3,233.67,9000,31,1,1,3,1000.0,0,1
36.48,1,1,3,0,0,36.48,23,31,1,1,2,800.0,1,0
17.51,0,1,3,0,0,0.0,5468,39,1,3,3,300.0,0,0
37.96,1,0,2,0,0,37.96,87,40,1,3,3,800.0,1,0
24.73,7,2,4,5,0,173.11,7214,32,0,2,3,600.0,1,1
19.74,4,3,3,0,0,78.96,8241,13,0,0,3,300.0,1,0
22.92,4,1,3,4,0,91.68,2800,39,0,2,3,400.0,0,0
45.92,0,0,4,1,0,0.0,7556,50,1,2,3,1000.0,0,0
23.01,3,2,0,0,0,69.03,60,32,0,1,3,800.0,0,0
46.04,5,3,2,0,0,230.2,3990,35,0,2,1,300.0,0,1
42.27,6,1,3,5,6,247.62,4542,41,1,1,0,200.0,1,1
49.91,0,0,4,5,0,0.0,22,32,1,3,2,600.0,1,0
24.42,0,1,1,0,0,0.0,5962,34,0,0,1,200.0,1,1
22.51,9,3,3,0,0,202.59,4528,50,1,3,0,500.0,1,0
36.17,3,1,3,0,0,108.51,23,31,1,1,2,800.0,1,0
19.28,5,3,4,2,3,93.4,4716,39,1,0,0,800.0,0,0
40.49,5,1,0,5,54,148.45,25,43,1,2,3,500.0,0,0
19.16,1,2,1,0,0,19.16,4789,34,1,0,3,300.0,1,1
33.87,2,1,3,3,5,62.74,6088,44,0,3,1,400.0,0,0
35.98,0,1,3,5,0,0.0,3290,32,1,0,3,300.0,0,0
42.18,0,1,1,3,0,0.0,9911,36,1,3,3,400.0,0,1
38.6,0,1,4,3,0,0.0,2680,37,1,1,1,1000.0,0,0
12.13,2,2,4,3,1,23.26,7556,50,1,1,3,1000.0,0,0
47.67,6,1,3,1,40,246.02,9,17,0,1,3,300.0,0,1
37.64,5,0,1,0,0,188.2,2885,40,1,1,3,300.0,0,1
35.95,2,1,0,5,18,53.9,84,38,0,3,3,800.0,1,0
16.25,9,1,1,5,2,144.25,7642,31,1,0,1,1000.0,0,0
35.44,9,1,2,4,18,300.96,87,40,1,0,3,800.0,1,0
43.49,7,3,3,5,4,300.43,2546,32,1,1,3,800.0,0,1
41.16,2,2,4,3,5,77.32,5475,30,1,0,3,500.0,0,0
37.99,7,1,4,5,3,262.93,8759,34,0,3,3,500.0,0,1
43.53,9,0,4,0,0,391.77,7556,50,1,0,3,1000.0,0,0
26.08,2,3,3,4,5,47.16,8057,48,1,0,3,400.0,0,1
16.15,0,0,3,1,0,0.0,37,38,1,3,3,800.0,0,1
32.9,3,0,3,4,0,98.7,3673,43,1,3,3,200.0,0,1
12.08,7,1,3,3,2,82.56,6017,43,0,2,3,200.0,1,1
39.5,5,1,3,4,11,186.5,2249,43,1,2,3,1000.0,0,0
34.91,2,2,0,4,19,50.82,1541,25,1,0,1,200.0,0,1
43.9,1,1,0,2,3,40.9,9802,15,0,0,3,1000.0,0,1
15.89,6,0,3,3,3,92.34,6017,43,1,2,3,200.0,1,1
20.26,2,3,3,3,2,38.52,8057,48,1,2,3,400.0,0,1
24.21,4,3,3,5,19,77.84,55,24,1,1,3,200.0,0,0
36.96,2,0,3,0,0,73.92,2561,38,1,4,3,400.0,1,0
12.5,8,0,4,2,6,94.0,77,45,1,2,1,400.0,1,0
13.29,3,1,1,2,2,37.87,51,33,0,0,0,400.0,0,0
44.49,8,1,1,4,76,279.92,14,42,1,0,3,200.0,0,1
43.6,0,3,1,5,0,0.0,5548,44,1,1,3,1000.0,0,1
24.46,7,3,3,3,7,164.22,61,47,0,1,2,400.0,0,1
33.17,10,3,1,0,0,331.7,42,35,0,1,2,500.0,1,1
35.79,3,1,0,0,0,107.37,2982,30,1,0,3,400.0,1,0
24.89,2,1,0,2,1,48.78,3097,38,1,0,1,400.0,0,0
21.15,2,0,3,5,15,27.3,27,30,1,0,3,1000.0,1,0
17.31,0,0,1,5,0,0.0,3808,37,0,0,3,300.0,0,0
41.91,6,3,3,5,11,240.46,7,34,1,1,2,1000.0,1,1
43.8,4,0,3,5,11,164.2,1501,41,1,1,3,1000.0,0,0
41.84,10,3,4,5,0,418.4,6916,43,1,1,3,1000.0,0,0
17.0,4,1,3,3,0,68.0,3145,44,1,2,1,500.0,0,0
24.05,0,0,2,3,0,0.0,8987,30,0,1,2,300.0,0,0
29.45,5,2,4,0,0,147.25,48,48,1,0,3,1000.0,0,1
19.53,2,2,1,4,4,35.06,5305,39,1,1,3,500.0,1,0
28.72,6,3,0,1,4,168.32,7985,39,0,3,3,500.0,0,1
29.49,3,3,3,5,42,46.47,20,48,1,1,3,300.0,1,1
16.83,7,1,2,4,4,113.81,7981,31,0,0,1,1000.0,0,0
11.22,5,0,3,4,9,47.1,27,30,0,3,3,1000.0,1,0
34.61,1,3,0,1,4,30.61,6367,47,1,0,3,800.0,0,1
12.01,6,1,4,4,3,69.06,1789,41,1,0,3,1000.0,1,1
32.05,1,0,4,4,9,23.05,4018,32,0,3,3,200.0,0,1
43.57,5,0,2,1,4,213.85,8090,43,1,0,1,500.0,0,0
27.96,5,1,2,5,10,129.8,7663,39,1,3,3,500.0,0,1
14.46,4,1,3,0,0,57.84,9,17,0,1,3,300.0,0,1
16.94,8,0,4,3,3,132.52,1379,38,0,2,3,1000.0,0,1
42.06,5,0,1,1,11,199.3,6843,32,0,3,3,800.0,0,1
10.77,0,1,4,5,0,0.0,2897,43,1,1,3,500.0,1,0
43.07,3,1,3,0,0,129.21,3727,38,1,3,3,800.0,0,0
41.01,2,1,3,1,6,76.02,6295,49,1,0,2,500.0,0,1
47.33,3,0,3,4,2,139.99,4646,14,1,3,3,1000.0,0,0
34.46,10,2,4,2,20,324.6,4242,46,1,2,2,400.0,0,1
34.91,5,0,2,5,1,173.55,8987,30,0,1,2,300.0,0,0
23.6,10,1,0,5,3,233.0,5955,31,0,0,1,500.0,0,1
23.74,5,1,0,5,7,111.7,8583,37,1,3,2,200.0,1,0
47.42,4,2,0,4,6,183.68,1235,37,0,1,3,800.0,1,1
33.81,8,1,3,3,4,266.48,5163,50,1,1,3,800.0,1,1
30.06,6,0,1,5,43,137.36,84,41,1,1,0,300.0,0,1
28.84,2,3,2,5,3,54.68,3938,37,1,1,1,400.0,0,1
40.05,10,3,3,0,0,400.5,8241,13,0,4,3,300.0,1,0
42.7,8,1,4,3,1,340.6,2897,43,1,2,3,500.0,1,0
36.54,3,3,4,1,22,87.62,5200,45,1,2,0,400.0,0,1
22.56,6,0,4,5,9,126.36,14,35,1,1,3,500.0,0,0
20.87,3,2,1,3,1,61.61,7792,48,0,0,3,1000.0,0,0
14.8,7,1,2,5,0,103.6,9000,31,1,0,3,1000.0,0,1
33.84,0,1,3,3,0,0.0,7079,33,1,0,3,200.0,0,1
27.35,10,3,3,5,10,263.5,8241,13,0,3,3,300.0,1,0
14.66,6,1,3,5,1,86.96,4646,14,0,1,3,1000.0,0,0
31.87,9,1,4,0,0,286.83,77,45,1,0,1,400.0,1,0
23.76,9,2,4,3,7,206.84,1379,38,0,4,3,1000.0,0,1
10.43,10,3,3,3,7,97.3,90,35,0,1,0,1000.0,0,0
33.07,3,1,4,3,14,85.21,5200,45,1,1,0,400.0,0,1
18.59,8,1,2,5,1,147.72,4608,31,0,3,3,800.0,1,1
33.79,1,3,3,5,33,0.79,20,48,1,1,3,300.0,1,1
49.34,0,1,4,4,0,0.0,8759,34,0,0,3,500.0,0,1
20.39,1,3,4,0,0,20.39,2333,36,0,0,3,800.0,0,0
48.79,5,0,0,4,12,231.95,20,46,1,1,3,400.0,0,0
12.01,9,1,3,3,4,104.09,55,24,1,1,3,200.0,0,0
28.32,5,0,2,1,0,141.6,33,13,0,4,1,500.0,0,0
19.06,5,1,1,5,11,84.3,8,31,1,1,3,500.0,0,0
20.11,1,0,1,2,20,0.11,14,42,1,1,3,200.0,0,1
42.83,7,1,4,4,6,293.81,8759,34,0,0,3,500.0,0,1
29.09,10,1,3,1,2,288.9,1501,41,1,3,3,1000.0,0,0
18.36,10,0,4,3,2,181.6,7214,32,0,0,3,600.0,1,1
43.64,2,1,0,0,0,87.28,1402,30,1,0,3,600.0,0,0
31.26,5,0,1,5,4,152.3,72,36,0,1,0,200.0,0,0
11.31,5,2,1,0,0,56.55,48,39,1,1,3,500.0,0,1
14.65,10,1,0,5,5,141.5,6507,31,1,0,1,500.0,0,0
36.47,1,3,2,3,4,32.47,6237,40,1,0,3,800.0,0,1
32.03,9,3,4,0,0,288.27,3942,32,1,1,3,1000.0,1,1
26.13,7,1,3,5,14,168.91,55,24,1,4,3,200.0,0,0
24.94,6,0,0,3,14,135.64,60,32,1,1,3,800.0,0,0
24.2,3,2,2,4,3,69.6,4608,31,0,1,3,800.0,1,1
37.03,1,3,0,1,6,31.03,3945,32,0,3,3,1000.0,1,0
43.09,3,1,0,4,76,53.27,20,46,1,2,3,400.0,0,0
26.77,9,0,4,5,1,239.93,4242,46,1,1,2,400.0,0,1
16.73,10,2,2,5,3,164.3,6237,40,1,2,3,800.0,0,1
45.17,4,1,0,4,3,177.68,9441,22,0,3,1,600.0,0,1
30.1,7,0,3,4,9,201.7,6799,39,0,0,2,1000.0,0,0
18.82,7,1,3,2,1,130.74,2633,20,1,0,1,200.0,0,0
35.19,8,1,4,5,3,278.52,9445,42,1,3,3,800.0,0,1
26.13,2,0,4,3,29,23.26,77,45,1,1,1,400.0,1,0
40.1,9,1,1,2,12,348.9,3262,35,0,1,0,200.0,0,0
43.79,0,1,4,3,0,0.0,9445,42,1,0,3,800.0,0,1
27.25,8,0,2,0,0,218.0,72,48,1,0,3,1000.0,1,0
20.05,2,1,3,1,10,30.1,3673,43,1,3,3,200.0,0,1
20.88,10,3,2,0,0,208.8,7981,31,0,3,1,1000.0,0,0
10.26,9,0,4,0,0,92.34,77,45,1,0,1,400.0,1,0
25.81,3,3,0,3,35,42.43,60,32,0,2,3,800.0,0,0
11.03,9,1,1,0,0,99.27,84,41,1,0,0,300.0,0,1
14.82,9,0,0,5,18,115.38,64,45,1,2,3,800.0,0,0
34.91,8,2,3,3,1,278.28,4032,41,1,3,0,800.0,0,1
25.72,4,1,4,3,1,101.88,8759,34,0,0,3,500.0,0,1
43.4,2,3,4,3,52,34.8,77,45,1,3,1,400.0,1,0
15.42,6,1,0,1,12,80.52,25,39,1,3,3,800.0,1,1
33.53,6,0,1,3,15,186.18,6375,37,0,3,3,600.0,0,0
25.91,8,3,0,0,0,207.28,7985,39,0,0,3,500.0,0,1
31.77,3,1,1,3,35,60.31,14,42,0,0,3,200.0,0,1
21.01,9,3,1,5,23,166.09,42,35,0,2,2,500.0,1,1
24.99,2,3,3,5,3,46.98,6017,43,0,0,3,200.0,1,1
31.99,7,1,2,5,2,221.93,8987,30,0,2,2,300.0,0,0
42.23,1,1,3,4,14,28.23,9165,37,1,0,1,200.0,0,1
28.0,1,1,1,0,0,28.0,3262,35,0,0,0,200.0,0,0
44.83,0,3,0,5,0,0.0,30,10,0,3,1,300.0,0,0
40.1,7,1,3,3,15,265.7,79,40,1,3,3,300.0,0,1
23.38,4,1,3,4,13,80.52,5323,24,0,1,1,600.0,0,1
31.2,8,3,4,5,2,247.6,5119,33,1,1,3,600.0,0,0
40.41,4,1,3,3,5,156.64,5468,39,1,4,3,300.0,0,0
16.16,8,2,1,1,5,124.28,6757,36,1,3,1,600.0,0,1
15.97,9,0,1,3,23,120.73,84,41,1,1,0,300.0,0,1
36.9,1,1,3,0,0,36.9,6017,43,1,0,3,200.0,1,1
43.04,4,1,3,2,19,153.16,20,48,0,1,3,300.0,1,1
42.97,10,1,4,3,3,426.7,2935,48,1,0,0,300.0,1,0
16.25,8,1,3,5,1,129.0,20,48,1,4,3,300.0,1,1
13.25,7,1,4,4,2,90.75,2680,37,1,0,1,1000.0,0,0
49.7,5,1,3,0,0,248.5,9,17,0,0,3,300.0,0,1
49.54,5,3,2,5,8,239.7,8090,43,1,1,1,500.0,0,0
49.09,4,1,4,2,9,187.36,7085,44,1,3,1,200.0,0,1
36.38,0,0,1,5,0,0.0,3808,37,0,1,3,300.0,0,0
32.57,10,1,3,5,1,324.7,3392,43,1,2,3,500.0,1,0
42.74,4,0,3,2,4,166.96,4646,14,1,1,3,1000.0,0,0
45.6,5,1,0,5,33,195.0,84,38,0,3,3,800.0,1,0
33.77,0,0,3,0,0,0.0,9,17,0,0,3,300.0,0,1
37.3,9,1,4,3,2,333.7,8170,48,1,3,3,1000.0,0,0
33.01,6,1,3,3,4,194.06,6088,44,1,3,1,400.0,0,0
21.04,0,2,3,3,0,0.0,6088,44,0,1,1,400.0,0,0
39.88,5,3,2,0,0,199.4,33,13,0,1,1,500.0,0,0
18.75,3,3,3,1,1,55.25,3727,38,1,0,3,800.0,0,0
15.24,4,1,0,1,21,39.96,84,38,0,0,3,800.0,1,0
34.24,2,3,4,0,0,68.48,48,48,1,2,3,1000.0,0,1
43.98,0,1,2,2,0,0.0,36,49,1,1,1,400.0,0,0
28.61,3,0,3,1,4,81.83,6295,49,0,1,2,500.0,0,1
13.26,1,3,3,5,3,10.26,4646,14,0,1,3,1000.0,0,0
20.34,0,3,1,2,0,0.0,3262,35,0,0,0,200.0,0,0
35.26,10,3,4,3,5,347.6,2333,36,0,3,3,800.0,0,0
21.84,9,3,4,5,10,186.56,8327,42,1,3,1,1000.0,1,0
26.26,2,1,1,1,2,50.52,12,33,0,1,1,400.0,0,1
37.91,5,3,4,5,15,174.55,7556,50,1,1,3,1000.0,0,0
10.04,8,1,2,3,1,79.32,8090,43,1,0,1,500.0,0,0
15.38,7,2,3,3,2,105.66,9724,41,1,1,3,400.0,1,1
10.0,0,2,3,2,0,0.0,1982,31,0,3,1,400.0,1,1
20.18,10,1,3,4,3,198.8,9724,41,1,0,3,400.0,1,1
17.08,5,3,0,0,0,85.4,1437,50,1,2,3,200.0,0,1
27.76,10,1,3,3,4,273.6,2561,38,0,0,3,400.0,1,0
49.82,3,3,2,5,44,105.46,72,48,0,1,3,1000.0,1,0
23.08,5,1,0,5,1,114.4,6507,31,1,3,1,500.0,0,0
15.13,7,2,0,5,3,102.91,3097,38,0,2,1,400.0,0,0
40.14,8,1,2,0,0,321.12,3938,37,1,0,1,400.0,0,1
30.0,9,1,0,5,3,267.0,3706,40,1,0,3,400.0,0,0
27.72,4,3,2,0,0,110.88,7981,31,0,2,1,1000.0,0,0
44.0,4,2,0,5,8,168.0,2374,47,1,1,1,400.0,0,0
48.54,3,1,0,5,16,129.62,2374,47,1,0,1,400.0,0,0
13.44,6,1,0,4,5,75.64,2374,47,1,0,1,400.0,0,0
12.28,10,1,0,5,0,122.8,2374,47,1,2,1,400.0,0,0
14.22,2,3,3,4,0,28.44,2263,46,1,1,0,1000.0,0,0
33.42,9,2,3,5,19,281.78,2263,46,1,0,0,1000.0,0,0
31.77,1,1,0,0,0,31.77,6739,10,0,0,3,300.0,0,1
19.35,8,1,0,4,10,144.8,1759,17,0,2,1,300.0,0,0
42.8,1,1,0,0,0,42.8,6739,10,0,0,3,300.0,0,1
11.66,7,1,0,1,1,80.62,1759,17,1,0,1,300.0,0,0
45.92,6,1,0,4,12,263.52,1759,17,0,0,1,300.0,0,0
24.34,3,3,0,5,3,70.02,1759,17,0,0,1,300.0,0,0
12.28,1,1,0,1,5,7.28,2374,47,1,3,1,400.0,0,0
26.49,5,1,1,0,0,132.45,4284,33,0,1,3,200.0,0,0
47.39,8,0,4,5,6,373.12,5,37,0,1,3,1000.0,0,1
30.24,9,1,0,5,10,262.16,6739,10,0,3,3,300.0,0,1
16.48,8,0,0,5,5,126.84,2374,47,1,3,1,400.0,0,0
28.07,10,2,0,5,11,269.7,2374,47,1,1,1,400.0,0,0
24.19,5,3,0,3,1,119.95,2374,47,1,2,1,400.0,0,0
26.03,2,3,0,0,0,52.06,1759,17,0,1,1,300.0,0,0
25.49,5,1,1,0,0,127.45,7081,38,0,0,3,400.0,1,1
42.55,0,1,4,5,0,0.0,4094,34,1,4,3,400.0,1,1
33.27,0,1,0,5,0,0.0,7950,43,0,3,3,800.0,0,0
39.37,5,1,0,0,0,196.85,6210,38,0,0,3,400.0,1,0
18.35,0,3,2,0,0,0.0,1803,31,1,2,2,300.0,1,1
23.82,2,1,3,2,4,43.64,2565,39,0,0,3,400.0,1,1
27.31,2,0,3,5,5,49.62,5267,39,1,1,3,200.0,1,1
13.22,0,1,0,1,0,0.0,8945,49,1,1,3,400.0,0,0
33.46,8,3,1,0,0,267.68,8867,44,1,2,3,200.0,0,1
35.2,7,0,0,3,1,245.4,3845,33,1,0,3,800.0,0,1
41.34,0,1,4,1,0,0.0,5897,33,1,0,3,1000.0,1,1
47.64,6,0,0,5,4,281.84,3845,33,1,3,3,800.0,0,1
14.97,3,3,4,5,2,42.91,5897,33,1,0,3,1000.0,1,1
48.84,8,1,3,2,15,375.72,8854,49,0,3,3,300.0,1,0
11.61,1,2,3,5,0,11.61,8854,49,1,2,3,300.0,1,0
26.22,7,3,4,3,9,174.54,4716,50,1,0,3,300.0,1,0
33.23,1,0,4,5,2,31.23,4716,50,1,1,3,300.0,1,0
10.88,6,0,1,3,3,62.28,8867,44,1,1,3,200.0,0,1
13.45,1,3,0,5,2,11.45,8945,49,1,0,3,400.0,0,0
15.29,3,1,4,3,1,44.87,7976,37,0,3,1,300.0,0,1
12.18,9,1,3,3,5,104.62,9326,33,0,4,3,1000.0,0,0
42.82,2,3,3,2,2,83.64,9326,33,1,0,3,1000.0,0,0
48.32,4,0,3,3,7,186.28,9326,33,0,0,3,1000.0,0,0
31.64,8,0,4,3,1,252.12,5897,33,1,1,3,1000.0,1,1
34.2,1,2,3,2,6,28.2,8854,49,1,0,3,300.0,1,0
35.03,10,0,4,1,5,345.3,4716,50,1,1,3,300.0,1,0
40.55,10,1,4,3,11,394.5,4716,50,1,3,3,300.0,1,0
30.94,5,1,1,1,16,138.7,8867,44,1,3,3,200.0,0,1
19.07,9,1,4,2,0,171.63,5897,33,1,3,3,1000.0,1,1
16.53,10,0,4,2,6,159.3,7976,37,0,3,1,300.0,0,1
18.09,1,1,3,4,6,12.09,9326,33,1,0,3,1000.0,0,0
30.47,9,3,3,4,11,263.23,8854,49,0,0,3,300.0,1,0
29.33,8,0,0,5,5,229.64,3845,33,1,2,3,800.0,0,1
43.57,5,0,1,1,18,199.85,8867,44,1,2,3,200.0,0,1
15.81,6,1,3,1,2,92.86,5267,39,1,3,3,200.0,1,1
12.85,7,0,0,0,0,89.95,2265,42,1,3,1,500.0,0,0
17.41,5,3,0,0,0,87.05,3726,20,1,1,3,500.0,1,1
14.93,3,3,4,5,0,44.79,5727,31,1,3,1,200.0,0,1
30.74,2,0,4,1,3,58.48,8782,43,0,0,3,1000.0,0,0
36.82,4,1,1,5,4,143.28,3727,43,1,0,3,400.0,0,0
26.43,3,0,3,5,10,69.29,8297,36,1,0,1,1000.0,0,1
41.9,8,1,0,3,1,334.2,6726,34,1,1,3,400.0,0,1
46.9,6,1,0,5,8,273.4,7087,36,0,3,1,1000.0,1,0
24.0,5,1,0,3,3,117.0,7087,36,1,3,1,1000.0,1,0
49.7,9,3,0,5,7,440.3,2735,31,1,1,3,1000.0,0,1
19.63,6,0,3,3,3,114.78,7037,30,1,2,1,400.0,0,0
26.39,5,2,2,3,6,125.95,2643,40,1,0,0,200.0,0,0
26.8,0,1,2,2,0,0.0,8989,32,0,3,2,300.0,1,1
33.13,6,1,3,3,8,190.78,33,44,1,0,3,300.0,0,0
43.3,7,1,1,3,12,291.1,7995,40,0,0,1,200.0,1,0
12.38,4,0,0,3,1,48.52,8497,38,1,1,2,400.0,1,1
25.84,9,2,4,2,5,227.56,7388,40,1,3,3,300.0,0,1
45.18,1,1,3,1,2,43.18,6359,38,0,0,1,500.0,1,0
26.76,7,1,3,2,2,185.32,6721,49,0,3,3,300.0,0,0
21.53,6,2,0,5,0,129.18,4062,39,0,1,3,300.0,1,1
29.85,9,0,0,5,0,268.65,4062,39,0,2,3,300.0,1,1
10.96,6,1,3,5,5,60.76,88,41,0,0,1,300.0,0,1
32.02,0,1,0,3,0,0.0,8076,19,0,3,3,800.0,0,0
30.86,8,3,4,5,9,237.88,6610,48,1,1,3,500.0,0,0
33.08,9,3,3,5,37,260.72,88,41,0,0,1,300.0,0,1
32.21,8,2,1,3,15,242.68,7995,40,0,2,1,200.0,1,0
33.52,6,3,0,4,1,200.12,8497,38,1,1,2,400.0,1,1
34.62,2,1,4,5,5,64.24,7388,40,1,1,3,300.0,0,1
41.95,5,0,0,4,11,198.75,2374,47,1,3,1,400.0,0,0
16.15,7,3,3,5,2,111.05,6359,38,0,0,1,500.0,1,0
28.34,3,1,0,3,1,84.02,7087,36,1,1,1,1000.0,1,0
49.88,5,3,0,3,1,248.4,1759,17,0,3,1,300.0,0,0
45.19,9,0,4,5,8,398.71,4716,50,1,2,3,300.0,1,0
44.36,6,2,4,5,4,262.16,8782,43,0,3,3,1000.0,0,0
37.0,10,0,0,4,14,356.0,2374,47,1,3,1,400.0,0,0
40.32,10,3,1,0,0,403.2,8867,44,1,2,3,200.0,0,1
47.38,8,0,4,0,0,379.04,4716,50,1,2,3,300.0,1,0
22.14,1,0,3,3,1,21.14,2263,46,1,0,0,1000.0,0,0
25.74,8,1,3,2,10,195.92,9326,33,1,3,3,1000.0,0,0
39.17,4,1,4,0,0,156.68,5727,31,1,1,1,200.0,0,1
35.81,4,3,0,3,6,137.24,6210,38,0,1,3,400.0,1,0
19.29,10,2,4,5,8,184.9,7976,37,0,4,1,300.0,0,1
40.05,2,0,4,3,18,62.1,4094,34,1,0,3,400.0,1,1
45.88,4,1,0,0,0,183.52,8497,38,1,0,2,400.0,1,1
14.8,9,1,0,1,8,125.2,1759,17,0,2,1,300.0,0,0
15.49,5,0,0,5,4,73.45,8945,49,1,1,3,400.0,0,0
48.1,8,2,1,3,5,379.8,7995,40,0,1,1,200.0,1,0
36.49,5,0,2,4,9,173.45,1803,31,1,0,2,300.0,1,1
15.27,3,1,0,5,2,43.81,7087,36,0,0,1,1000.0,1,0
16.75,3,1,1,5,5,45.25,8867,44,1,0,3,200.0,0,1
25.34,3,1,4,5,7,69.02,7388,40,1,3,3,300.0,0,1
16.73,9,0,3,5,20,130.57,33,44,1,1,3,300.0,0,0
31.96,3,3,3,3,4,91.88,2565,39,0,3,3,400.0,1,1
38.38,2,1,3,2,25,51.76,88,41,0,0,1,300.0,0,1
43.55,7,1,2,0,0,304.85,8989,32,0,3,2,300.0,1,1
37.88,5,1,0,2,6,183.4,6739,10,0,1,3,300.0,0,1
26.31,7,0,3,3,2,182.17,8854,49,0,0,3,300.0,1,0
35.26,1,1,0,0,0,35.26,3845,33,1,0,3,800.0,0,1
10.43,10,3,3,0,0,104.3,7037,30,1,0,1,400.0,0,0
27.63,2,1,0,0,0,55.26,1759,17,0,1,1,300.0,0,0
15.53,4,1,0,0,0,62.12,2374,47,1,0,1,400.0,0,0
49.31,2,2,1,1,19,79.62,8867,44,1,1,3,200.0,0,1
33.81,2,3,4,2,27,40.62,5,37,0,0,3,1000.0,0,1
42.81,0,1,4,5,0,0.0,5897,33,1,1,3,1000.0,1,1
35.95,3,2,4,5,1,106.85,6610,48,1,0,3,500.0,0,0
28.32,10,0,3,2,0,283.2,6721,49,0,1,3,300.0,0,0
40.08,2,1,0,5,5,75.16,2374,47,1,2,1,400.0,0,0
30.51,2,3,3,5,7,54.02,9326,33,0,1,3,1000.0,0,0
22.83,4,0,0,2,1,90.32,8076,19,0,0,3,800.0,0,0
33.84,4,3,0,3,6,129.36,2735,31,1,1,3,1000.0,0,1
49.83,9,0,4,0,0,448.47,5897,33,1,0,3,1000.0,1,1
46.6,8,1,4,5,5,367.8,5897,33,1,3,3,1000.0,1,1
39.69,2,3,1,1,22,57.38,8867,44,1,3,3,200.0,0,1
14.77,10,1,1,4,0,147.7,4284,33,0,1,3,200.0,0,0
30.5,4,3,0,5,1,121.0,2374,47,1,1,1,400.0,0,0
12.15,5,3,3,3,2,58.75,9326,33,1,3,3,1000.0,0,0
42.1,1,2,0,4,17,25.1,2374,47,1,1,1,400.0,0,0
30.36,1,1,0,5,7,23.36,8945,49,1,3,3,400.0,0,0
44.46,7,1,0,3,4,307.22,3845,33,1,3,3,800.0,0,1
44.64,6,2,4,5,14,253.84,7976,37,0,4,1,300.0,0,1
41.12,4,3,0,3,10,154.48,6739,10,0,1,3,300.0,0,1
28.43,4,1,3,0,0,113.72,5267,39,1,2,3,200.0,1,1
13.89,2,2,0,3,8,19.78,1759,17,1,3,1,300.0,0,0
38.25,0,3,3,5,0,0.0,8854,49,1,3,3,300.0,1,0
23.82,6,2,0,4,0,142.92,8497,38,1,2,2,400.0,1,1
46.21,5,2,1,3,10,221.05,7081,38,0,1,3,400.0,1,1
48.14,1,0,0,0,0,48.14,2374,47,1,2,1,400.0,0,0
12.41,4,0,3,1,3,46.64,5267,39,1,4,3,200.0,1,1
14.95,7,3,0,5,9,95.65,3726,20,1,3,3,500.0,1,1
42.85,3,2,4,3,5,123.55,53,32,0,1,1,800.0,1,1
19.88,0,1,0,0,0,0.0,4399,35,0,0,3,600.0,0,1
40.78,10,3,0,0,0,407.8,4399,35,0,0,3,600.0,0,1
45.53,6,0,2,0,0,273.18,85,33,0,3,3,800.0,0,1
17.97,7,0,3,0,0,125.79,1037,45,1,0,3,800.0,0,0
25.08,2,1,3,5,3,47.16,1037,45,1,1,3,800.0,0,0
16.4,9,1,0,3,1,146.6,9382,19,0,0,2,200.0,1,0
30.13,7,0,0,0,0,210.91,4399,35,1,1,3,600.0,0,1
41.86,4,0,4,3,34,133.44,53,32,1,1,1,800.0,1,1
16.23,4,0,0,1,3,61.92,4399,35,1,2,3,600.0,0,1
26.54,9,1,3,0,0,238.86,1037,45,1,3,3,800.0,0,0
11.59,2,2,0,5,0,23.18,9025,35,1,3,2,400.0,0,0
48.15,1,3,0,5,3,45.15,9092,30,0,1,0,300.0,0,1
15.65,1,1,3,5,9,6.65,6060,39,1,3,2,400.0,0,0
23.7,3,1,3,3,2,69.1,6096,36,0,3,3,800.0,0,0
17.68,4,1,3,4,6,64.72,6096,36,1,0,3,800.0,0,0
46.71,7,1,0,5,16,310.97,9382,19,0,1,2,200.0,1,0
23.39,10,3,0,5,29,204.9,81,34,0,0,1,300.0,0,0
17.87,9,1,2,3,8,152.83,52,43,0,3,3,300.0,0,0
42.96,6,1,3,3,1,256.76,4515,24,1,0,2,500.0,0,1
37.6,2,3,0,1,7,68.2,8587,19,0,1,3,200.0,1,0
22.64,6,1,3,4,19,116.84,33,39,0,3,1,800.0,0,0
12.23,0,1,4,5,0,0.0,5427,25,0,3,1,200.0,1,0
13.22,8,3,3,5,1,104.76,33,39,0,1,1,800.0,0,0
15.89,6,2,1,2,2,93.34,1845,41,0,4,1,300.0,0,1
16.47,2,3,0,5,5,27.94,8183,42,1,3,3,400.0,0,1
16.65,3,1,3,3,13,36.95,2,37,0,4,3,600.0,1,0
46.66,9,3,3,1,11,408.94,2,37,0,0,3,600.0,1,0
23.55,8,3,2,5,5,183.4,9347,30,1,2,3,200.0,1,0
45.24,8,0,1,3,10,351.92,1412,33,1,1,1,300.0,0,1
11.98,2,3,1,5,1,22.96,7803,39,0,0,3,600.0,1,1
19.08,6,0,1,1,3,111.48,1412,33,1,0,1,300.0,0,1
26.95,8,2,2,1,1,214.6,9347,30,1,1,3,200.0,1,0
48.46,0,2,0,0,0,0.0,6317,32,1,1,2,1000.0,0,1
24.53,8,1,0,5,3,193.24,6317,32,0,3,2,1000.0,0,1
34.93,5,0,1,0,0,174.65,7803,39,1,4,3,600.0,1,1
12.05,5,2,0,1,1,59.25,5554,35,0,0,1,600.0,0,0
36.95,5,1,4,0,0,184.75,9309,40,1,0,3,800.0,0,1
29.3,0,1,0,1,0,0.0,6317,32,1,0,2,1000.0,0,1
29.0,4,2,2,5,12,104.0,9347,30,1,0,3,200.0,1,0
18.24,1,1,2,3,2,16.24,9347,30,1,1,3,200.0,1,0
49.09,3,3,4,5,5,142.27,9309,40,1,2,3,800.0,0,1
36.53,5,3,0,3,14,168.65,6317,32,0,0,2,1000.0,0,1
32.03,0,1,1,0,0,0.0,7803,39,0,1,3,600.0,1,1
23.67,6,1,3,0,0,142.02,2,37,0,1,3,600.0,1,0
14.78,9,3,0,0,0,133.02,5554,35,0,0,1,600.0,0,0
27.21,1,1,3,5,1,26.21,5159,45,1,1,3,400.0,0,0
31.41,4,1,3,5,6,119.64,5159,45,1,4,3,400.0,0,0
27.42,4,0,3,4,9,100.68,1271,33,1,3,3,600.0,0,1
48.12,6,2,3,5,2,286.72,8579,14,1,3,3,200.0,0,0
38.77,3,3,3,2,6,110.31,5159,45,1,0,3,400.0,0,0
31.1,8,0,3,5,5,243.8,5159,45,1,3,3,400.0,0,0
20.36,3,2,4,5,1,60.08,4552,30,1,0,1,400.0,0,1
31.3,10,0,3,0,0,313.0,1271,33,1,1,3,600.0,0,1
16.65,0,3,0,5,0,0.0,2973,34,1,2,3,300.0,0,1
48.79,7,0,4,3,9,332.53,9672,43,1,3,2,600.0,0,0
40.49,0,1,2,1,0,0.0,7930,35,1,0,0,300.0,0,1
17.68,7,1,3,0,0,123.76,6076,34,1,3,3,400.0,0,0
34.1,10,3,3,5,20,321.0,19,33,1,3,3,200.0,0,0
27.45,6,2,3,5,8,156.7,5026,38,0,3,3,800.0,0,0
27.51,5,3,1,5,2,135.55,8169,34,1,0,1,1000.0,1,1
47.31,4,3,3,3,1,188.24,47,30,0,0,3,800.0,1,0
11.47,0,3,0,1,0,0.0,5496,32,1,4,3,400.0,0,1
32.11,0,1,2,0,0,0.0,7850,35,0,1,0,1000.0,0,0
29.34,0,0,3,3,0,0.0,3880,34,0,3,3,500.0,1,1
17.8,5,0,3,4,2,87.0,6487,42,1,3,1,200.0,1,0
30.2,6,1,3,3,1,180.2,6487,42,1,4,1,200.0,1,0
14.72,10,1,3,5,2,145.2,6487,42,1,3,1,200.0,1,0
20.5,9,3,2,2,5,179.5,9278,45,1,4,3,500.0,0,1
11.6,8,0,2,0,0,92.8,53,50,0,1,3,800.0,1,0
33.1,6,0,4,4,1,197.6,7083,20,1,2,3,500.0,1,0
32.84,2,1,3,5,2,63.68,3880,34,1,0,3,500.0,1,1
24.67,7,1,3,4,1,171.69,3880,34,1,3,3,500.0,1,1
48.8,1,2,2,3,37,11.8,53,50,0,1,3,800.0,1,0
21.28,8,1,3,0,0,170.24,6487,42,1,0,1,200.0,1,0
31.86,9,0,3,0,0,286.74,1271,33,1,3,3,600.0,0,1
10.64,7,2,3,2,0,74.48,6487,42,1,1,1,200.0,1,0
33.03,9,1,0,5,9,288.27,4399,35,1,1,3,600.0,0,1
35.95,9,1,2,0,0,323.55,52,43,0,3,3,300.0,0,0
45.97,1,0,1,5,14,31.97,1412,33,1,2,1,300.0,0,1
18.07,6,1,0,5,6,102.42,6317,32,0,3,2,1000.0,0,1
46.35,3,1,3,2,53,86.05,33,39,0,0,1,800.0,0,0
40.42,6,1,3,5,17,225.52,2,37,0,0,3,600.0,1,0
22.04,0,1,0,2,0,0.0,9382,19,0,1,2,200.0,1,0
18.36,5,0,3,0,0,91.8,19,33,1,1,3,200.0,0,0
40.76,3,3,2,4,32,90.28,53,50,0,1,3,800.0,1,0
27.02,5,0,1,5,3,132.1,8169,34,1,3,1,1000.0,1,1
13.47,8,3,3,3,2,105.76,3880,34,0,0,3,500.0,1,1
47.42,6,3,2,5,10,274.52,9347,30,1,0,3,200.0,1,0
21.02,5,0,3,5,5,100.1,6096,36,1,4,3,800.0,0,0
23.29,7,0,2,5,9,154.03,9347,30,1,3,3,200.0,1,0
39.54,8,2,3,1,58,258.32,47,30,0,1,3,800.0,1,0
49.32,10,1,0,5,10,483.2,6317,32,0,2,2,1000.0,0,1
35.71,4,3,2,1,3,139.84,7850,35,0,1,0,1000.0,0,0
49.06,4,1,1,0,0,196.24,1412,33,1,0,1,300.0,0,1
25.09,6,1,0,5,2,148.54,9025,35,1,0,2,400.0,0,0
34.33,7,1,3,4,11,229.31,6076,34,1,0,3,400.0,0,0
19.13,6,2,0,2,2,112.78,5554,35,0,4,1,600.0,0,0
12.34,9,1,1,5,1,110.06,7803,39,0,0,3,600.0,1,1
22.0,10,3,1,4,4,216.0,1845,41,0,3,1,300.0,0,1
45.37,4,3,3,1,10,171.48,2574,38,1,2,1,200.0,0,1
33.91,1,1,0,5,6,27.91,3974,47,1,3,3,500.0,0,1
38.04,8,1,0,3,21,283.32,1123,36,0,1,3,500.0,1,0
26.43,0,1,0,5,0,0.0,9342,49,1,0,3,400.0,0,0
36.45,4,0,0,5,25,120.8,50,50,1,0,2,300.0,0,1
26.83,9,3,0,3,15,226.47,66,32,1,3,3,400.0,0,0
44.57,5,1,3,5,7,215.85,4929,44,1,2,2,600.0,0,1
29.0,7,1,0,3,5,198.0,1277,37,1,0,3,300.0,1,0
37.89,5,1,0,2,13,176.45,99,42,1,1,3,600.0,0,0
44.52,0,2,4,5,0,0.0,6796,44,0,0,1,600.0,0,0
26.69,2,3,1,3,43,10.38,11,47,1,0,3,800.0,0,0
32.31,0,3,3,0,0,0.0,97,34,0,1,3,500.0,0,1
17.71,0,0,3,4,0,0.0,2574,38,1,1,1,200.0,0,1
21.91,8,1,3,0,0,175.28,2574,38,1,0,1,200.0,0,1
40.98,3,0,2,3,5,117.94,5598,32,1,1,1,200.0,0,0
45.5,9,3,3,1,23,386.5,4929,44,1,1,2,600.0,0,1
23.43,3,0,0,5,42,28.29,99,42,1,3,3,600.0,0,0
34.6,7,0,4,0,0,242.2,6796,44,0,0,1,600.0,0,0
28.11,1,3,3,5,14,14.11,2574,38,1,1,1,200.0,0,1
48.35,5,3,4,3,23,218.75,19,40,0,0,3,400.0,0,0
15.71,7,1,3,3,7,102.97,4929,44,1,3,2,600.0,0,1
26.2,6,2,0,3,0,157.2,3974,47,1,0,3,500.0,0,1
12.2,7,1,1,3,2,83.4,8589,49,1,0,1,800.0,0,0
33.14,6,2,4,1,22,176.84,82,11,0,2,3,300.0,0,1
30.42,9,0,1,5,6,267.78,8275,37,0,1,3,1000.0,0,1
13.48,9,1,0,4,2,119.32,2156,36,1,1,3,400.0,0,1
22.13,5,1,4,4,19,91.65,56,25,1,3,3,600.0,1,0
42.43,10,1,4,1,6,418.3,6950,39,0,3,2,200.0,0,1
47.93,6,1,3,1,11,276.58,1844,41,1,3,3,400.0,1,0
13.65,4,3,1,0,0,54.6,8589,49,1,3,1,800.0,0,0
48.43,7,0,4,0,0,339.01,6796,44,1,1,1,600.0,0,0
20.31,6,1,1,0,0,121.86,4804,49,1,0,3,1000.0,1,0
49.82,7,3,0,4,15,333.74,1123,36,0,1,3,500.0,1,0
31.53,8,1,3,0,0,252.24,2574,38,1,4,1,200.0,0,1
49.1,5,1,3,1,9,236.5,9995,43,1,1,3,200.0,0,1
44.13,7,3,2,5,32,276.91,22,40,1,0,1,600.0,0,0
29.93,10,1,0,4,6,293.3,5508,32,0,3,0,400.0,0,0
19.09,9,0,3,2,1,170.81,2574,38,0,3,1,200.0,0,1
30.61,0,3,4,0,0,0.0,3339,32,0,0,3,300.0,1,0
23.88,5,1,2,5,9,110.4,1823,46,1,0,1,300.0,0,1
30.18,10,1,3,2,6,295.8,4929,44,1,3,2,600.0,0,1
27.82,0,1,1,0,0,0.0,8275,37,1,2,3,1000.0,0,1
13.7,3,0,4,5,1,40.1,3339,32,0,2,3,300.0,1,0
45.82,9,2,0,3,14,398.38,50,50,1,1,2,300.0,0,1
39.46,9,2,0,4,21,334.14,6706,41,1,0,3,800.0,0,0
25.45,10,1,3,0,0,254.5,7631,39,0,4,3,500.0,0,1
29.64,5,1,0,5,9,139.2,6706,41,0,1,3,800.0,0,0
49.0,1,1,3,0,0,49.0,2574,38,0,2,1,200.0,0,1
49.33,5,3,1,5,12,234.65,4804,49,1,1,3,1000.0,1,0
38.16,0,1,3,3,0,0.0,5235,43,1,0,1,600.0,1,1
18.7,7,3,3,1,4,126.9,5235,43,1,2,1,600.0,1,1
23.35,5,1,0,5,8,108.75,5686,31,0,0,1,500.0,1,0
22.91,3,1,0,5,3,65.73,5686,31,1,1,1,500.0,1,0
47.11,1,1,4,3,22,25.11,2871,44,1,0,3,800.0,0,1
44.71,4,1,3,1,64,114.84,80,23,0,1,3,300.0,0,0
14.17,3,0,2,2,3,39.51,4872,49,1,0,3,800.0,0,0
15.82,9,3,0,3,2,140.38,3432,32,0,2,3,800.0,0,0
45.09,1,0,0,0,0,45.09,3432,32,1,4,3,800.0,0,0
35.98,6,1,1,2,2,213.88,2243,42,1,0,3,1000.0,1,1
13.01,0,3,0,5,0,0.0,57,37,0,0,0,1000.0,0,0
20.3,4,2,2,4,0,81.2,4872,49,1,2,3,800.0,0,0
25.4,9,0,0,5,3,225.6,3432,32,0,0,3,800.0,0,0
39.44,4,0,1,0,0,157.76,16,10,0,0,3,500.0,0,0
49.91,9,3,0,2,7,442.19,7674,41,1,1,3,800.0,0,1
10.99,9,1,3,3,1,97.91,5798,32,0,0,1,200.0,0,0
39.01,7,1,3,3,3,270.07,5798,32,1,1,1,200.0,0,0
48.98,10,1,4,5,9,480.8,7395,49,1,3,1,400.0,0,0
35.89,10,1,3,5,1,357.9,5798,32,1,1,1,200.0,0,0
15.13,0,0,3,5,0,0.0,5798,32,1,1,1,200.0,0,0
36.01,5,1,0,5,17,163.05,57,37,0,0,0,1000.0,0,0
27.08,7,1,3,3,1,188.56,5798,32,1,1,1,200.0,0,0
28.76,0,0,3,4,0,0.0,5798,32,1,0,1,200.0,0,0
47.14,7,3,0,3,2,327.98,3432,32,0,1,3,800.0,0,0
35.64,8,1,0,5,0,285.12,3432,32,1,3,3,800.0,0,0
31.01,9,3,3,2,4,275.09,5798,32,1,0,1,200.0,0,0
48.9,5,2,2,3,6,238.5,4872,49,1,1,3,800.0,0,0
24.21,3,2,1,5,1,71.63,2243,42,1,0,3,1000.0,1,1
27.96,8,0,0,0,0,223.68,7707,34,1,3,3,600.0,0,0
19.79,6,2,3,0,0,118.74,9880,40,1,1,3,300.0,0,0
32.02,7,2,0,5,6,218.14,7707,34,1,1,3,600.0,0,0
42.78,3,1,0,3,11,117.34,4191,44,1,3,1,500.0,0,1
15.19,4,0,3,0,0,60.76,5987,33,1,2,0,600.0,0,0
48.51,6,3,3,0,0,291.06,5987,33,0,0,0,600.0,0,0
41.26,5,0,3,0,0,206.3,5987,33,1,1,0,600.0,0,0
21.45,7,1,3,0,0,150.15,5987,33,1,3,0,600.0,0,0
48.32,0,1,3,2,0,0.0,3837,37,0,0,3,400.0,0,0
30.02,8,1,3,0,0,240.16,5987,33,0,0,0,600.0,0,0
35.84,5,1,4,5,13,166.2,1133,34,0,2,3,400.0,0,0
19.32,1,1,0,5,3,16.32,66,30,0,0,1,200.0,1,0
40.19,7,0,2,0,0,281.33,38,42,1,1,3,300.0,0,0
24.18,5,2,1,5,4,116.9,12,42,1,0,1,400.0,0,1
32.58,7,3,0,2,13,215.06,66,30,0,0,1,200.0,1,0
20.63,9,1,1,4,5,180.67,6120,41,1,2,2,800.0,0,1
46.28,0,0,3,5,0,0.0,3837,37,0,0,3,400.0,0,0
28.12,0,1,3,4,0,0.0,5987,33,0,0,0,600.0,0,0
47.83,0,2,3,2,0,0.0,5987,33,1,0,0,600.0,0,0
37.07,1,3,3,2,0,37.07,5987,33,1,1,0,600.0,0,0
13.72,2,2,2,5,7,20.44,38,42,1,1,3,300.0,0,0
17.89,8,2,3,2,3,140.12,5987,33,1,3,0,600.0,0,0
16.67,3,0,3,0,0,50.01,3837,37,0,0,3,400.0,0,0
42.86,5,1,0,0,0,214.3,3432,32,0,1,3,800.0,0,0
45.64,10,1,0,5,18,438.4,66,30,0,3,1,200.0,1,0
49.42,9,2,2,3,7,437.78,38,42,1,2,3,300.0,0,0
37.47,6,2,2,0,0,224.82,38,42,1,3,3,300.0,0,0
20.11,2,1,2,0,0,40.22,4872,49,1,3,3,800.0,0,0
26.21,10,0,3,4,7,255.1,5987,33,1,0,0,600.0,0,0
46.38,9,2,0,0,0,417.42,7707,34,1,3,3,600.0,0,0
30.12,8,1,3,3,1,239.96,9781,34,1,1,3,1000.0,0,1
20.87,0,1,4,2,0,0.0,1576,41,1,1,3,300.0,0,0
49.26,8,0,2,0,0,394.08,86,36,0,3,3,400.0,1,1
26.65,6,1,3,3,4,155.9,4718,37,1,1,1,1000.0,1,1
12.8,8,1,4,1,8,94.4,20,48,0,3,3,200.0,1,0
47.15,3,1,0,2,2,139.45,6451,14,0,3,3,1000.0,0,1
29.87,2,3,0,5,3,56.74,3725,41,1,1,3,500.0,1,0
27.84,2,3,3,5,5,50.68,2371,41,1,0,3,200.0,0,1
49.85,5,1,4,2,58,191.25,20,48,0,3,3,200.0,1,0
39.44,1,1,0,4,18,21.44,9342,49,1,0,3,400.0,0,0
30.24,10,1,4,0,0,302.4,2871,44,1,0,3,800.0,0,1
26.27,1,2,0,2,11,15.27,99,42,1,1,3,600.0,0,0
26.91,6,2,3,3,3,158.46,4515,24,1,1,2,500.0,0,1
19.32,7,0,3,5,4,131.24,5798,32,1,3,1,200.0,0,0
26.63,10,1,0,5,7,259.3,1277,37,1,0,3,300.0,1,0
27.92,2,1,1,4,0,55.84,7803,39,0,2,3,600.0,1,1
38.75,10,2,3,3,2,385.5,33,44,1,4,3,300.0,0,0
27.87,5,3,2,3,16,123.35,2643,40,1,3,0,200.0,0,0
41.12,2,1,0,3,4,78.24,1759,17,0,0,1,300.0,0,0
36.66,10,3,4,3,13,353.6,7083,20,1,2,3,500.0,1,0
21.42,6,1,3,2,7,121.52,3837,37,0,1,3,400.0,0,0
14.38,5,1,0,1,8,63.9,1759,17,0,0,1,300.0,0,0
48.63,4,0,0,3,9,185.52,7707,34,1,2,3,600.0,0,0
19.82,10,3,4,5,0,198.2,3339,32,0,3,3,300.0,1,0
38.7,4,3,3,5,14,140.8,5987,33,1,3,0,600.0,0,0
13.15,5,0,2,3,1,64.75,38,42,1,0,3,300.0,0,0
19.93,2,2,3,3,11,28.86,4929,44,1,3,2,600.0,0,1
25.58,10,2,4,1,12,243.8,82,11,0,3,3,300.0,0,1
26.45,10,3,3,5,23,241.5,2,37,0,2,3,600.0,1,0
10.79,10,2,2,3,8,99.9,52,43,0,3,3,300.0,0,0
48.62,10,3,3,3,5,481.2,6487,42,1,1,1,200.0,1,0
41.6,5,0,0,1,3,205.0,8497,38,1,0,2,400.0,1,1
22.36,8,2,2,5,27,151.88,86,36,0,0,3,400.0,1,1
45.9,9,1,4,0,0,413.1,6950,39,0,0,2,200.0,0,1
43.02,4,1,1,5,12,160.08,1412,33,1,3,1,300.0,0,1
11.99,9,0,3,3,2,105.91,9326,33,0,1,3,1000.0,0,0
15.72,5,1,4,5,2,76.6,5897,33,1,2,3,1000.0,1,1
31.68,3,1,1,5,7,88.04,8589,49,1,1,1,800.0,0,0
37.38,2,1,4,3,0,74.76,6610,48,1,0,3,500.0,0,0
30.13,7,0,4,4,7,203.91,4716,50,1,4,3,300.0,1,0
44.9,6,1,4,0,0,269.4,7976,37,0,3,1,300.0,0,1
16.29,5,1,0,5,29,52.45,99,42,1,1,3,600.0,0,0
42.71,0,0,2,3,0,0.0,9347,30,1,0,3,200.0,1,0
26.72,0,3,0,4,0,0.0,2374,47,1,0,1,400.0,0,0
15.16,5,0,2,5,2,73.8,4872,49,1,0,3,800.0,0,0
14.05,10,2,3,3,2,138.5,5798,32,0,0,1,200.0,0,0
15.07,10,1,0,1,2,148.7,2973,34,1,3,3,300.0,0,1
29.72,5,3,0,0,0,148.6,3974,47,1,0,3,500.0,0,1
29.61,1,1,3,5,12,17.61,7037,30,1,3,1,400.0,0,0
26.14,6,2,3,3,4,152.84,9326,33,1,0,3,1000.0,0,0
19.53,6,0,1,0,0,117.18,4284,33,0,0,3,200.0,0,0
19.55,4,3,3,5,2,76.2,2,37,0,2,3,600.0,1,0
11.41,2,1,0,5,1,21.82,5686,31,0,1,1,500.0,1,0
19.74,6,0,0,0,0,118.44,3845,33,1,1,3,800.0,0,1
40.38,0,0,0,1,0,0.0,66,30,0,0,1,200.0,1,0
18.24,2,3,3,5,3,33.48,5798,32,1,0,1,200.0,0,0
18.2,1,2,1,3,3,15.2,3727,43,1,1,3,400.0,0,0
44.1,5,1,2,0,0,220.5,85,33,0,3,3,800.0,0,1
44.98,5,1,0,1,15,209.9,6739,10,0,0,3,300.0,0,1
46.24,6,0,3,3,0,277.44,1037,45,1,3,3,800.0,0,0
20.6,10,3,0,0,0,206.0,8945,49,1,1,3,400.0,0,0
12.08,10,1,3,5,4,116.8,5987,33,0,0,0,600.0,0,0
10.16,6,1,4,5,3,57.96,56,25,1,1,3,600.0,1,0
49.98,0,2,0,4,0,0.0,3845,33,1,4,3,800.0,0,1
22.0,6,2,4,4,2,130.0,5897,33,1,0,3,1000.0,1,1
16.05,10,3,3,3,3,157.5,6359,38,0,0,1,500.0,1,0
21.39,1,2,0,3,4,17.39,4399,35,0,0,3,600.0,0,1
31.59,7,1,0,4,11,210.13,8945,49,1,0,3,400.0,0,0
13.1,2,0,3,5,1,25.2,2,37,0,0,3,600.0,1,0
28.65,10,0,3,2,5,281.5,9326,33,0,2,3,1000.0,0,0
33.19,4,3,2,0,0,132.76,9347,30,1,3,3,200.0,1,0
39.73,8,0,0,4,2,315.84,3845,33,1,1,3,800.0,0,1
38.93,9,0,1,3,2,348.37,8867,44,1,3,3,200.0,0,1
19.96,8,0,0,5,7,152.68,1759,17,1,2,1,300.0,0,0
24.89,5,1,2,0,0,124.45,9347,30,1,0,3,200.0,1,0
12.11,4,3,1,0,0,48.44,7081,38,0,4,3,400.0,1,1
12.18,0,1,0,0,0,0.0,5554,35,0,1,1,600.0,0,0
32.46,0,2,0,5,0,0.0,2374,47,1,0,1,400.0,0,0
16.83,3,3,3,5,3,47.49,3880,34,1,0,3,500.0,1,1
22.75,2,1,4,1,1,44.5,9309,40,1,0,3,800.0,0,1
42.11,1,3,3,3,12,30.11,6096,36,1,0,3,800.0,0,0
15.83,6,3,0,0,0,94.98,57,37,0,1,0,1000.0,0,0
37.68,8,0,0,1,15,286.44,4399,35,1,2,3,600.0,0,1
12.9,1,3,1,5,4,8.9,4284,33,0,0,3,200.0,0,0
26.1,6,3,3,2,12,144.6,2263,46,1,0,0,1000.0,0,0
13.62,8,0,0,3,3,105.96,3845,33,1,1,3,800.0,0,1
12.05,8,1,3,4,1,95.4,9781,34,1,1,3,1000.0,0,1
24.03,9,1,0,0,0,216.27,7087,36,1,0,1,1000.0,1,0
40.91,8,1,2,5,16,311.28,52,43,0,0,3,300.0,0,0
16.14,1,2,3,5,1,15.14,5987,33,1,1,0,600.0,0,0
16.06,8,3,0,5,8,120.48,6706,41,1,0,3,800.0,0,0
38.29,7,3,3,3,8,260.03,2574,38,0,1,1,200.0,0,1
14.23,9,3,0,1,0,128.07,2374,47,1,3,1,400.0,0,0
35.13,3,1,0,1,13,92.39,3432,32,0,3,3,800.0,0,0
41.23,8,1,4,5,1,328.84,6796,44,0,1,1,600.0,0,0
25.61,3,0,2,3,29,47.83,38,42,1,1,3,300.0,0,0
46.45,6,1,0,0,0,278.7,2374,47,1,1,1,400.0,0,0
32.16,4,1,0,5,5,123.64,7087,36,1,0,1,1000.0,1,0
46.79,7,0,3,3,9,318.53,5235,43,1,2,1,600.0,1,1
34.27,2,2,0,1,3,65.54,7087,36,0,1,1,1000.0,1,0
41.9,9,2,1,3,34,343.1,16,10,0,0,3,500.0,0,0
13.45,7,3,3,3,0,94.15,9995,43,1,0,3,200.0,0,1
23.5,7,0,0,3,0,164.5,6210,38,0,0,3,400.0,1,0
26.01,3,3,0,5,1,77.03,1759,17,0,1,1,300.0,0,0
36.54,5,0,4,5,1,181.7,4716,50,1,0,3,300.0,1,0
43.45,7,1,0,3,0,304.15,3845,33,1,0,3,800.0,0,1
18.62,6,3,0,5,5,106.72,3432,32,1,1,3,800.0,0,0
13.9,4,0,0,1,3,52.6,8183,42,1,0,3,400.0,0,1
24.0,1,0,3,3,4,20.0,1037,45,1,0,3,800.0,0,0
38.54,2,3,4,5,7,70.08,7976,37,0,0,1,300.0,0,1
18.3,1,1,3,3,2,16.3,4718,37,1,1,1,1000.0,1,1
27.28,3,1,3,2,3,78.84,5159,45,1,0,3,400.0,0,0
27.71,2,1,0,0,0,55.42,50,50,1,0,2,300.0,0,1
24.69,8,0,4,4,2,195.52,7388,40,1,3,3,300.0,0,1
30.97,7,1,0,0,0,216.79,2374,47,1,1,1,400.0,0,0
33.09,6,3,1,3,10,188.54,4804,49,1,1,3,1000.0,1,0
13.26,7,1,3,0,0,92.82,8854,49,0,1,3,300.0,1,0
38.69,7,0,2,0,0,270.83,5598,32,1,0,1,200.0,0,0
26.71,6,1,3,4,6,154.26,8297,36,1,1,1,1000.0,0,1
33.85,3,0,1,2,8,93.55,1412,33,1,1,1,300.0,0,1
28.63,5,0,3,3,3,140.15,8854,49,1,2,3,300.0,1,0
23.53,10,0,1,0,0,235.3,8867,44,1,0,3,200.0,0,1
46.49,9,3,0,2,4,414.41,2156,36,1,0,3,400.0,0,1
39.65,1,0,0,2,2,37.65,6317,32,0,1,2,1000.0,0,1
31.2,0,0,1,5,0,0.0,7995,40,0,4,1,200.0,1,0
35.14,3,3,0,5,4,101.42,1759,17,0,2,1,300.0,0,0
21.19,0,1,0,3,0,0.0,2265,42,1,3,1,500.0,0,0
26.55,6,1,1,5,2,157.3,2243,42,1,3,3,1000.0,1,1
44.28,3,1,4,5,84,48.84,19,40,0,0,3,400.0,0,0
45.3,7,0,4,3,14,303.1,2114,32,1,1,3,500.0,0,1
44.26,1,0,3,4,6,38.26,4856,40,1,1,2,600.0,0,1
46.62,8,1,0,0,0,372.96,21,36,0,0,3,200.0,1,1
27.44,4,3,4,2,3,106.76,1887,31,0,1,3,400.0,0,0
40.67,3,1,3,1,10,112.01,4371,41,1,1,3,200.0,0,0
33.63,4,3,3,1,32,102.52,9,44,1,0,2,300.0,0,0
32.49,0,3,3,5,0,0.0,57,44,1,0,3,600.0,1,0
20.75,1,3,0,1,3,17.75,5411,38,1,1,3,1000.0,0,0
38.91,4,0,0,5,1,154.64,6372,34,0,3,1,400.0,0,0
12.54,8,1,0,2,2,98.32,7070,46,1,0,3,800.0,1,0
46.27,4,3,2,1,3,182.08,15,31,0,0,1,200.0,0,1
20.61,1,3,3,4,1,19.61,43,33,0,0,2,400.0,1,0
36.32,10,0,3,5,5,358.2,8370,10,0,0,3,400.0,0,1
42.96,0,1,4,4,0,0.0,2114,32,0,2,3,500.0,0,1
46.99,0,3,3,1,0,0.0,1475,31,0,0,3,800.0,0,1
48.02,8,0,0,3,19,365.16,1435,21,1,0,3,200.0,0,1
25.34,6,1,3,0,0,152.04,6341,38,0,0,3,1000.0,0,1
26.43,1,2,3,5,2,24.43,8792,44,1,3,3,600.0,0,1
24.87,0,1,3,1,0,0.0,2497,30,1,0,2,500.0,0,1
42.31,0,3,3,0,0,0.0,2289,42,1,3,3,300.0,0,1
30.34,2,0,3,2,16,44.68,4778,32,0,3,3,1000.0,0,0
19.32,6,2,3,5,15,100.92,43,33,0,0,2,400.0,1,0
43.66,10,1,4,4,8,428.6,6605,34,1,3,1,1000.0,0,0
28.4,5,0,4,3,7,135.0,2114,32,1,3,3,500.0,0,1
17.54,7,1,4,0,0,122.78,6964,45,1,0,0,800.0,0,1
13.44,5,0,1,0,0,67.2,4504,30,1,0,3,800.0,0,1
30.11,0,3,0,0,0,0.0,86,37,0,0,0,1000.0,0,1
10.34,6,1,3,2,2,60.04,2289,42,1,2,3,300.0,0,1
37.88,0,1,4,2,0,0.0,64,40,1,1,3,400.0,1,0
26.81,8,3,0,2,13,201.48,86,37,1,3,0,1000.0,0,1
13.14,2,3,4,3,5,21.28,2826,32,1,0,3,300.0,1,1
46.8,8,1,0,1,55,319.4,86,37,1,3,0,1000.0,0,1
32.76,1,1,3,3,23,9.76,43,33,0,0,2,400.0,1,0
47.68,3,3,3,3,5,138.04,1475,31,1,0,3,800.0,0,1
22.07,10,2,1,1,25,195.7,46,41,1,1,1,500.0,1,0
39.96,9,2,2,2,10,349.64,3931,43,1,0,3,400.0,0,0
20.89,0,1,3,5,0,0.0,7007,46,0,0,2,300.0,0,0
31.34,8,1,3,0,0,250.72,8370,10,0,4,3,400.0,0,1
14.07,4,1,0,5,13,43.28,3,33,0,2,0,200.0,1,0
42.31,5,1,0,3,4,207.55,6719,31,1,1,2,400.0,1,0
32.23,6,1,0,1,4,189.38,7070,46,1,1,3,800.0,1,0
13.42,8,3,3,3,1,106.36,1475,31,1,1,3,800.0,0,1
41.77,6,3,3,5,19,231.62,9,44,1,0,2,300.0,0,0
37.43,2,1,3,0,0,74.86,8669,34,1,2,2,200.0,1,0
22.82,2,0,0,5,0,45.64,7070,46,0,0,3,800.0,1,0
23.87,8,1,3,3,33,157.96,25,40,1,0,3,500.0,0,0
23.28,6,1,3,1,23,116.68,9,44,1,2,2,300.0,0,0
42.31,3,1,0,0,0,126.93,3855,38,1,1,1,800.0,0,1
10.64,9,1,3,5,4,91.76,14,33,0,0,3,1000.0,0,0
24.91,1,0,3,2,12,12.91,9,44,1,4,2,300.0,0,0
25.16,8,3,3,4,1,200.28,2289,42,1,1,3,300.0,0,1
36.46,7,1,3,3,4,251.22,2982,38,0,1,3,1000.0,0,0
46.13,4,1,3,5,4,180.52,6173,30,0,1,3,800.0,0,0
13.57,0,0,3,0,0,0.0,2166,37,1,3,3,500.0,0,0
13.02,9,1,3,1,1,116.18,1752,31,1,1,3,200.0,0,0
27.11,4,1,3,2,4,104.44,8669,34,0,2,2,200.0,1,0
13.59,7,1,0,5,1,94.13,21,36,1,0,3,200.0,1,1
47.34,3,1,3,3,2,140.02,4856,40,1,4,2,600.0,0,1
32.89,1,1,1,2,18,14.89,6002,43,1,2,3,800.0,0,1
21.47,2,3,0,5,17,25.94,21,36,1,3,3,200.0,1,1
41.71,0,1,0,1,0,0.0,6610,46,1,0,1,300.0,0,0
21.49,3,0,0,1,2,62.47,1949,43,1,3,1,500.0,0,1
44.99,8,1,0,4,5,354.92,6512,44,0,4,3,400.0,0,0
47.55,9,0,3,4,3,424.95,1475,31,0,1,3,800.0,0,1
22.68,6,0,4,5,26,110.08,28,35,0,1,3,800.0,0,1
13.92,6,3,0,3,0,83.52,4527,36,0,0,3,1000.0,1,0
39.58,9,0,4,5,3,353.22,1887,31,1,3,3,400.0,0,0
22.66,0,2,0,3,0,0.0,7070,46,1,1,3,800.0,1,0
12.08,0,3,3,0,0,0.0,71,35,0,3,1,600.0,0,0
41.82,1,3,4,5,3,38.82,6379,30,1,0,1,200.0,0,0
42.44,3,0,4,5,1,126.32,2114,32,1,1,3,500.0,0,1
46.16,1,1,1,0,0,46.16,9189,44,1,0,0,400.0,0,1
14.85,4,3,4,3,7,52.4,8989,31,0,0,3,600.0,0,1
19.07,4,1,1,5,10,66.28,1647,43,1,2,3,800.0,0,1
46.36,4,0,4,3,23,162.44,2,46,1,0,1,500.0,0,0
13.11,8,0,3,3,8,96.88,14,33,0,1,3,1000.0,0,0
31.29,2,1,3,5,2,60.58,1475,31,1,0,3,800.0,0,1
22.13,5,0,1,2,8,102.65,6002,43,1,0,3,800.0,0,1
13.32,8,1,3,0,0,106.56,7722,35,0,2,3,400.0,0,1
34.8,10,1,3,0,0,348.0,77,35,0,0,2,400.0,0,0
27.39,9,3,3,0,0,246.51,8807,42,1,2,0,500.0,1,1
22.87,6,1,0,1,10,127.22,5315,50,1,2,3,800.0,1,0
28.42,2,1,3,5,3,53.84,9743,37,0,4,3,1000.0,0,0
22.8,5,3,4,1,13,101.0,1205,34,1,1,3,200.0,1,0
19.19,3,1,0,3,9,48.57,86,37,1,0,0,1000.0,0,1
11.51,4,3,0,1,1,45.04,8677,37,1,1,3,800.0,1,0
12.09,0,1,0,0,0,0.0,7070,46,1,0,3,800.0,1,0
19.24,9,2,3,0,0,173.16,9,44,1,4,2,300.0,0,0
44.06,5,3,4,5,47,173.3,32,39,0,0,2,500.0,0,0
49.11,10,1,4,0,0,491.1,90,35,0,1,3,400.0,0,1
18.02,8,3,4,0,0,144.16,6605,34,1,3,1,1000.0,0,0
18.61,8,1,3,3,1,147.88,8807,42,1,0,0,500.0,1,1
26.48,3,0,2,3,9,70.44,7662,44,0,3,3,200.0,0,0
47.38,9,0,3,3,6,420.42,2982,38,0,1,3,1000.0,0,0
18.41,3,0,3,0,0,55.23,2289,42,1,3,3,300.0,0,1
13.74,1,3,3,3,7,6.74,77,35,0,1,2,400.0,0,0
29.01,6,1,3,4,8,166.06,8657,22,0,1,3,300.0,0,0
22.69,6,1,3,4,8,128.14,57,44,1,1,3,600.0,1,0
29.92,0,3,3,4,0,0.0,9,44,1,0,2,300.0,0,0
15.46,9,0,3,0,0,139.14,4079,37,0,0,3,300.0,0,1
31.63,7,3,3,0,0,221.41,2289,42,1,0,3,300.0,0,1
38.11,7,3,3,5,20,246.77,8657,22,0,0,3,300.0,0,0
35.68,7,0,2,2,24,225.76,15,31,0,2,1,200.0,0,1
21.93,0,3,1,2,0,0.0,9189,44,1,0,0,400.0,0,1
15.06,10,1,0,0,0,150.6,4029,37,1,3,0,1000.0,0,1
43.7,1,2,3,5,33,10.7,14,33,0,3,3,1000.0,0,0
31.86,3,3,1,1,5,90.58,60,40,1,0,1,200.0,0,1
43.4,3,3,2,4,15,115.2,1606,40,0,0,3,400.0,1,1
43.7,7,0,3,3,3,302.9,2982,38,1,1,3,1000.0,0,0
28.83,7,0,3,3,5,196.81,3238,41,1,0,1,400.0,0,0
47.88,1,0,3,5,1,46.88,2289,42,1,3,3,300.0,0,1
19.63,1,1,3,3,11,8.63,71,35,0,3,1,600.0,0,0
47.14,1,3,3,0,0,47.14,1985,33,1,0,3,400.0,0,1
33.19,3,2,0,4,6,93.57,4527,36,0,0,3,1000.0,1,0
36.68,2,3,3,3,12,61.36,3995,38,1,3,3,800.0,0,0
23.82,1,1,0,2,7,16.82,9993,36,0,1,2,800.0,0,1
34.86,5,0,2,0,0,174.3,9233,35,0,2,3,500.0,0,0
17.47,7,0,3,1,2,120.29,7007,46,1,1,2,300.0,0,0
40.67,4,2,3,5,4,158.68,1752,31,1,1,3,200.0,0,0
24.03,9,1,3,3,4,212.27,2289,42,1,3,3,300.0,0,1
31.34,3,1,0,4,3,91.02,3149,50,1,3,3,800.0,0,1
19.65,10,3,4,5,4,192.5,3189,32,1,2,1,600.0,0,0
39.91,1,1,3,5,39,0.91,57,44,1,0,3,600.0,1,0
48.38,9,3,3,5,5,430.42,7532,42,1,2,3,600.0,0,1
33.47,8,3,0,0,0,267.76,6677,39,1,1,3,300.0,0,0
25.79,10,0,1,5,13,244.9,56,33,1,3,3,500.0,1,0
10.81,4,0,0,5,6,37.24,3855,38,1,1,1,800.0,0,1
46.43,4,3,0,4,2,183.72,3360,50,1,0,3,300.0,0,1
47.73,10,1,3,4,2,475.3,8792,44,1,3,3,600.0,0,1
12.98,5,0,1,5,2,62.9,8987,38,1,1,1,1000.0,1,1
32.96,10,1,3,3,2,327.6,9378,48,1,0,3,300.0,1,1
32.27,4,1,0,3,5,124.08,9285,47,1,3,3,600.0,0,0
36.16,10,2,3,1,6,355.6,1475,31,1,2,3,800.0,0,1
13.43,4,1,2,5,8,45.72,8957,40,1,2,3,600.0,0,0
15.08,4,0,0,0,0,60.32,5408,38,1,3,3,300.0,0,0
43.42,4,0,4,5,6,167.68,1824,39,1,3,3,500.0,0,1
19.47,3,3,3,0,0,58.41,3238,41,1,1,1,400.0,0,0
18.06,2,2,3,2,3,33.12,9743,37,0,1,3,1000.0,0,0
46.32,7,3,3,1,26,298.24,14,33,0,0,3,1000.0,0,0
37.7,4,3,0,3,12,138.8,5315,50,1,1,3,800.0,1,0
14.9,10,3,3,0,0,149.0,8370,10,0,0,3,400.0,0,1
26.4,4,1,2,2,8,97.6,2278,40,1,0,0,800.0,0,1
22.98,9,0,3,0,0,206.82,5659,39,1,3,3,400.0,0,1
36.76,4,1,3,4,6,141.04,1475,31,0,0,3,800.0,0,1
15.3,4,1,3,2,9,52.2,8657,22,1,1,3,300.0,0,0
27.72,8,0,4,5,2,219.76,3189,32,1,0,1,600.0,0,0
40.8,8,1,3,3,12,314.4,4778,32,0,1,3,1000.0,0,0
35.17,10,2,3,5,4,347.7,2289,42,1,1,3,300.0,0,1
28.33,6,1,0,0,0,169.98,21,36,0,1,3,200.0,1,1
39.99,3,2,2,4,3,116.97,6399,10,0,2,3,300.0,0,0
13.87,0,1,4,5,0,0.0,8608,46,1,0,3,800.0,1,0
19.34,1,0,1,5,11,8.34,6002,43,1,4,3,800.0,0,1
25.2,10,2,0,2,40,212.0,21,36,1,3,3,200.0,1,1
42.51,10,0,4,5,1,424.1,5907,40,1,3,3,300.0,0,0
31.67,3,1,3,5,21,74.01,9,44,1,0,2,300.0,0,0
47.3,5,1,0,0,0,236.5,6512,44,1,0,3,400.0,0,0
47.89,0,0,3,4,0,0.0,2982,38,0,0,3,1000.0,0,0
15.42,1,0,0,0,0,15.42,7070,46,1,0,3,800.0,1,0
14.5,1,3,3,5,2,12.5,6675,37,1,3,2,300.0,0,0
26.27,4,3,4,1,7,98.08,1205,34,1,2,3,200.0,1,0
41.79,3,1,4,2,14,111.37,7967,49,0,0,3,600.0,0,0
30.36,4,2,3,3,4,117.44,9,44,1,0,2,300.0,0,0
19.79,2,1,2,3,4,35.58,2037,23,1,3,2,300.0,0,0
15.26,1,0,3,2,6,9.26,2503,30,0,0,0,800.0,0,1
44.37,3,2,4,5,10,123.11,1992,47,1,3,2,1000.0,1,0
11.84,10,1,4,3,2,116.4,2058,32,0,4,1,200.0,0,1
31.76,1,1,3,0,0,31.76,71,35,0,0,1,600.0,0,0
11.88,5,0,1,5,1,58.4,6816,43,0,0,2,500.0,0,1
16.52,4,1,4,0,0,66.08,8054,11,0,0,3,800.0,0,0
11.76,0,2,4,4,0,0.0,1992,47,1,2,2,1000.0,1,0
17.62,3,1,0,2,1,51.86,1949,43,1,3,1,500.0,0,1
27.21,9,1,0,1,4,240.89,5315,50,1,1,3,800.0,1,0
22.06,5,0,2,1,2,108.3,8487,39,0,1,1,800.0,0,0
29.71,1,1,0,2,10,19.71,3608,42,1,3,0,800.0,0,0
16.43,5,0,3,2,13,69.15,14,33,0,1,3,1000.0,0,0
46.55,2,1,3,3,1,92.1,8669,34,0,3,2,200.0,1,0
48.67,3,1,4,5,11,135.01,2114,32,0,1,3,500.0,0,1
22.13,4,3,2,0,0,88.52,3931,43,1,4,3,400.0,0,0
12.66,6,2,4,0,0,75.96,8214,33,0,3,2,1000.0,1,0
11.57,5,0,3,2,8,49.85,14,33,0,0,3,1000.0,0,0
32.94,9,3,4,4,2,294.46,5907,40,1,2,3,300.0,0,0
47.69,3,0,4,0,0,143.07,5907,40,1,0,3,300.0,0,0
36.17,2,3,1,5,4,68.34,3437,25,0,3,2,600.0,1,1
31.34,0,3,3,2,0,0.0,8807,42,1,1,0,500.0,1,1
25.85,6,3,1,2,11,144.1,6002,43,0,3,3,800.0,0,1
38.27,6,0,4,1,10,219.62,7164,46,1,3,3,400.0,0,0
40.42,3,3,3,2,3,118.26,8807,42,1,1,0,500.0,1,1
47.83,8,3,4,4,7,375.64,2882,42,1,0,1,500.0,1,0
17.88,3,0,0,5,6,47.64,6677,39,1,1,3,300.0,0,0
31.62,1,3,4,0,0,31.62,6964,45,1,2,0,800.0,0,1
29.73,1,1,0,4,4,25.73,1949,43,1,1,1,500.0,0,1
17.56,7,1,1,3,5,117.92,7237,40,1,0,0,400.0,0,0
49.03,10,1,1,5,5,485.3,2774,38,0,2,1,600.0,0,0
42.41,1,1,4,2,42,0.41,32,39,1,1,2,500.0,0,0
45.8,7,1,3,2,6,314.6,1475,31,0,3,3,800.0,0,1
37.62,3,3,3,1,6,106.86,2982,38,0,3,3,1000.0,0,0
22.19,8,2,4,5,2,175.52,2058,32,0,3,1,200.0,0,1
17.27,1,3,3,5,11,6.27,9,44,1,0,2,300.0,0,0
25.62,5,0,0,5,12,116.1,86,37,1,0,0,1000.0,0,1
28.77,3,1,3,0,0,86.31,2982,38,1,1,3,1000.0,0,0
24.71,7,0,3,5,0,172.97,8657,22,1,0,3,300.0,0,0
28.4,4,3,4,3,11,102.6,7164,46,1,1,3,400.0,0,0
17.74,1,0,3,3,4,13.74,8168,50,1,0,0,300.0,1,1
35.79,8,0,4,0,0,286.32,2058,32,0,3,1,200.0,0,1
32.3,6,3,3,3,6,187.8,57,44,1,1,3,600.0,1,0
27.49,1,0,3,0,0,27.49,7722,35,0,0,3,400.0,0,1
34.16,9,0,2,3,1,306.44,8487,39,1,0,1,800.0,0,0
29.18,2,1,3,2,1,57.36,9743,37,1,0,3,1000.0,0,0
24.73,5,1,3,3,1,122.65,3995,38,0,1,3,800.0,0,0
36.03,0,1,3,3,0,0.0,3238,41,1,0,1,400.0,0,0
11.53,3,1,3,3,6,28.59,9,44,1,1,2,300.0,0,0
26.84,5,1,0,4,5,129.2,6677,39,1,0,3,300.0,0,0
42.3,10,2,3,0,0,423.0,6341,38,0,1,3,1000.0,0,1
44.44,4,2,0,2,12,165.76,17,14,0,3,2,800.0,0,1
18.51,7,3,3,5,5,124.57,6341,38,0,0,3,1000.0,0,1
15.19,5,1,3,3,1,74.95,1985,33,1,0,3,400.0,0,1
47.86,3,1,3,1,13,130.58,8168,50,1,3,0,300.0,1,1
47.22,0,1,0,0,0,0.0,1949,43,1,0,1,500.0,0,1
43.48,8,0,4,5,1,346.84,5907,40,1,3,3,300.0,0,0
49.82,1,0,1,5,8,41.82,4504,30,1,0,3,800.0,0,1
14.51,3,1,4,3,9,34.53,32,39,1,0,2,500.0,0,0
34.38,1,1,4,0,0,34.38,2114,32,1,2,3,500.0,0,1
21.41,10,1,2,4,6,208.1,6399,10,0,0,3,300.0,0,0
41.48,9,0,0,5,8,365.32,1676,49,1,1,3,400.0,0,0
30.23,6,3,1,0,0,181.38,6749,43,1,3,3,800.0,0,1
31.9,3,1,2,1,12,83.7,6399,10,0,3,3,300.0,0,0
35.62,6,2,3,2,50,163.72,25,40,1,1,3,500.0,0,0
14.77,8,2,3,5,8,110.16,57,44,1,3,3,600.0,1,0
49.57,9,0,3,5,10,436.13,8669,34,1,3,2,200.0,1,0
30.32,5,1,3,3,1,150.6,2982,38,1,0,3,1000.0,0,0
36.55,1,1,0,4,14,22.55,5924,49,1,3,3,300.0,0,0
38.82,8,3,3,5,5,305.56,57,44,1,0,3,600.0,1,0
12.21,10,1,3,5,4,118.1,9378,48,1,1,3,300.0,1,1
10.33,5,0,3,0,0,51.65,2289,42,1,2,3,300.0,0,1
36.87,0,1,0,0,0,0.0,5946,46,1,1,3,600.0,0,1
39.23,1,1,3,3,4,35.23,8807,42,1,2,0,500.0,1,1
22.81,8,3,1,1,0,182.48,5342,44,1,2,1,800.0,0,0
36.81,10,2,3,4,3,365.1,7532,42,1,0,3,600.0,0,1
39.78,9,2,4,1,13,345.02,8989,31,1,1,3,600.0,0,1
48.85,4,0,3,0,0,195.4,4420,40,1,0,3,500.0,0,1
44.44,5,1,3,5,1,221.2,8657,22,1,1,3,300.0,0,0
16.29,6,0,0,0,0,97.74,3855,38,0,1,1,800.0,0,1
37.62,1,1,3,2,15,22.62,2503,30,0,0,0,800.0,0,1
36.02,9,2,3,3,24,300.18,57,44,1,3,3,600.0,1,0
49.34,2,1,0,3,6,92.68,7070,46,1,2,3,800.0,1,0
10.96,9,3,1,1,4,94.64,2698,34,0,3,3,800.0,0,0
20.51,4,3,0,4,1,81.04,5315,50,1,2,3,800.0,1,0
18.01,10,1,3,2,5,175.1,9793,39,1,1,3,1000.0,0,0
42.49,2,1,3,0,0,84.98,4856,40,1,1,2,600.0,0,1
40.1,2,1,0,5,2,78.2,9285,47,1,2,3,600.0,0,0
36.78,8,2,3,0,0,294.24,77,35,0,1,2,400.0,0,0
44.84,1,0,3,3,5,39.84,2289,42,1,0,3,300.0,0,1
40.79,5,3,0,2,0,203.95,7070,46,0,1,3,800.0,1,0
33.12,4,0,4,0,0,132.48,4104,47,1,1,3,600.0,0,0
29.3,4,1,3,1,2,115.2,9701,13,0,3,1,1000.0,1,0
12.89,0,0,3,5,0,0.0,37,42,1,2,1,600.0,0,0
47.44,7,1,0,5,5,327.08,86,37,0,1,0,1000.0,0,1
21.09,5,3,3,0,0,105.45,21,40,1,0,0,300.0,0,1
40.03,5,2,3,4,2,198.15,3444,39,1,0,3,600.0,0,0
11.97,10,1,0,4,3,116.7,6915,33,1,3,1,500.0,0,1
46.89,5,2,2,5,6,228.45,7984,17,0,0,2,800.0,1,0
10.21,9,1,0,0,0,91.89,75,44,1,1,3,300.0,0,0
15.65,5,0,3,5,6,72.25,5674,34,0,0,3,600.0,1,1
36.61,5,3,3,4,7,176.05,3588,36,1,0,3,300.0,1,1
13.15,5,0,3,5,2,63.75,9832,45,1,1,0,300.0,1,0
39.44,8,2,3,2,32,283.52,76,40,1,0,3,800.0,1,0
22.05,8,0,0,3,11,165.4,6915,33,1,1,1,500.0,0,1
39.67,9,3,4,3,4,353.03,8357,33,1,1,3,800.0,0,0
36.49,0,2,3,2,0,0.0,6705,40,0,1,0,400.0,0,0
16.33,10,3,2,0,0,163.3,8590,42,1,0,3,600.0,0,1
15.13,6,3,3,4,12,78.78,90,31,1,0,1,600.0,1,0
19.89,9,0,1,5,1,178.01,5251,50,1,0,3,500.0,0,1
45.27,3,1,3,1,28,107.81,70,16,0,1,3,300.0,1,0
17.86,10,0,2,5,2,176.6,4091,34,0,3,1,1000.0,0,0
14.12,9,1,2,1,1,126.08,1889,45,1,1,3,600.0,1,1
38.76,9,0,0,5,6,342.84,1936,34,1,1,3,400.0,0,0
19.96,5,3,0,4,3,96.8,3779,37,1,0,3,400.0,0,1
22.98,2,2,3,0,0,45.96,2482,31,0,3,3,500.0,0,1
11.03,9,1,4,3,3,96.27,8823,22,1,1,1,300.0,1,0
42.13,4,1,1,1,1,167.52,87,40,1,1,3,1000.0,0,0
45.89,1,2,4,4,7,38.89,5796,38,0,1,3,600.0,0,0
10.52,1,1,0,0,0,10.52,9900,39,1,3,3,500.0,1,1
29.57,4,2,1,1,8,110.28,74,40,1,3,3,300.0,0,1
47.47,3,0,3,3,4,138.41,4897,47,1,1,1,300.0,0,1
11.51,10,2,2,5,7,108.1,4091,34,0,1,1,1000.0,0,0
44.18,2,3,2,5,19,69.36,8590,42,1,0,3,600.0,0,1
20.28,7,3,4,3,3,138.96,9140,33,0,1,3,800.0,0,0
18.92,7,1,3,0,0,132.44,8630,33,0,0,3,600.0,0,0
19.2,5,3,3,1,5,91.0,9832,45,1,3,0,300.0,1,0
24.18,2,0,0,3,4,44.36,2304,31,1,2,2,200.0,0,1
16.33,6,1,1,2,4,93.98,1484,17,0,1,3,400.0,0,0
37.67,2,1,4,5,3,72.34,2679,45,1,1,2,400.0,0,0
32.73,9,1,0,3,6,288.57,8383,38,1,1,3,400.0,0,1
22.66,5,2,0,3,32,81.3,75,44,1,4,3,300.0,0,0
23.83,3,3,0,5,1,70.49,2463,42,1,3,2,400.0,0,0
11.28,3,2,4,1,2,31.84,9723,35,0,0,2,1000.0,0,1
31.42,3,3,3,0,0,94.26,3778,35,1,1,3,400.0,0,1
25.48,1,1,1,3,1,24.48,1863,32,0,0,1,500.0,0,1
25.76,9,0,2,0,0,231.84,3228,49,1,3,3,300.0,1,1
22.66,4,1,0,4,7,83.64,7401,31,0,1,0,1000.0,1,1
33.08,6,1,3,0,0,198.48,9258,44,0,0,3,800.0,1,1
11.77,1,1,3,4,2,9.77,5667,38,0,3,0,200.0,1,1
15.21,8,1,3,0,0,121.68,90,31,1,2,1,600.0,1,0
19.79,4,1,3,5,1,78.16,3330,32,0,1,3,400.0,0,0
44.13,0,3,0,5,0,0.0,4848,48,1,1,3,300.0,0,1
42.87,8,3,0,3,13,329.96,3568,34,1,0,1,600.0,1,0
23.49,8,3,0,0,0,187.92,75,44,0,0,3,300.0,0,0
30.39,9,1,4,1,8,265.51,9520,30,1,0,2,400.0,0,0
24.54,8,0,3,3,6,190.32,9832,45,1,3,0,300.0,1,0
16.56,10,0,3,2,10,155.6,10,14,0,0,3,500.0,0,1
12.53,9,1,3,5,9,103.77,90,31,0,0,1,600.0,1,0
11.24,5,1,4,0,0,56.2,9077,40,1,1,3,400.0,0,0
21.0,4,0,3,0,0,84.0,8779,32,0,0,0,400.0,0,0
46.87,9,3,2,3,5,416.83,3228,49,1,1,3,300.0,1,1
40.3,1,3,0,0,0,40.3,7664,37,1,3,3,600.0,0,0
39.27,2,0,3,5,7,71.54,3491,33,1,0,3,400.0,0,0
18.44,2,2,4,0,0,36.88,8692,41,0,1,3,800.0,1,0
20.93,9,0,4,5,5,183.37,6635,49,1,0,3,1000.0,0,0
24.55,2,1,1,0,0,49.1,2541,41,1,0,3,800.0,0,0
20.29,9,2,2,3,4,178.61,3228,49,1,3,3,300.0,1,1
11.59,7,1,0,4,1,80.13,7401,31,0,1,0,1000.0,1,1
27.93,5,0,4,0,0,139.65,6635,49,1,1,3,1000.0,0,0
35.47,10,3,0,5,6,348.7,4006,32,1,1,1,1000.0,1,1
28.93,0,3,3,2,0,0.0,2997,40,0,0,3,300.0,0,1
29.91,6,1,0,3,9,170.46,3004,32,1,1,3,600.0,0,0
42.24,4,1,3,3,6,162.96,2202,46,0,0,3,600.0,0,1
24.14,10,1,4,3,5,236.4,9667,30,0,2,3,200.0,1,0
14.37,7,2,3,5,1,99.59,8931,38,0,0,3,300.0,1,0
20.86,8,1,0,1,6,160.88,3036,47,1,3,2,600.0,1,1
14.03,2,2,2,0,0,28.06,9216,44,1,3,0,400.0,1,0
38.3,6,1,1,3,7,222.8,2356,35,1,0,1,1000.0,0,1
25.91,8,1,0,3,24,183.28,65,43,1,1,3,1000.0,0,0
32.07,2,1,1,5,9,55.14,2541,41,1,0,3,800.0,0,0
20.28,6,3,3,1,33,88.68,10,46,1,0,2,300.0,0,1
23.33,4,1,0,2,3,90.32,4006,32,0,2,1,1000.0,1,1
29.44,1,3,0,5,12,17.44,7504,49,1,1,3,1000.0,0,1
12.08,1,0,3,3,7,5.08,29,46,1,3,3,200.0,0,0
27.73,1,3,0,0,0,27.73,7664,37,1,0,3,600.0,0,0
49.04,9,3,4,2,7,434.36,9667,30,0,1,3,200.0,1,0
17.64,8,2,1,2,27,114.12,24,47,1,0,3,1000.0,0,1
49.53,6,1,0,1,17,280.18,2483,45,1,0,3,1000.0,0,1
40.82,2,3,3,1,13,68.64,85,43,1,0,3,1000.0,1,1
22.21,2,3,0,1,0,44.42,8383,38,1,1,3,400.0,0,1
26.33,7,1,1,5,10,174.31,24,47,1,1,3,1000.0,0,1
21.6,4,1,3,1,19,67.4,10,14,0,3,3,500.0,0,1
15.08,8,2,0,1,6,114.64,3004,32,1,0,3,600.0,0,0
48.84,5,3,1,2,4,240.2,5673,41,1,0,0,800.0,1,0
24.96,6,1,4,5,3,146.76,5796,38,0,0,3,600.0,0,0
22.15,4,0,3,1,3,85.6,9175,21,1,3,3,500.0,0,1
46.84,2,2,3,4,3,90.68,2617,37,1,0,0,500.0,0,1
22.84,10,0,3,3,29,199.4,85,43,1,4,3,1000.0,1,1
42.95,4,0,0,5,8,163.8,1936,34,1,3,3,400.0,0,0
47.72,10,0,0,0,0,477.2,14,31,1,3,1,300.0,0,0
17.25,8,0,3,2,4,134.0,7503,49,1,3,3,300.0,0,0
38.48,1,3,3,4,5,33.48,3330,32,1,2,3,400.0,0,0
48.51,5,0,0,0,0,242.55,4848,48,1,0,3,300.0,0,1
24.53,2,2,3,3,4,45.06,5667,38,0,0,0,200.0,1,1
12.09,5,2,4,4,7,53.45,8207,34,1,0,1,800.0,0,0
17.79,10,3,0,5,3,174.9,2925,23,0,0,0,800.0,0,1
29.46,2,1,3,1,7,51.92,90,31,0,1,1,600.0,1,0
19.44,1,3,3,1,2,17.44,9096,39,1,1,3,300.0,0,1
39.22,5,1,0,2,9,187.1,2483,45,1,0,3,1000.0,0,1
11.61,2,1,0,0,0,23.22,75,44,0,3,3,300.0,0,0
19.64,2,3,1,1,3,36.28,50,38,0,3,3,500.0,0,1
23.4,6,2,0,3,7,133.4,14,31,1,3,1,300.0,0,0
21.58,10,2,0,1,23,192.8,16,46,1,1,3,600.0,1,1
20.2,7,0,4,3,1,140.4,9695,40,1,1,3,200.0,0,1
15.08,9,2,3,0,0,135.72,5803,41,1,0,3,500.0,0,0
22.22,2,3,3,5,2,42.44,9935,33,1,0,3,200.0,0,1
39.34,2,3,0,3,11,67.68,8236,46,1,0,1,300.0,1,0
38.11,1,1,2,1,7,31.11,8590,42,1,0,3,600.0,0,1
38.41,9,0,1,0,0,345.69,2541,41,1,1,3,800.0,0,0
23.32,3,0,3,3,14,55.96,12,15,0,3,0,600.0,0,1
36.78,5,3,3,2,5,178.9,6558,19,0,1,0,200.0,0,0
34.91,8,1,3,3,10,269.28,1611,40,1,1,3,600.0,0,1
26.51,8,3,0,3,13,199.08,6915,33,1,3,1,500.0,0,1
26.9,5,3,0,2,11,123.5,40,40,1,0,3,600.0,0,1
25.92,0,3,3,2,0,0.0,9175,21,1,0,3,500.0,0,1
33.51,3,2,0,2,17,83.53,8096,47,1,0,3,200.0,0,0
27.65,6,1,0,4,1,164.9,3577,42,1,2,3,200.0,1,0
10.72,8,1,4,0,0,85.76,67,47,1,0,3,400.0,0,0
30.42,8,2,0,0,0,243.36,16,46,1,0,3,600.0,1,1
43.66,1,0,4,1,12,31.66,5796,38,0,3,3,600.0,0,0
11.13,4,3,3,5,0,44.52,2137,34,1,0,1,1000.0,1,0
20.36,9,3,2,5,2,181.24,4091,34,0,1,1,1000.0,0,0
18.59,1,3,1,4,3,15.59,2356,35,1,3,1,1000.0,0,1
11.61,0,3,0,4,0,0.0,8236,46,1,0,1,300.0,1,0
20.83,2,3,0,4,25,16.66,16,46,1,2,3,600.0,1,1
12.6,0,2,4,4,0,0.0,9077,40,1,0,3,400.0,0,0
28.58,6,1,4,5,8,163.48,5796,38,0,3,3,600.0,0,0
29.45,8,1,0,0,0,235.6,7664,37,1,0,3,600.0,0,0
28.5,0,2,1,4,0,0.0,5251,50,1,1,3,500.0,0,1
40.12,7,2,3,1,7,273.84,8779,32,0,1,0,400.0,0,0
35.86,8,2,1,4,2,284.88,7006,36,0,0,3,300.0,0,1
11.97,9,3,3,2,2,105.73,9935,33,0,3,3,200.0,0,1
44.1,9,1,0,1,20,376.9,4254,32,0,2,3,800.0,0,1
17.89,4,1,3,5,0,71.56,5406,35,0,0,3,300.0,0,1
15.3,9,1,3,3,4,133.7,9096,39,1,2,3,300.0,0,1
28.13,2,3,3,1,2,54.26,6895,47,1,3,3,400.0,0,1
27.48,5,1,3,3,8,129.4,1071,33,1,3,1,400.0,0,1
33.23,3,1,4,2,7,92.69,4,35,0,2,3,1000.0,0,1
16.83,3,0,3,3,2,48.49,1399,43,1,3,1,500.0,0,1
36.52,5,0,0,2,21,161.6,3779,37,1,3,3,400.0,0,1
34.24,9,1,2,1,2,306.16,2454,45,1,0,1,600.0,0,0
47.26,3,3,3,5,11,130.78,9678,34,1,0,3,500.0,0,0
30.39,3,1,0,3,6,85.17,3228,38,0,0,3,600.0,1,1
28.09,8,2,4,3,6,218.72,4838,34,0,2,2,1000.0,0,0
15.34,2,3,4,5,8,22.68,9140,33,0,0,3,800.0,0,0
19.12,2,1,3,5,11,27.24,10,14,0,4,3,500.0,0,1
22.37,0,1,3,4,0,0.0,29,46,1,2,3,200.0,0,0
14.68,6,2,3,3,2,86.08,4188,44,0,0,1,200.0,0,0
22.35,6,0,3,2,2,132.1,5406,35,1,3,3,300.0,0,1
15.21,2,1,4,5,1,29.42,9077,40,1,0,3,400.0,0,0
12.56,4,1,0,5,0,50.24,80,30,0,0,2,1000.0,0,0
48.46,10,0,3,1,72,412.6,85,43,1,3,3,1000.0,1,1
19.87,9,2,0,5,0,178.83,7401,31,1,0,0,1000.0,1,1
37.79,10,1,3,4,5,372.9,2617,37,0,1,0,500.0,0,1
47.8,1,0,3,0,0,47.8,1611,40,1,3,3,600.0,0,1
35.71,1,0,0,1,3,32.71,4848,48,1,1,3,300.0,0,1
48.25,4,3,3,1,6,187.0,2617,37,1,0,0,500.0,0,1
22.64,2,3,4,1,1,44.28,2679,45,1,0,2,400.0,0,0
22.37,1,1,3,5,2,20.37,2482,31,0,1,3,500.0,0,1
46.64,2,1,3,0,0,93.28,8283,47,0,0,3,200.0,0,0
36.07,10,1,0,3,3,357.7,8383,38,1,3,3,400.0,0,1
22.77,4,1,4,4,11,80.08,9508,49,0,0,3,300.0,0,0
48.24,7,0,1,0,0,337.68,24,47,1,1,3,1000.0,0,1
27.76,8,1,3,5,1,221.08,3330,32,0,4,3,400.0,0,0
37.2,7,1,0,5,27,233.4,65,43,1,1,3,1000.0,0,0
45.12,10,1,3,5,33,418.2,70,16,0,1,3,300.0,1,0
33.43,1,0,3,0,0,33.43,9096,39,1,1,3,300.0,0,1
42.17,7,0,3,5,21,274.19,10,14,0,0,3,500.0,0,1
36.37,7,1,2,0,0,254.59,7984,17,0,1,2,800.0,1,0
13.83,10,0,2,3,0,138.3,6741,19,0,0,3,800.0,1,1
46.58,3,3,3,5,41,98.74,10,14,0,0,3,500.0,0,1
16.82,1,1,3,0,0,16.82,6895,47,0,1,3,400.0,0,1
46.0,5,3,3,4,7,223.0,8931,38,0,1,3,300.0,1,0
45.4,2,1,3,2,2,88.8,8630,33,0,3,3,600.0,0,0
30.52,9,2,4,2,5,269.68,2679,45,1,4,2,400.0,0,0
36.83,2,1,2,5,4,69.66,9216,44,1,2,0,400.0,1,0
10.38,8,1,1,3,0,83.04,7006,36,0,0,3,300.0,0,1
30.82,8,0,3,3,4,242.56,9935,33,1,2,3,200.0,0,1
38.57,6,1,3,3,21,210.42,70,16,0,0,3,300.0,1,0
26.73,0,1,3,5,0,0.0,3330,32,0,1,3,400.0,0,0
19.32,2,1,1,4,3,35.64,5673,41,1,3,0,800.0,1,0
17.2,5,0,3,2,6,80.0,9258,44,1,0,3,800.0,1,1
44.49,8,2,4,4,15,340.92,99,47,1,3,1,600.0,0,0
18.86,1,0,1,0,0,18.86,50,38,0,0,3,500.0,0,1
34.26,7,3,3,0,0,239.82,2137,34,1,0,1,1000.0,1,0
13.65,0,3,0,0,0,0.0,8833,40,1,1,1,1000.0,1,1
18.55,8,0,3,3,8,140.4,1611,40,1,2,3,600.0,0,1
18.14,6,1,0,4,6,102.84,8236,46,1,0,1,300.0,1,0
45.22,5,1,0,5,9,217.1,8383,38,1,1,3,400.0,0,1
27.35,3,1,3,3,2,80.05,9096,39,1,2,3,300.0,0,1
11.42,8,1,4,5,2,89.36,9520,30,1,1,2,400.0,0,0
20.09,10,0,3,5,8,192.9,9096,39,1,1,3,300.0,0,1
42.43,7,2,4,5,74,223.01,67,47,1,3,3,400.0,0,0
18.57,0,1,0,5,0,0.0,8236,46,1,2,1,300.0,1,0
17.05,0,1,1,0,0,0.0,1484,17,0,0,3,400.0,0,0
34.25,3,1,4,5,1,101.75,9723,35,0,3,2,1000.0,0,1
18.92,4,3,4,0,0,75.68,7333,45,1,0,3,200.0,0,0
27.12,4,0,0,2,3,105.48,8383,38,0,3,3,400.0,0,1
36.33,4,1,4,5,5,140.32,1964,17,0,0,2,1000.0,0,0
34.23,2,1,2,1,8,60.46,8590,42,1,0,3,600.0,0,1
38.94,0,1,0,2,0,0.0,6390,44,1,3,3,300.0,0,0
37.66,9,1,1,5,0,338.94,7006,36,0,1,3,300.0,0,1
25.54,5,1,4,3,4,123.7,9723,35,0,2,2,1000.0,0,1
18.59,3,3,0,5,0,55.77,8383,38,1,0,3,400.0,0,1
28.17,6,1,3,0,0,169.02,5667,38,0,2,0,200.0,1,1
13.2,0,1,4,5,0,0.0,9508,49,1,0,3,300.0,0,0
12.16,6,1,0,3,15,57.96,40,40,1,3,3,600.0,0,1
34.39,1,0,3,0,0,34.39,9096,39,1,0,3,300.0,0,1
17.86,6,1,0,4,14,93.16,65,43,1,4,3,1000.0,0,0
16.94,3,1,3,3,1,49.82,9832,45,1,1,0,300.0,1,0
10.78,7,2,0,5,0,75.46,75,44,1,3,3,300.0,0,0
16.81,8,3,1,4,9,125.48,2412,41,1,1,3,400.0,0,0
32.25,4,0,2,2,14,115.0,2085,33,0,3,3,400.0,0,0
47.91,10,0,0,5,21,458.1,35,34,0,1,3,200.0,0,0
19.23,10,1,3,5,15,177.3,10,14,0,4,3,500.0,0,1
23.56,2,1,0,3,4,43.12,2304,31,1,0,2,200.0,0,1
29.83,4,3,1,5,3,116.32,2541,41,1,2,3,800.0,0,0
36.73,5,2,3,3,3,180.65,5321,31,1,1,3,1000.0,0,1
15.06,7,3,1,4,13,92.42,74,40,1,1,3,300.0,0,1
29.23,10,1,0,0,0,292.3,6809,42,1,2,3,200.0,0,1
40.71,7,1,3,2,4,280.97,9096,39,0,0,3,300.0,0,1
26.08,5,0,3,0,0,130.4,1071,33,1,3,1,400.0,0,1
23.85,8,1,3,2,0,190.8,4482,31,1,1,1,600.0,1,1
38.37,9,1,1,3,3,342.33,74,40,1,0,3,300.0,0,1
24.29,0,3,0,5,0,0.0,36,46,1,1,3,300.0,0,1
33.08,8,1,2,5,3,261.64,4034,37,1,3,3,400.0,0,0
36.01,10,0,2,3,15,345.1,2085,33,0,3,3,400.0,0,0
25.66,2,2,3,5,4,47.32,4482,31,1,1,1,600.0,1,1
11.68,1,1,0,2,11,0.68,14,31,1,2,1,300.0,0,0
46.81,9,1,4,4,27,394.29,3912,35,0,0,3,1000.0,0,1
29.27,5,3,0,4,16,130.35,16,46,1,1,3,600.0,1,1
24.01,5,0,3,2,2,118.05,4402,50,1,0,3,1000.0,0,0
46.68,1,1,0,3,1,45.68,80,34,1,0,1,600.0,0,1
13.8,6,0,0,3,1,81.8,3791,37,1,0,3,400.0,1,1
18.57,5,1,3,3,0,92.85,8367,38,0,1,1,400.0,0,0
11.37,10,3,3,1,3,110.7,2991,42,1,3,2,500.0,1,1
38.99,0,1,3,0,0,0.0,1399,43,1,0,1,500.0,0,1
13.0,6,1,0,0,0,78.0,52,50,1,1,3,300.0,0,0
24.6,10,1,0,1,12,234.0,65,43,1,3,3,1000.0,0,0
41.08,5,1,3,3,14,191.4,6895,47,1,0,3,400.0,0,1
44.9,4,1,4,5,27,152.6,9077,40,1,3,3,400.0,0,0
43.17,4,3,3,5,14,158.68,2991,42,1,3,2,500.0,1,1
16.85,0,1,0,4,0,0.0,6390,44,1,0,3,300.0,0,0
36.7,3,1,0,0,0,110.1,1277,48,1,1,3,300.0,1,1
25.6,9,3,4,5,1,229.4,5704,48,1,0,1,400.0,0,0
20.98,2,3,2,2,8,33.96,2454,45,1,0,1,600.0,0,0
28.02,6,0,0,0,0,168.12,11,49,1,1,2,400.0,1,1
33.86,10,1,3,4,3,335.6,3491,33,1,0,3,400.0,0,0
38.82,2,1,3,5,6,71.64,2617,37,0,0,0,500.0,0,1
30.6,6,2,0,5,0,183.6,8383,38,0,0,3,400.0,0,1
22.05,8,3,2,5,3,173.4,7241,40,1,0,3,400.0,1,1
13.36,9,0,1,0,0,120.24,4804,36,0,0,3,400.0,0,1
14.15,4,2,3,3,0,56.6,69,39,1,1,3,600.0,0,0
36.36,3,1,3,0,0,109.08,28,43,1,0,3,800.0,0,0
44.86,1,0,4,5,24,20.86,9280,31,0,3,1,300.0,0,0
22.22,10,0,1,0,0,222.2,16,24,0,3,1,600.0,0,0
38.78,5,2,3,3,9,184.9,4730,31,0,1,1,200.0,1,0
14.3,4,1,2,5,2,55.2,2186,31,1,1,1,600.0,0,0
43.84,3,0,0,4,15,116.52,9974,45,1,0,3,600.0,0,0
15.81,3,1,0,0,0,47.43,9974,45,1,0,3,600.0,0,0
22.65,4,1,4,3,12,78.6,48,44,1,0,0,200.0,0,1
30.67,3,1,2,5,4,88.01,3624,41,1,0,1,200.0,1,0
42.76,0,1,3,2,0,0.0,4827,39,1,1,2,600.0,0,1
22.6,0,1,0,5,0,0.0,9974,45,1,1,3,600.0,0,0
48.02,7,1,4,5,29,307.14,8560,36,0,1,2,400.0,0,1
18.05,2,1,3,3,3,33.1,5711,44,1,1,3,200.0,0,0
40.53,2,0,4,0,0,81.06,1301,46,0,1,3,600.0,1,0
23.23,7,3,0,4,3,159.61,1097,12,0,3,1,600.0,0,0
40.2,0,1,3,5,0,0.0,69,39,0,3,3,600.0,0,0
15.53,8,2,2,0,0,124.24,2186,31,1,3,1,600.0,0,0
49.2,3,1,2,5,9,138.6,2186,31,1,3,1,600.0,0,0
19.04,10,1,4,1,9,181.4,8033,41,0,3,0,300.0,1,1
34.49,8,2,4,5,36,239.92,71,38,0,0,3,300.0,0,1
44.88,5,1,4,4,7,217.4,8405,43,1,3,3,600.0,0,0
25.13,6,3,1,3,10,140.78,6772,49,1,0,1,1000.0,1,1
42.45,5,0,3,2,1,211.25,3374,44,1,1,3,300.0,0,1
18.91,1,1,1,3,7,11.91,9466,44,1,0,1,300.0,0,1
28.71,9,3,3,5,0,258.39,9282,40,1,2,3,200.0,0,0
48.47,5,1,1,5,6,236.35,9810,20,1,2,3,500.0,1,0
38.39,1,1,0,0,0,38.39,9974,45,0,0,3,600.0,0,0
48.02,6,2,3,3,6,282.12,7381,32,1,0,2,200.0,0,0
20.74,3,1,3,3,3,59.22,9861,33,0,0,3,200.0,0,0
41.06,0,0,3,2,0,0.0,3538,45,0,3,3,600.0,1,0
29.25,7,1,0,2,16,188.75,4044,39,1,0,3,200.0,0,0
48.47,8,2,0,0,0,387.76,4044,39,1,1,3,200.0,0,0
31.74,7,0,0,3,7,215.18,2597,49,1,0,3,1000.0,0,1
29.84,9,0,3,0,0,268.56,9861,33,0,3,3,200.0,0,0
16.76,5,3,0,3,6,77.8,7629,44,1,0,3,500.0,0,0
34.2,1,1,4,3,12,22.2,3,37,1,0,1,1000.0,0,0
36.38,6,1,2,5,1,217.28,4902,42,1,1,3,500.0,0,1
46.36,1,0,4,3,46,0.36,3,37,1,3,1,1000.0,0,0
48.4,1,1,0,2,23,25.4,5293,33,1,1,0,200.0,0,1
21.43,9,1,3,0,0,192.87,1697,44,1,0,3,200.0,0,1
19.27,1,2,1,5,6,13.27,6772,49,1,2,1,1000.0,1,1
41.92,7,0,2,3,2,291.44,10,48,1,1,3,400.0,0,1
32.53,0,2,0,5,0,0.0,9974,45,1,3,3,600.0,0,0
38.84,7,1,3,5,18,253.88,4827,39,0,2,2,600.0,0,1
47.35,7,0,3,0,0,331.45,7381,32,1,0,2,200.0,0,0
42.39,3,0,4,3,7,120.17,4782,44,1,1,1,600.0,0,1
13.73,10,3,1,5,8,129.3,6072,49,1,0,1,500.0,0,1
37.14,7,3,2,2,4,255.98,2186,31,1,1,1,600.0,0,0
32.82,7,3,3,5,2,227.74,7525,40,1,2,3,400.0,1,0
33.97,1,3,4,5,18,15.97,8494,49,0,1,3,500.0,0,1
47.31,0,1,3,0,0,0.0,86,44,1,0,2,1000.0,0,1
47.68,0,0,0,3,0,0.0,9974,45,1,3,3,600.0,0,0
15.1,9,1,1,0,0,135.9,7523,41,1,3,1,1000.0,0,1
33.57,9,3,1,1,13,289.13,5584,43,1,1,3,800.0,0,0
26.1,0,1,3,1,0,0.0,6158,35,0,1,3,400.0,0,1
25.36,9,3,3,0,0,228.24,8978,44,1,0,3,300.0,0,1
47.12,7,1,1,5,6,323.84,3873,37,1,2,3,600.0,0,1
39.38,6,1,4,1,46,190.28,61,25,1,0,1,200.0,0,1
24.69,3,1,3,5,7,67.07,3538,45,0,1,3,600.0,1,0
29.85,5,3,4,3,55,94.25,15,36,1,3,1,400.0,0,0
23.39,0,1,4,5,0,0.0,8405,43,1,1,3,600.0,0,0
37.82,0,3,2,3,0,0.0,4902,42,1,1,3,500.0,0,1
38.16,3,1,2,3,29,85.48,35,37,0,1,1,200.0,0,1
29.7,4,3,4,1,59,59.8,68,49,1,2,0,600.0,1,1
29.57,3,1,3,5,15,73.71,6158,35,1,1,3,400.0,0,1
19.69,8,1,4,3,27,130.52,48,44,1,3,0,200.0,0,1
16.76,5,3,3,2,0,83.8,9861,33,0,1,3,200.0,0,0
11.79,2,3,3,1,6,17.58,2761,32,0,0,3,800.0,0,1
21.86,5,2,3,5,1,108.3,28,43,1,0,3,800.0,0,0
21.57,9,2,3,5,30,164.13,28,43,1,0,3,800.0,0,0
30.88,7,0,0,4,12,204.16,2376,40,0,0,3,800.0,0,0
26.72,7,1,0,5,4,183.04,3118,38,1,3,3,1000.0,0,0
34.44,10,1,3,0,0,344.4,9011,41,0,3,3,1000.0,1,1
26.16,1,1,1,5,14,12.16,5127,42,1,0,3,200.0,0,1
18.86,0,3,4,0,0,0.0,9360,35,1,0,3,300.0,0,0
47.74,9,3,3,0,0,429.66,7475,34,1,2,3,400.0,0,0
29.8,2,1,3,3,4,55.6,5711,44,1,2,3,200.0,0,0
30.21,4,2,0,5,3,117.84,5661,41,1,3,3,800.0,0,0
20.1,5,3,0,2,3,97.5,3118,38,1,2,3,1000.0,0,0
20.59,7,1,4,5,10,134.13,9280,31,1,3,1,300.0,0,0
32.21,8,0,3,3,5,252.68,9779,34,1,3,3,1000.0,1,0
14.0,5,0,1,1,5,65.0,5081,41,1,1,1,400.0,0,0
23.51,3,2,3,0,0,70.53,5897,49,1,3,3,200.0,0,0
27.65,3,0,2,5,16,66.95,10,48,1,0,3,400.0,0,1
49.04,7,1,3,0,0,343.28,92,36,1,1,3,300.0,0,0
22.42,5,1,1,1,21,91.1,16,24,0,1,1,600.0,0,0
36.96,4,1,3,4,19,128.84,3538,45,0,0,3,600.0,1,0
43.74,9,0,3,3,21,372.66,4730,31,1,1,1,200.0,1,0
44.56,6,0,0,5,16,251.36,9974,45,1,3,3,600.0,0,0
36.05,4,0,0,3,10,134.2,5853,35,1,0,3,600.0,1,0
26.77,0,1,0,0,0,0.0,7743,36,0,0,2,300.0,1,1
31.25,6,1,4,2,30,157.5,23,33,0,0,3,600.0,0,1
33.25,0,0,3,2,0,0.0,92,33,1,3,1,300.0,1,1
17.67,10,2,1,2,5,171.7,5584,43,1,3,3,800.0,0,0
12.0,9,3,4,3,6,102.0,71,38,0,3,3,300.0,0,1
13.02,10,1,0,5,6,124.2,9974,45,1,1,3,600.0,0,0
26.38,9,1,4,5,25,212.42,61,25,0,0,1,200.0,0,1
31.39,0,1,1,3,0,0.0,58,34,1,1,2,1000.0,0,0
28.42,8,1,1,4,4,223.36,2423,40,1,0,1,300.0,1,0
10.9,6,3,1,5,2,63.4,7793,30,1,3,3,600.0,1,1
22.04,9,3,3,5,9,189.36,2949,48,1,3,3,200.0,1,0
26.29,5,1,0,5,1,130.45,5414,39,0,3,3,400.0,0,0
17.95,1,0,4,3,5,12.95,8494,49,1,3,3,500.0,0,1
30.7,2,0,1,1,13,48.4,5127,42,1,1,3,200.0,0,1
21.63,9,2,0,0,0,194.67,4911,50,1,0,3,300.0,1,0
19.19,6,2,4,3,0,115.14,6424,47,0,2,1,1000.0,0,0
10.04,3,3,1,2,1,29.12,2537,32,1,3,3,1000.0,0,1
29.04,2,3,1,0,0,58.08,6200,42,1,0,3,1000.0,1,1
11.78,2,2,3,1,8,15.56,92,33,1,3,1,300.0,1,1
17.56,9,2,4,4,10,148.04,71,38,1,4,3,300.0,0,1
44.38,7,1,2,1,5,305.66,5195,36,1,1,3,1000.0,1,1
10.79,3,3,3,3,5,27.37,3538,45,0,1,3,600.0,1,0
42.53,1,3,4,4,22,20.53,7081,34,0,3,3,200.0,0,1
37.6,1,0,4,2,22,15.6,7081,34,1,2,3,200.0,0,1
42.61,1,0,3,5,2,40.61,3538,45,1,3,3,600.0,1,0
49.15,5,0,0,1,4,241.75,9974,45,1,2,3,600.0,0,0
14.49,4,3,4,5,1,56.96,7308,47,1,2,1,200.0,0,0
34.57,0,3,3,0,0,0.0,4827,39,1,1,2,600.0,0,1
42.17,8,0,4,5,25,312.36,2351,15,0,0,1,600.0,0,0
45.97,9,1,3,1,6,407.73,9011,41,1,3,3,1000.0,1,1
24.53,10,3,1,0,0,245.3,5127,42,1,3,3,200.0,0,1
30.05,5,3,4,3,17,133.25,8494,49,0,1,3,500.0,0,1
11.74,0,0,4,3,0,0.0,8494,49,0,1,3,500.0,0,1
17.17,1,2,2,5,2,15.17,1336,35,0,1,3,500.0,0,0
13.54,1,0,3,2,2,11.54,5711,44,1,1,3,200.0,0,0
16.41,7,1,0,5,7,107.87,9974,45,0,3,3,600.0,0,0
17.56,3,1,1,0,0,52.68,8163,48,1,1,3,500.0,0,0
47.56,3,0,0,0,0,142.68,4711,40,1,1,3,200.0,1,0
36.87,2,3,0,3,8,65.74,4711,40,1,1,3,200.0,1,0
28.43,10,0,3,0,0,284.3,92,33,1,0,1,300.0,1,1
47.34,5,1,1,0,0,236.7,2549,50,1,0,0,1000.0,0,1
24.53,10,1,3,5,5,240.3,6158,35,0,1,3,400.0,0,1
27.63,3,1,3,4,8,74.89,3538,45,0,3,3,600.0,1,0
17.47,8,1,0,5,10,129.76,7743,36,0,0,2,300.0,1,1
15.83,2,1,1,5,6,25.66,3035,44,1,3,0,1000.0,0,1
14.63,9,3,0,3,5,126.67,1097,12,0,0,1,600.0,0,0
35.5,9,3,0,1,25,294.5,44,42,1,3,3,400.0,0,1
14.28,8,1,1,3,6,108.24,4339,42,1,1,3,1000.0,0,1
30.19,0,1,0,2,0,0.0,3167,43,1,2,3,600.0,1,0
43.31,0,0,3,5,0,0.0,6066,48,1,2,3,400.0,0,0
37.63,10,0,0,4,3,373.3,4911,50,1,1,3,300.0,1,0
25.17,0,1,3,0,0,0.0,2011,34,1,3,3,300.0,0,0
18.84,1,1,3,2,1,17.84,3597,36,0,1,3,200.0,1,1
26.26,8,0,3,2,14,196.08,3538,45,1,1,3,600.0,1,0
30.41,8,3,3,3,37,206.28,57,36,0,1,0,300.0,0,0
39.56,5,0,3,1,13,184.8,99,36,1,0,3,400.0,0,1
25.88,7,0,4,1,2,179.16,49,30,1,2,1,500.0,0,0
29.91,1,1,4,5,18,11.91,8494,49,1,2,3,500.0,0,1
10.77,7,1,3,5,1,74.39,6844,43,0,0,0,500.0,0,1
36.15,8,2,3,0,0,289.2,3942,31,1,2,3,500.0,0,1
40.96,6,0,3,0,0,245.76,8382,23,0,3,3,200.0,0,0
29.74,6,1,3,4,7,171.44,2070,35,1,0,2,400.0,0,1
37.99,5,0,0,4,1,188.95,7925,16,0,1,3,200.0,0,1
44.41,5,3,0,0,0,222.05,3217,14,0,1,0,300.0,0,1
37.52,5,3,1,1,5,182.6,1494,43,1,0,3,800.0,1,1
27.69,1,0,4,2,13,14.69,3907,40,1,0,0,500.0,0,0
25.59,9,0,3,3,4,226.31,6936,37,1,3,3,300.0,0,0
25.46,6,1,3,1,3,149.76,1124,18,0,1,3,800.0,0,1
33.81,10,1,3,5,1,337.1,3824,30,1,2,0,600.0,1,1
11.9,10,1,0,5,5,114.0,9992,33,1,0,3,500.0,1,1
25.42,10,1,3,1,20,234.2,56,40,1,4,1,500.0,0,0
37.81,4,1,3,2,4,147.24,4,34,0,4,3,300.0,0,0
14.23,6,3,3,5,3,82.38,7340,42,1,1,3,400.0,0,0
36.89,6,2,2,3,49,172.34,49,47,1,3,3,600.0,0,1
16.48,4,1,3,4,3,62.92,8074,44,1,1,3,300.0,0,1
32.51,3,1,3,3,13,84.53,2070,35,1,3,2,400.0,0,1
35.67,3,1,1,4,31,76.01,4,42,1,0,2,400.0,0,0
22.22,6,1,3,3,5,128.32,6844,43,1,1,0,500.0,0,1
38.25,7,0,4,5,1,266.75,3893,36,0,1,1,400.0,0,1
28.21,2,2,0,4,10,46.42,7669,33,0,0,1,300.0,0,0
30.33,8,3,0,4,10,232.64,3605,39,1,1,2,600.0,0,0
18.6,8,1,1,5,2,146.8,4812,44,0,1,3,600.0,0,0
16.9,1,0,0,4,1,15.9,8925,34,1,0,3,200.0,0,0
28.04,9,1,2,0,0,252.36,3863,41,1,1,3,1000.0,0,0
24.1,9,0,4,0,0,216.9,96,40,1,0,0,300.0,1,0
40.8,6,1,0,3,9,235.8,7925,16,0,2,3,200.0,0,1
39.44,6,1,1,2,10,226.64,7486,49,1,2,3,200.0,0,1
42.84,9,3,3,3,2,383.56,8074,44,1,3,3,300.0,0,1
18.18,0,1,3,1,0,0.0,8835,40,1,3,3,500.0,0,1
17.45,3,1,1,2,8,44.35,4955,39,0,0,2,300.0,0,1
15.03,0,3,3,0,0,0.0,9316,36,1,0,3,800.0,0,0
15.54,0,3,4,5,0,0.0,94,43,0,3,3,200.0,1,1
10.73,2,3,1,3,1,20.46,4986,42,1,2,1,200.0,0,1
22.47,7,0,4,4,10,147.29,8760,22,1,3,1,1000.0,0,0
44.08,5,2,1,1,5,215.4,4986,42,1,0,1,200.0,0,1
23.81,9,0,3,1,14,200.29,7747,34,0,1,3,500.0,0,1
29.67,1,3,3,1,3,26.67,5,42,1,3,3,600.0,0,1
18.87,6,3,1,0,0,113.22,9539,46,1,1,3,600.0,0,0
47.01,9,1,4,0,0,423.09,7579,37,1,2,1,500.0,0,0
47.9,6,1,2,3,3,284.4,9105,30,0,0,3,1000.0,0,0
18.58,8,3,3,0,0,148.64,2070,35,1,0,2,400.0,0,1
26.86,10,1,3,4,37,231.6,74,34,1,0,3,800.0,0,1
25.71,9,1,4,2,6,225.39,4752,42,1,3,1,500.0,1,1
40.74,7,1,3,5,14,271.18,5910,32,0,3,3,400.0,0,1
18.45,9,3,3,0,0,166.05,6008,39,1,0,1,500.0,0,1
20.11,5,1,3,5,1,99.55,3667,37,0,0,1,800.0,0,0
35.81,1,3,4,3,3,32.81,5302,39,1,1,1,200.0,0,0
26.59,9,0,1,3,9,230.31,2107,46,1,0,3,600.0,1,0
35.01,8,0,3,1,1,279.08,5,42,1,0,3,600.0,0,1
20.07,2,0,0,5,7,33.14,2177,40,0,4,1,300.0,1,0
41.09,0,1,3,3,0,0.0,7660,36,1,0,3,200.0,0,1
33.84,1,1,3,5,16,17.84,6936,37,0,2,3,300.0,0,0
40.05,4,2,1,5,10,150.2,5960,41,1,0,2,1000.0,0,0
14.75,4,3,3,5,3,56.0,2070,35,1,4,2,400.0,0,1
39.19,9,1,3,0,0,352.71,2070,35,1,0,2,400.0,0,1
42.44,1,0,0,2,15,27.44,7925,16,0,0,3,200.0,0,1
24.71,5,3,3,5,1,122.55,6124,42,1,3,1,400.0,0,0
44.52,10,0,3,0,0,445.2,7936,37,0,0,2,200.0,1,0
13.14,2,1,3,0,0,26.28,9384,44,1,2,0,300.0,1,0
16.2,7,1,0,3,23,90.4,77,46,1,3,3,200.0,0,0
30.86,3,3,4,1,6,86.58,9347,18,0,0,1,500.0,0,1
37.72,3,2,0,0,0,113.16,3343,38,1,4,3,300.0,0,1
38.83,10,3,3,3,38,350.3,5,42,1,1,3,600.0,0,1
32.19,8,1,3,1,1,256.52,6844,43,0,1,0,500.0,0,1
12.2,2,3,1,5,1,23.4,3656,49,1,0,3,300.0,0,0
45.65,3,1,0,5,45,91.95,34,39,1,1,2,200.0,1,0
37.19,9,3,3,2,5,329.71,3136,38,1,4,1,1000.0,0,0
11.66,0,0,4,0,0,0.0,2,44,1,2,1,800.0,1,0
46.69,6,1,2,0,0,280.14,49,47,1,0,3,600.0,0,1
18.48,3,1,3,4,2,53.44,6844,43,1,1,0,500.0,0,1
11.18,10,3,3,5,6,105.8,8185,35,1,0,3,1000.0,0,1
21.11,4,0,1,4,3,81.44,5620,41,1,2,3,500.0,1,0
44.8,8,3,4,3,3,355.4,6145,31,1,1,3,800.0,0,1
22.14,0,3,0,0,0,0.0,83,30,1,1,1,1000.0,0,0
36.45,8,3,3,3,12,279.6,8074,44,1,4,3,300.0,0,1
40.27,5,1,3,2,7,194.35,8382,23,0,0,3,200.0,0,0
49.04,10,0,3,0,0,490.4,6936,37,0,0,3,300.0,0,0
48.28,0,2,1,0,0,0.0,8460,14,0,0,1,600.0,1,0
17.45,9,1,0,2,27,130.05,98,21,1,0,3,300.0,0,1
24.16,5,1,0,5,26,94.8,62,38,0,1,1,300.0,0,1
28.02,3,2,0,3,29,55.06,97,47,0,0,0,400.0,0,1
