订单ID,用户ID,商品名称,包装规格,单价(元),数量(个),订单金额(元),下单时间,消费城市级别,支付方式,优惠方式,优惠金额(元),实际支付(元),库存剩余(件),商品评分,是否复购,客户年龄段
9288470,649968,回锅肉,600g,39.28,10,392.8,2024/10/21 0:52,三线,银行卡,满减,3,389.8,1402,30,1,18-24
1281634,499127,鱼香肉丝,300g,34.04,6,204.24,2024/2/7 14:14,三线,余额,秒杀,16,188.24,9918,31,1,35-44
2300660,532005,番茄炒蛋,400g,22.18,2,44.36,2024/10/23 15:41,一线,银行卡,平台券,4,40.36,3706,40,1,45-54
7624132,167794,清蒸鲈鱼,1000g,27.61,6,165.66,2024/9/13 4:48,一线,支付宝,会员折扣,1,164.66,4646,14,0,25-34
7624132,167794,清蒸鲈鱼,1000g,29.81,8,238.48,2024/9/13 4:48,新一线,支付宝,店铺券,1,237.48,4646,14,1,18-24
4331404,849244,清蒸鲈鱼,600g,17.39,9,156.51,2024/4/30 5:15,二线,银行卡,店铺券,10,146.51,3214,30,1,25-34
1367106,162517,鱼香肉丝,200g,41.01,1,41.01,2024/3/19 20:40,三线,微信,会员折扣,19,22.01,72,32,0,18-24
3422134,317470,宫保鸡丁,200g,47.58,3,142.74,2024/4/24 9:06,一线,支付宝,秒杀,26,116.74,3673,43,1,25-34
3422134,317470,宫保鸡丁,200g,45.79,6,274.74,2024/4/24 9:06,一线,支付宝,满减,11,263.74,3673,43,1,18-24
5743390,502150,番茄炒蛋,400g,33.92,7,237.44,2024/9/28 21:20,三线,银行卡,满减,7,230.44,2982,30,1,45-54
7834341,661024,鱼香肉丝,800g,24.27,5,121.35,2024/1/4 15:23,新一线,银行卡,会员折扣,10,111.35,60,32,0,18-24
2877035,774453,宫保鸡丁,800g,15.64,5,78.2,2024/12/26 23:56,新一线,余额,满减,2,76.2,2333,36,0,45-54
7834341,661024,鱼香肉丝,800g,10.22,7,71.54,2024/1/4 15:23,新一线,银行卡,满减,12,59.54,60,32,1,35-44
9874539,158594,回锅肉,600g,42.62,6,255.72,2024/10/14 1:28,三线,微信,会员折扣,8,247.72,9241,47,1,45-54
2195472,456098,蒜蓉西兰花,500g,39.16,7,274.12,2024/9/6 4:59,新一线,银行卡,满减,6,268.12,6507,31,1,25-34
4743796,280399,宫保鸡丁,200g,12.96,1,12.96,2024/6/25 8:01,三线,云闪付,会员折扣,11,1.96,14,42,0,18-24
7541583,843324,麻婆豆腐,500g,22.44,8,179.52,2024/11/9 19:03,一线,云闪付,满减,1,178.52,42,35,0,18-24
4743796,280399,宫保鸡丁,200g,23.01,6,138.06,2024/6/25 8:01,二线,云闪付,秒杀,28,110.06,14,42,1,55+
7834341,661024,鱼香肉丝,800g,35.5,7,248.5,2024/1/4 15:23,新一线,银行卡,满减,27,221.5,60,32,0,45-54
9276636,263575,凉拌黄瓜,200g,40.43,2,80.86,2024/1/22 3:38,一线,支付宝,无,0,80.86,2633,20,1,25-34
2116138,571795,清蒸鲈鱼,400g,32.45,0,0,2024/4/23 15:35,新一线,银行卡,秒杀,0,0,20,46,1,35-44
2116138,571795,清蒸鲈鱼,400g,29.75,2,59.5,2024/4/23 15:35,三线,银行卡,无,0,59.5,20,46,1,18-24
9907254,954155,回锅肉,1000g,14.32,4,57.28,2024/2/9 15:42,新一线,余额,会员折扣,0,57.28,6916,43,1,18-24
7834341,661024,鱼香肉丝,800g,19.97,8,159.76,2024/1/4 15:23,三线,银行卡,满减,8,151.76,60,32,0,25-34
9742411,937477,糖醋里脊,800g,26.42,7,184.94,2024/10/10 13:10,三线,微信,满减,3,181.94,6237,40,1,18-24
4103305,400374,宫保鸡丁,1000g,13.08,6,78.48,2024/5/26 14:12,新一线,支付宝,会员折扣,3,75.48,27,30,1,25-34
5678004,697211,鱼香肉丝,800g,16.45,7,115.15,2024/7/28 5:46,三线,微信,会员折扣,1,114.15,87,40,1,55+
2634226,976013,蒜蓉西兰花,400g,17.46,2,34.92,2024/7/27 21:25,新一线,余额,满减,17,17.92,77,45,1,25-34
4103305,400374,宫保鸡丁,1000g,30.43,9,273.87,2024/5/26 14:12,一线,支付宝,满减,29,244.87,27,30,0,45-54
2634226,976013,蒜蓉西兰花,400g,14.79,6,88.74,2024/7/27 21:25,一线,余额,秒杀,15,73.74,77,45,1,18-24
9768747,730371,鱼香肉丝,400g,22.93,3,68.79,2024/7/14 8:20,新一线,支付宝,会员折扣,0,68.79,9724,41,1,45-54
9533759,823528,糖醋里脊,1000g,30.75,4,123,2024/8/1 8:10,新一线,余额,秒杀,1,122,1379,38,0,18-24
6588000,726466,凉拌黄瓜,1000g,38.12,6,228.72,2024/9/19 15:54,新一线,微信,满减,10,218.72,7981,31,0,25-34
5799471,354815,番茄炒蛋,300g,24.55,6,147.3,2024/7/28 1:27,新一线,支付宝,无,0,147.3,8241,13,0,55+
1067736,923659,番茄炒蛋,300g,21.39,5,106.95,2024/1/24 9:09,二线,支付宝,店铺券,27,79.95,9,17,0,25-34
3062969,450592,蒜蓉西兰花,500g,12.06,4,48.24,2024/2/9 22:18,一线,微信,会员折扣,12,36.24,33,13,0,45-54
2155623,750732,螺蛳粉,200g,21.15,5,105.75,2024/5/21 5:31,一线,云闪付,会员折扣,3,102.75,3262,35,0,18-24
1067736,923659,番茄炒蛋,300g,19.58,10,195.8,2024/1/24 9:09,新一线,支付宝,满减,9,186.8,9,17,0,18-24
5378444,766351,回锅肉,1000g,15.8,9,142.2,2024/8/29 12:18,新一线,余额,会员折扣,3,139.2,4024,35,0,45-54
8146892,247206,鱼香肉丝,1000g,49.43,8,395.44,2024/7/25 0:08,二线,余额,秒杀,24,371.44,7556,50,1,35-44
1067736,923659,番茄炒蛋,300g,36.89,0,0,2024/1/24 9:09,一线,支付宝,满减,0,0,9,17,0,35-44
9768747,730371,鱼香肉丝,400g,40.46,0,0,2024/7/14 8:20,一线,支付宝,满减,0,0,9724,41,1,18-24
2155623,750732,螺蛳粉,200g,39.13,10,391.3,2024/5/21 5:31,新一线,云闪付,满减,13,378.3,3262,35,0,18-24
8146892,247206,鱼香肉丝,1000g,24.71,8,197.68,2024/7/25 0:08,一线,余额,无,0,197.68,7556,50,1,18-24
1067736,923659,番茄炒蛋,300g,35.34,8,282.72,2024/1/24 9:09,新一线,支付宝,无,0,282.72,9,17,0,25-34
5799471,354815,番茄炒蛋,300g,31.43,2,62.86,2024/7/28 1:27,一线,支付宝,会员折扣,7,55.86,8241,13,0,25-34
2155623,750732,螺蛳粉,200g,22.83,7,159.81,2024/5/21 5:31,新一线,云闪付,秒杀,4,155.81,3262,35,0,25-34
5678004,697211,鱼香肉丝,800g,11.63,8,93.04,2024/7/28 5:46,新一线,微信,无,0,93.04,87,40,1,35-44
9768747,730371,鱼香肉丝,400g,33.64,4,134.56,2024/7/14 8:20,新一线,支付宝,无,0,134.56,9724,41,1,25-34
2634226,976013,蒜蓉西兰花,400g,23.64,0,0,2024/7/27 21:25,一线,余额,店铺券,0,0,77,45,1,55+
8146892,247206,鱼香肉丝,1000g,20.32,1,20.32,2024/7/25 0:08,新一线,余额,秒杀,8,12.32,7556,50,1,45-54
2155623,750732,螺蛳粉,200g,32.21,4,128.84,2024/5/21 5:31,一线,云闪付,无,0,128.84,3262,35,0,25-34
2634226,976013,蒜蓉西兰花,400g,31.19,0,0,2024/7/27 21:25,新一线,余额,会员折扣,0,0,77,45,1,25-34
6588000,726466,凉拌黄瓜,1000g,45.89,10,458.9,2024/9/19 15:54,二线,微信,会员折扣,6,452.9,7981,31,0,45-54
8146892,247206,鱼香肉丝,1000g,46.02,0,0,2024/7/25 0:08,二线,余额,满减,0,0,7556,50,1,18-24
9533759,823528,糖醋里脊,1000g,45.88,4,183.52,2024/8/1 8:10,三线,余额,店铺券,14,169.52,1379,38,0,18-24
1067736,923659,番茄炒蛋,300g,45.48,0,0,2024/1/24 9:09,新一线,支付宝,平台券,0,0,9,17,0,25-34
9806988,934740,糖醋里脊,200g,37.68,0,0,2024/10/10 3:15,二线,支付宝,平台券,0,0,55,24,1,45-54
9806988,934740,糖醋里脊,200g,18.97,7,132.79,2024/10/10 3:15,一线,支付宝,秒杀,11,121.79,55,24,1,35-44
9781800,127106,鱼香肉丝,200g,13.75,10,137.5,2024/8/30 19:30,新一线,支付宝,无,0,137.5,7079,33,1,35-44
5976746,528922,螺蛳粉,400g,20.61,2,41.22,2024/3/8 11:18,一线,余额,满减,0,41.22,5200,45,1,18-24
7823400,104168,蒜蓉西兰花,400g,48.92,10,489.2,2024/7/31 15:31,一线,支付宝,会员折扣,7,482.2,6088,44,1,45-54
7823400,104168,蒜蓉西兰花,400g,45.68,2,91.36,2024/7/31 15:31,新一线,支付宝,无,0,91.36,6088,44,0,18-24
7823400,104168,蒜蓉西兰花,400g,35.25,9,317.25,2024/7/31 15:31,一线,支付宝,秒杀,2,315.25,6088,44,1,35-44
9806988,934740,糖醋里脊,200g,41.79,2,83.58,2024/10/10 3:15,新一线,支付宝,秒杀,21,62.58,55,24,1,25-34
8716988,309186,螺蛳粉,300g,35.82,6,214.92,2024/8/19 18:08,一线,云闪付,满减,54,160.92,84,41,1,25-34
9251721,345072,蒜蓉西兰花,500g,27.13,6,162.78,2024/10/15 13:38,新一线,余额,无,0,162.78,33,31,1,25-34
5461910,848050,蒜蓉西兰花,500g,48.67,9,438.03,2024/5/8 4:01,新一线,银行卡,店铺券,23,415.03,4971,48,0,55+
8716988,309186,螺蛳粉,300g,34.6,8,276.8,2024/8/19 18:08,新一线,云闪付,平台券,42,234.8,84,41,1,18-24
8072778,688835,凉拌黄瓜,1000g,42.37,7,296.59,2024/10/13 2:39,新一线,余额,满减,10,286.59,8327,42,1,45-54
2062201,646906,糖醋里脊,600g,46.53,0,0,2024/5/18 6:22,三线,余额,满减,0,0,7214,32,0,45-54
2062201,646906,糖醋里脊,600g,30.45,7,213.15,2024/5/18 6:22,新一线,余额,会员折扣,6,207.15,7214,32,0,25-34
5727783,587251,蒜蓉西兰花,500g,28.62,5,143.1,2024/10/11 2:55,一线,支付宝,秒杀,5,138.1,3145,44,1,18-24
3411915,942847,蒜蓉西兰花,200g,31.71,2,63.42,2024/1/30 7:54,新一线,银行卡,满减,2,61.42,1541,25,1,25-34
3411915,942847,蒜蓉西兰花,200g,21.46,8,171.68,2024/1/30 7:54,三线,银行卡,满减,8,163.68,1541,25,1,45-54
2062201,646906,糖醋里脊,600g,30.89,7,216.23,2024/5/18 6:22,新一线,余额,满减,6,210.23,7214,32,1,18-24
8072778,688835,凉拌黄瓜,1000g,20.83,5,104.15,2024/10/13 2:39,一线,余额,会员折扣,4,100.15,8327,42,1,45-54
7624132,167794,清蒸鲈鱼,1000g,19.91,0,0,2024/9/13 4:48,三线,支付宝,无,0,0,4646,14,1,18-24
2155623,750732,螺蛳粉,200g,10.58,0,0,2024/5/21 5:31,新一线,云闪付,无,0,0,3262,35,0,18-24
8716988,309186,螺蛳粉,300g,11.84,4,47.36,2024/8/19 18:08,一线,云闪付,平台券,4,43.36,84,41,1,18-24
2195472,456098,蒜蓉西兰花,500g,44.22,0,0,2024/9/6 4:59,一线,银行卡,满减,0,0,6507,31,1,25-34
3411915,942847,蒜蓉西兰花,200g,38.15,2,76.3,2024/1/30 7:54,一线,银行卡,平台券,10,66.3,1541,25,1,35-44
4743796,280399,宫保鸡丁,200g,35.4,1,35.4,2024/6/25 8:01,新一线,云闪付,无,0,35.4,14,42,1,18-24
1067736,923659,番茄炒蛋,300g,16.52,9,148.68,2024/1/24 9:09,一线,支付宝,秒杀,27,121.68,9,17,0,18-24
7823400,104168,蒜蓉西兰花,400g,11.06,0,0,2024/7/31 15:31,二线,支付宝,满减,0,0,6088,44,1,45-54
2634226,976013,蒜蓉西兰花,400g,33.02,5,165.1,2024/7/27 21:25,三线,余额,满减,33,132.1,77,45,1,25-34
7624132,167794,清蒸鲈鱼,1000g,17.83,9,160.47,2024/9/13 4:48,一线,支付宝,满减,2,158.47,4646,14,0,25-34
5678004,697211,鱼香肉丝,800g,12.85,7,89.95,2024/7/28 5:46,新一线,微信,秒杀,18,71.95,87,40,1,45-54
9907254,954155,回锅肉,1000g,10.93,1,10.93,2024/2/9 15:42,二线,余额,会员折扣,1,9.93,6916,43,1,18-24
9806988,934740,糖醋里脊,200g,42.58,1,42.58,2024/10/10 3:15,一线,支付宝,平台券,35,7.58,55,24,1,25-34
2300660,532005,番茄炒蛋,400g,37.87,2,75.74,2024/10/23 15:41,三线,银行卡,会员折扣,5,70.74,3706,40,1,18-24
3422134,317470,宫保鸡丁,200g,45.1,9,405.9,2024/4/24 9:06,新一线,支付宝,平台券,23,382.9,3673,43,1,18-24
9533759,823528,糖醋里脊,1000g,42.14,9,379.26,2024/8/1 8:10,新一线,余额,秒杀,3,376.26,1379,38,0,45-54
8072778,688835,凉拌黄瓜,1000g,21.28,9,191.52,2024/10/13 2:39,一线,余额,满减,2,189.52,8327,42,1,45-54
2062201,646906,糖醋里脊,600g,17.1,5,85.5,2024/5/18 6:22,新一线,余额,满减,3,82.5,7214,32,0,45-54
2116138,571795,清蒸鲈鱼,400g,41.06,10,410.6,2024/4/23 15:35,新一线,银行卡,店铺券,45,365.6,20,46,1,25-34
9768747,730371,鱼香肉丝,400g,44.34,7,310.38,2024/7/14 8:20,新一线,支付宝,会员折扣,4,306.38,9724,41,1,18-24
9781800,127106,鱼香肉丝,200g,43.06,2,86.12,2024/8/30 19:30,新一线,支付宝,无,0,86.12,7079,33,1,45-54
2155623,750732,螺蛳粉,200g,22.8,6,136.8,2024/5/21 5:31,新一线,云闪付,平台券,9,127.8,3262,35,0,25-34
9768747,730371,鱼香肉丝,400g,27.94,9,251.46,2024/7/14 8:20,三线,支付宝,秒杀,5,246.46,9724,41,1,25-34
9806988,934740,糖醋里脊,200g,13.65,0,0,2024/10/10 3:15,三线,支付宝,满减,0,0,55,24,1,45-54
7541583,843324,麻婆豆腐,500g,29.78,9,268.02,2024/11/9 19:03,一线,云闪付,无,0,268.02,42,35,0,18-24
5678004,697211,鱼香肉丝,800g,14.04,4,56.16,2024/7/28 5:46,三线,微信,满减,9,47.16,87,40,1,45-54
1067736,923659,番茄炒蛋,300g,13.39,5,66.95,2024/1/24 9:09,新一线,支付宝,会员折扣,19,47.95,9,17,0,25-34
5976746,528922,螺蛳粉,400g,24.97,4,99.88,2024/3/8 11:18,一线,余额,无,0,99.88,5200,45,1,25-34
2062201,646906,糖醋里脊,600g,24.83,0,0,2024/5/18 6:22,新一线,余额,会员折扣,0,0,7214,32,0,18-24
9276636,263575,凉拌黄瓜,200g,29.71,9,267.39,2024/1/22 3:38,三线,支付宝,满减,8,259.39,2633,20,1,18-24
5461910,848050,蒜蓉西兰花,500g,14.75,1,14.75,2024/5/8 4:01,三线,银行卡,会员折扣,5,9.75,4971,48,0,18-24
9742411,937477,糖醋里脊,800g,24.99,0,0,2024/10/10 13:10,新一线,微信,店铺券,0,0,6237,40,1,45-54
9533759,823528,糖醋里脊,1000g,32.15,2,64.3,2024/8/1 8:10,二线,余额,店铺券,1,63.3,1379,38,0,18-24
8146892,247206,鱼香肉丝,1000g,37.83,10,378.3,2024/7/25 0:08,二线,余额,会员折扣,16,362.3,7556,50,1,18-24
7823400,104168,蒜蓉西兰花,400g,35.1,2,70.2,2024/7/31 15:31,一线,支付宝,满减,2,68.2,6088,44,0,25-34
9806988,934740,糖醋里脊,200g,33.37,0,0,2024/10/10 3:15,三线,支付宝,会员折扣,0,0,55,24,1,25-34
6588000,726466,凉拌黄瓜,1000g,11.82,7,82.74,2024/9/19 15:54,新一线,微信,无,0,82.74,7981,31,0,18-24
1367106,162517,鱼香肉丝,200g,48.02,10,480.2,2024/3/19 20:40,新一线,微信,平台券,30,450.2,72,32,0,18-24
3422134,317470,宫保鸡丁,200g,45.61,1,45.61,2024/4/24 9:06,新一线,支付宝,会员折扣,9,36.61,3673,43,1,18-24
7834341,661024,鱼香肉丝,800g,17.52,6,105.12,2024/1/4 15:23,新一线,银行卡,满减,4,101.12,60,32,0,25-34
8072778,688835,凉拌黄瓜,1000g,33.35,7,233.45,2024/10/13 2:39,新一线,余额,满减,11,222.45,8327,42,1,25-34
9768747,730371,鱼香肉丝,400g,49.45,9,445.05,2024/7/14 8:20,三线,支付宝,会员折扣,0,445.05,9724,41,1,18-24
2877035,774453,宫保鸡丁,800g,37.39,3,112.17,2024/12/26 23:56,二线,余额,秒杀,6,106.17,2333,36,0,35-44
1067736,923659,番茄炒蛋,300g,46.44,4,185.76,2024/1/24 9:09,新一线,支付宝,会员折扣,42,143.76,9,17,0,18-24
2155623,750732,螺蛳粉,200g,42.9,1,42.9,2024/5/21 5:31,新一线,云闪付,秒杀,9,33.9,3262,35,0,25-34
8716988,309186,螺蛳粉,300g,11.81,3,35.43,2024/8/19 18:08,三线,云闪付,平台券,14,21.43,84,41,1,18-24
2155623,750732,螺蛳粉,200g,16.02,2,32.04,2024/5/21 5:31,二线,云闪付,无,0,32.04,3262,35,0,18-24
3411915,942847,蒜蓉西兰花,200g,33.77,0,0,2024/1/30 7:54,二线,银行卡,无,0,0,1541,25,1,45-54
1067736,923659,番茄炒蛋,300g,48.8,3,146.4,2024/1/24 9:09,新一线,支付宝,满减,85,61.4,9,17,0,18-24
4743796,280399,宫保鸡丁,200g,20.94,6,125.64,2024/6/25 8:01,一线,云闪付,平台券,3,122.64,14,42,0,25-34
8146892,247206,鱼香肉丝,1000g,42.52,6,255.12,2024/7/25 0:08,新一线,余额,无,0,255.12,7556,50,1,45-54
8146892,247206,鱼香肉丝,1000g,49.87,8,398.96,2024/7/25 0:08,三线,余额,平台券,29,369.96,7556,50,1,18-24
2116138,571795,清蒸鲈鱼,400g,32.22,2,64.44,2024/4/23 15:35,三线,银行卡,无,0,64.44,20,46,1,18-24
2062201,646906,糖醋里脊,600g,40.76,8,326.08,2024/5/18 6:22,新一线,余额,会员折扣,5,321.08,7214,32,1,25-34
3062969,450592,蒜蓉西兰花,500g,43.99,0,0,2024/2/9 22:18,新一线,微信,会员折扣,0,0,33,13,0,45-54
2634226,976013,蒜蓉西兰花,400g,19.15,0,0,2024/7/27 21:25,三线,余额,无,0,0,77,45,1,18-24
6588000,726466,凉拌黄瓜,1000g,34.73,8,277.84,2024/9/19 15:54,新一线,微信,平台券,13,264.84,7981,31,0,35-44
5799471,354815,番茄炒蛋,300g,36.86,6,221.16,2024/7/28 1:27,新一线,支付宝,秒杀,19,202.16,8241,13,0,18-24
1441459,844542,宫保鸡丁,300g,30.81,9,277.29,2024/3/3 17:29,二线,支付宝,满减,27,250.29,20,48,1,35-44
8035671,529518,回锅肉,500g,44.09,4,176.36,2024/11/18 19:49,三线,微信,满减,7,169.36,7663,39,1,18-24
1441459,844542,宫保鸡丁,300g,32.44,2,64.88,2024/3/3 17:29,一线,支付宝,无,0,64.88,20,48,1,35-44
1441459,844542,宫保鸡丁,300g,11.15,4,44.6,2024/3/3 17:29,新一线,支付宝,无,0,44.6,20,48,1,18-24
1980842,146020,糖醋里脊,500g,35.34,10,353.4,2024/10/7 23:19,新一线,云闪付,无,0,353.4,8014,34,0,45-54
8765055,872506,凉拌黄瓜,200g,13.03,1,13.03,2024/3/20 0:36,一线,云闪付,秒杀,0,13.03,7391,45,1,45-54
1441459,844542,宫保鸡丁,300g,23.83,5,119.15,2024/3/3 17:29,新一线,支付宝,秒杀,12,107.15,20,48,0,18-24
8900618,487072,蒜蓉西兰花,400g,28.96,0,0,2024/12/25 16:11,三线,银行卡,满减,0,0,3097,38,0,25-34
1189010,330135,麻婆豆腐,400g,13.55,6,81.3,2024/6/5 6:10,新一线,余额,无,0,81.3,4242,46,1,25-34
4932946,446253,糖醋里脊,200g,14.83,10,148.3,2024/10/10 8:54,新一线,余额,无,0,148.3,4018,32,0,25-34
4806186,903302,鱼香肉丝,800g,24.57,2,49.14,2024/4/26 8:20,新一线,银行卡,无,0,49.14,6367,47,1,25-34
6571201,563310,回锅肉,300g,37.62,2,75.24,2024/6/24 8:24,新一线,支付宝,会员折扣,65,10.24,79,40,1,45-54
8900618,487072,蒜蓉西兰花,400g,46.83,6,280.98,2024/12/25 16:11,新一线,银行卡,无,0,280.98,3097,38,1,35-44
4932946,446253,糖醋里脊,200g,18.37,7,128.59,2024/10/10 8:54,一线,余额,满减,3,125.59,4018,32,0,25-34
4932946,446253,糖醋里脊,200g,29.38,5,146.9,2024/10/10 8:54,一线,余额,秒杀,16,130.9,4018,32,0,18-24
1189010,330135,麻婆豆腐,400g,45.81,4,183.24,2024/6/5 6:10,新一线,余额,秒杀,20,163.24,4242,46,1,25-34
4196457,583172,蒜蓉西兰花,1000g,27.9,3,83.7,2024/7/3 22:48,新一线,余额,满减,32,51.7,95,32,0,25-34
3355177,683283,凉拌黄瓜,400g,33.47,4,133.88,2024/11/19 20:23,新一线,云闪付,会员折扣,34,99.88,12,33,0,18-24
3101763,112860,凉拌黄瓜,200g,15.1,3,45.3,2024/2/19 10:33,三线,微信,会员折扣,8,37.3,5738,34,0,45-54
2176558,462902,螺蛳粉,200g,35.84,9,322.56,2024/4/26 1:00,新一线,云闪付,会员折扣,16,306.56,72,36,0,18-24
2664091,511301,糖醋里脊,400g,17.46,4,69.84,2024/11/17 23:38,新一线,微信,店铺券,2,67.84,1022,46,1,35-44
1299090,510369,番茄炒蛋,1000g,45.87,5,229.35,2024/12/24 17:27,二线,余额,店铺券,16,213.35,48,48,1,35-44
1299090,510369,番茄炒蛋,1000g,13.21,1,13.21,2024/12/24 17:27,新一线,余额,会员折扣,4,9.21,48,48,1,45-54
4348710,334460,鱼香肉丝,800g,30.98,2,61.96,2024/7/7 13:53,二线,银行卡,秒杀,6,55.96,25,39,1,18-24
2472899,860150,麻婆豆腐,300g,14.48,1,14.48,2024/10/22 1:50,三线,微信,秒杀,3,11.48,8987,30,0,18-24
5366688,975283,回锅肉,500g,42.68,10,426.8,2024/4/9 13:40,新一线,余额,无,0,426.8,8759,34,0,18-24
4267157,915116,糖醋里脊,1000g,36.75,7,257.25,2024/2/17 16:16,新一线,微信,店铺券,27,230.25,72,48,1,18-24
3934110,335740,蒜蓉西兰花,200g,32.86,0,0,2024/1/31 9:01,新一线,支付宝,无,0,0,9165,37,1,18-24
3934110,335740,蒜蓉西兰花,200g,22.95,4,91.8,2024/1/31 9:01,新一线,支付宝,会员折扣,7,84.8,9165,37,1,18-24
8499130,225865,宫保鸡丁,800g,34.42,10,344.2,2024/6/27 13:47,新一线,余额,店铺券,11,333.2,9445,42,1,45-54
1833296,653275,麻婆豆腐,300g,21.55,0,0,2024/5/15 23:34,三线,云闪付,平台券,0,0,68,38,0,45-54
1833296,653275,麻婆豆腐,300g,16.17,1,16.17,2024/5/15 23:34,新一线,云闪付,秒杀,16,0.17,68,38,0,25-34
2708383,842464,糖醋里脊,500g,31.3,2,62.6,2024/3/7 12:05,新一线,银行卡,无,0,62.6,7985,39,0,18-24
5580557,863577,麻婆豆腐,800g,12.53,5,62.65,2024/8/3 0:12,三线,支付宝,无,0,62.65,23,31,1,18-24
5580557,863577,麻婆豆腐,800g,49.6,0,0,2024/8/3 0:12,三线,支付宝,会员折扣,0,0,23,31,1,18-24
1833296,653275,麻婆豆腐,300g,37.26,2,74.52,2024/5/15 23:34,三线,云闪付,秒杀,8,66.52,68,38,0,45-54
5366688,975283,回锅肉,500g,28.86,4,115.44,2024/4/9 13:40,新一线,余额,店铺券,5,110.44,8759,34,0,18-24
5580557,863577,麻婆豆腐,800g,47.18,9,424.62,2024/8/3 0:12,新一线,支付宝,会员折扣,3,421.62,23,31,1,45-54
4267157,915116,糖醋里脊,1000g,48.6,2,97.2,2024/2/17 16:16,新一线,微信,无,0,97.2,72,48,0,18-24
4262813,512571,蒜蓉西兰花,200g,39.23,4,156.92,2024/10/21 17:18,二线,余额,会员折扣,6,150.92,7085,44,1,18-24
8392210,189676,糖醋里脊,1000g,47.53,8,380.24,2024/6/28 12:29,新一线,银行卡,秒杀,6,374.24,9802,15,0,35-44
9042869,723361,番茄炒蛋,500g,16.57,9,149.13,2024/6/10 7:38,一线,云闪付,平台券,8,141.13,48,39,1,25-34
7063445,495794,糖醋里脊,800g,42.66,1,42.66,2024/12/12 3:20,三线,银行卡,会员折扣,42,0.66,64,45,1,45-54
4262813,512571,蒜蓉西兰花,200g,25.08,5,125.4,2024/10/21 17:18,三线,余额,满减,3,122.4,7085,44,1,18-24
5366688,975283,回锅肉,500g,30.11,0,0,2024/4/9 13:40,新一线,余额,会员折扣,0,0,8759,34,0,35-44
2472899,860150,麻婆豆腐,300g,45.98,4,183.92,2024/10/22 1:50,三线,微信,店铺券,5,178.92,8987,30,0,25-34
8499130,225865,宫保鸡丁,800g,25.36,4,101.44,2024/6/27 13:47,三线,余额,满减,9,92.44,9445,42,1,25-34
3934110,335740,蒜蓉西兰花,200g,31.74,1,31.74,2024/1/31 9:01,一线,支付宝,无,0,31.74,9165,37,1,35-44
2708383,842464,糖醋里脊,500g,47.59,5,237.95,2024/3/7 12:05,一线,银行卡,会员折扣,6,231.95,7985,39,0,45-54
8392210,189676,糖醋里脊,1000g,34.8,1,34.8,2024/6/28 12:29,二线,银行卡,秒杀,1,33.8,9802,15,0,25-34
5580557,863577,麻婆豆腐,800g,31.34,10,313.4,2024/8/3 0:12,三线,支付宝,会员折扣,38,275.4,23,31,1,45-54
4267157,915116,糖醋里脊,1000g,22.47,8,179.76,2024/2/17 16:16,二线,微信,满减,9,170.76,72,48,1,45-54
5366688,975283,回锅肉,500g,19.94,5,99.7,2024/4/9 13:40,一线,余额,秒杀,3,96.7,8759,34,0,55+
1833296,653275,麻婆豆腐,300g,39.76,0,0,2024/5/15 23:34,二线,云闪付,无,0,0,68,38,0,18-24
3934110,335740,蒜蓉西兰花,200g,14.43,3,43.29,2024/1/31 9:01,新一线,支付宝,秒杀,3,40.29,9165,37,1,18-24
3018512,262818,宫保鸡丁,500g,41.89,9,377.01,2024/2/6 15:53,新一线,云闪付,平台券,16,361.01,8,31,1,18-24
7521161,143336,糖醋里脊,300g,38.8,4,155.2,2024/7/17 21:52,一线,支付宝,满减,6,149.2,5468,39,1,18-24
2023374,524398,鱼香肉丝,800g,20.07,1,20.07,2024/2/6 19:28,二线,支付宝,会员折扣,7,13.07,2546,32,1,45-54
9612959,363302,宫保鸡丁,800g,46.34,10,463.4,2024/4/28 14:32,新一线,云闪付,无,0,463.4,4925,47,1,45-54
5418578,328553,蒜蓉西兰花,200g,28.48,6,170.88,2024/11/29 20:10,新一线,银行卡,会员折扣,12,158.88,7089,38,1,55+
7521161,143336,糖醋里脊,300g,30.24,7,211.68,2024/7/17 21:52,一线,支付宝,会员折扣,5,206.68,5468,39,1,45-54
5739516,604672,回锅肉,500g,37.87,2,75.74,2024/9/16 5:55,新一线,余额,满减,46,29.74,14,35,1,25-34
8729079,888701,番茄炒蛋,600g,16.1,1,16.1,2024/10/27 11:41,新一线,余额,满减,3,13.1,1751,34,1,25-34
7756429,148875,麻婆豆腐,500g,47.37,4,189.48,2024/7/5 18:26,新一线,支付宝,平台券,3,186.48,6295,49,1,25-34
7257526,361467,糖醋里脊,800g,44.8,8,358.4,2024/2/16 1:13,新一线,支付宝,满减,6,352.4,3727,38,1,45-54
1335153,552672,鱼香肉丝,200g,12.19,9,109.71,2024/9/23 21:04,二线,银行卡,秒杀,1,108.71,1310,36,1,25-34
4605518,940890,蒜蓉西兰花,1000g,23.41,10,234.1,2024/2/24 9:52,三线,银行卡,无,0,234.1,5662,10,0,18-24
3997493,700797,麻婆豆腐,200g,42.11,8,336.88,2024/7/21 5:08,新一线,银行卡,满减,12,324.88,8583,37,1,25-34
7756429,148875,麻婆豆腐,500g,25.93,8,207.44,2024/7/5 18:26,新一线,支付宝,会员折扣,1,206.44,6295,49,0,18-24
1427786,341431,凉拌黄瓜,600g,23.85,10,238.5,2024/6/4 9:13,二线,支付宝,满减,0,238.5,5323,24,0,45-54
3817825,989867,麻婆豆腐,400g,23.88,0,0,2024/6/27 8:09,新一线,支付宝,会员折扣,0,0,61,47,1,45-54
3817825,989867,麻婆豆腐,400g,28.09,3,84.27,2024/6/27 8:09,三线,支付宝,满减,21,63.27,61,47,0,25-34
1821082,700703,清蒸鲈鱼,500g,36.54,9,328.86,2024/6/9 10:27,三线,余额,秒杀,3,325.86,2897,43,1,25-34
1821082,700703,清蒸鲈鱼,500g,48.44,7,339.08,2024/6/9 10:27,三线,余额,无,0,339.08,2897,43,1,45-54
3920052,340990,螺蛳粉,200g,33.82,1,33.82,2024/2/11 8:10,三线,支付宝,满减,1,32.82,4542,41,1,35-44
8468750,893622,糖醋里脊,200g,32.39,0,0,2024/10/20 6:45,新一线,支付宝,无,0,0,6017,43,1,25-34
5839094,739586,回锅肉,1000g,16.21,3,48.63,2024/4/2 17:41,二线,云闪付,平台券,0,48.63,5548,44,1,35-44
4729245,924335,回锅肉,300g,44.47,3,133.41,2024/5/7 1:21,三线,云闪付,满减,5,128.41,3808,37,0,25-34
4957142,386274,番茄炒蛋,500g,24.93,2,49.86,2024/2/11 23:27,一线,支付宝,满减,0,49.86,3392,43,1,18-24
5839094,739586,回锅肉,1000g,38.64,7,270.48,2024/4/2 17:41,新一线,云闪付,秒杀,7,263.48,5548,44,1,25-34
8865299,930437,凉拌黄瓜,600g,11.08,0,0,2024/4/25 14:03,三线,银行卡,秒杀,0,0,4693,34,0,18-24
7787136,381569,螺蛳粉,200g,36.88,8,295.04,2024/3/30 7:16,新一线,余额,店铺券,1,294.04,1943,14,0,45-54
8468750,893622,糖醋里脊,200g,10.79,4,43.16,2024/10/20 6:45,新一线,支付宝,秒杀,1,42.16,6017,43,1,25-34
8468750,893622,糖醋里脊,200g,14.16,5,70.8,2024/10/20 6:45,二线,支付宝,无,0,70.8,6017,43,0,18-24
4729245,924335,回锅肉,300g,36.11,1,36.11,2024/5/7 1:21,三线,云闪付,满减,0,36.11,3808,37,0,18-24
8468750,893622,糖醋里脊,200g,13.98,7,97.86,2024/10/20 6:45,三线,支付宝,无,0,97.86,6017,43,1,18-24
8865299,930437,凉拌黄瓜,600g,21.73,4,86.92,2024/4/25 14:03,新一线,银行卡,会员折扣,1,85.92,4693,34,0,18-24
5839094,739586,回锅肉,1000g,11.06,10,110.6,2024/4/2 17:41,一线,云闪付,无,0,110.6,5548,44,1,18-24
8468750,893622,糖醋里脊,200g,33.32,6,199.92,2024/10/20 6:45,一线,支付宝,平台券,4,195.92,6017,43,0,18-24
2472899,860150,麻婆豆腐,300g,21.78,3,65.34,2024/10/22 1:50,二线,微信,店铺券,0,65.34,8987,30,0,18-24
7521161,143336,糖醋里脊,300g,47.94,5,239.7,2024/7/17 21:52,三线,支付宝,会员折扣,5,234.7,5468,39,1,45-54
5580557,863577,麻婆豆腐,800g,27.01,1,27.01,2024/8/3 0:12,三线,支付宝,无,0,27.01,23,31,1,45-54
8392210,189676,糖醋里脊,1000g,20.75,7,145.25,2024/6/28 12:29,三线,银行卡,满减,3,142.25,9802,15,0,25-34
1441459,844542,宫保鸡丁,300g,31.67,9,285.03,2024/3/3 17:29,三线,支付宝,无,0,285.03,20,48,0,45-54
3355177,683283,凉拌黄瓜,400g,35.34,2,70.68,2024/11/19 20:23,新一线,云闪付,会员折扣,24,46.68,12,33,0,45-54
7257526,361467,糖醋里脊,800g,20.96,9,188.64,2024/2/16 1:13,三线,支付宝,无,0,188.64,3727,38,1,25-34
2176558,462902,螺蛳粉,200g,32.17,5,160.85,2024/4/26 1:00,一线,云闪付,平台券,21,139.85,72,36,0,18-24
8468750,893622,糖醋里脊,200g,36.06,4,144.24,2024/10/20 6:45,二线,支付宝,秒杀,2,142.24,6017,43,1,45-54
3817825,989867,麻婆豆腐,400g,11.88,1,11.88,2024/6/27 8:09,三线,支付宝,无,0,11.88,61,47,1,18-24
2664091,511301,糖醋里脊,400g,13.31,4,53.24,2024/11/17 23:38,一线,微信,会员折扣,1,52.24,1022,46,1,18-24
1441459,844542,宫保鸡丁,300g,24.23,7,169.61,2024/3/3 17:29,一线,支付宝,满减,8,161.61,20,48,1,55+
2472899,860150,麻婆豆腐,300g,47.47,1,47.47,2024/10/22 1:50,三线,微信,会员折扣,9,38.47,8987,30,0,25-34
4957142,386274,番茄炒蛋,500g,33.8,1,33.8,2024/2/11 23:27,新一线,支付宝,平台券,6,27.8,3392,43,1,25-34
2708383,842464,糖醋里脊,500g,33.87,0,0,2024/3/7 12:05,新一线,银行卡,店铺券,0,0,7985,39,0,18-24
3997493,700797,麻婆豆腐,200g,42.76,4,171.04,2024/7/21 5:08,一线,银行卡,平台券,17,154.04,8583,37,1,18-24
7756429,148875,麻婆豆腐,500g,20.89,9,188.01,2024/7/5 18:26,新一线,支付宝,满减,4,184.01,6295,49,1,18-24
2708383,842464,糖醋里脊,500g,33.61,3,100.83,2024/3/7 12:05,二线,银行卡,会员折扣,3,97.83,7985,39,0,45-54
4267157,915116,糖醋里脊,1000g,24.44,8,195.52,2024/2/17 16:16,三线,微信,无,0,195.52,72,48,1,55+
8468750,893622,糖醋里脊,200g,48.01,7,336.07,2024/10/20 6:45,新一线,支付宝,满减,2,334.07,6017,43,0,18-24
3101763,112860,凉拌黄瓜,200g,27.84,7,194.88,2024/2/19 10:33,三线,微信,无,0,194.88,5738,34,0,55+
9800021,771824,宫保鸡丁,1000g,43.97,8,351.76,2024/7/30 15:50,新一线,云闪付,满减,15,336.76,8261,33,0,25-34
6333549,653221,番茄炒蛋,800g,47.76,4,191.04,2024/4/29 15:28,二线,云闪付,秒杀,18,173.04,5231,47,1,45-54
3241204,159986,凉拌黄瓜,300g,11.58,7,81.06,2024/8/22 21:41,新一线,银行卡,无,0,81.06,30,10,0,45-54
7658804,221911,清蒸鲈鱼,800g,47.01,2,94.02,2024/1/30 11:57,二线,支付宝,会员折扣,87,7.02,37,38,1,25-34
8395139,389597,清蒸鲈鱼,400g,11.36,5,56.8,2024/8/6 19:38,新一线,支付宝,无,0,56.8,8057,48,1,35-44
2694568,724215,宫保鸡丁,200g,37.9,2,75.8,2024/8/16 18:47,一线,支付宝,会员折扣,5,70.8,1037,50,1,35-44
8719655,725205,凉拌黄瓜,400g,21.89,6,131.34,2024/10/20 19:45,三线,支付宝,无,0,131.34,1982,31,0,55+
6068909,687574,螺蛳粉,800g,46.98,2,93.96,2024/10/24 8:46,新一线,支付宝,会员折扣,26,67.96,4032,41,1,18-24
5983639,870936,番茄炒蛋,200g,33.85,5,169.25,2024/4/26 11:13,新一线,银行卡,无,0,169.25,2115,33,1,25-34
8719655,725205,凉拌黄瓜,400g,38.99,0,0,2024/10/20 19:45,二线,支付宝,无,0,0,1982,31,0,25-34
7658804,221911,清蒸鲈鱼,800g,34.63,0,0,2024/1/30 11:57,新一线,支付宝,满减,0,0,37,38,1,25-34
7658804,221911,清蒸鲈鱼,800g,44.99,3,134.97,2024/1/30 11:57,新一线,支付宝,无,0,134.97,37,38,1,25-34
1484497,633000,麻婆豆腐,600g,47.56,7,332.92,2024/3/3 15:48,新一线,余额,平台券,56,276.92,22,32,1,25-34
2732469,866284,凉拌黄瓜,500g,41.95,4,167.8,2024/11/26 21:50,一线,微信,会员折扣,7,160.8,8090,43,1,18-24
6763346,340011,宫保鸡丁,200g,49.92,3,149.76,2024/11/22 9:24,新一线,银行卡,无,0,149.76,1437,50,1,35-44
7781688,622512,凉拌黄瓜,600g,24.03,1,24.03,2024/1/19 6:00,二线,云闪付,会员折扣,5,19.03,6757,36,1,25-34
2796686,122117,蒜蓉西兰花,200g,29.2,2,58.4,2024/11/25 23:02,三线,支付宝,无,0,58.4,5606,30,0,45-54
8802113,330702,鱼香肉丝,1000g,44.95,3,134.85,2024/7/31 19:37,新一线,微信,无,0,134.85,9869,30,1,25-34
6721896,463506,回锅肉,500g,49.36,9,444.24,2024/1/24 23:41,二线,支付宝,店铺券,3,441.24,3060,43,1,25-34
4546194,303697,宫保鸡丁,1000g,40.73,10,407.3,2024/9/3 19:39,新一线,微信,平台券,14,393.3,9000,31,1,55+
8395139,389597,清蒸鲈鱼,400g,24.18,7,169.26,2024/8/6 19:38,新一线,支付宝,满减,2,167.26,8057,48,1,45-54
2267391,356251,凉拌黄瓜,1000g,21.49,5,107.45,2024/6/21 9:59,三线,云闪付,满减,21,86.45,79,13,0,18-24
7642606,933110,螺蛳粉,500g,11.68,6,70.08,2024/4/7 3:46,一线,支付宝,秒杀,4,66.08,6,35,0,25-34
3945623,141878,糖醋里脊,1000g,25.37,7,177.59,2024/11/12 22:49,二线,支付宝,秒杀,4,173.59,2249,43,1,45-54
4546194,303697,宫保鸡丁,1000g,41.45,7,290.15,2024/9/3 19:39,一线,微信,无,0,290.15,9000,31,1,18-24
6068909,687574,螺蛳粉,800g,26.7,3,80.1,2024/10/24 8:46,三线,支付宝,店铺券,6,74.1,4032,41,1,18-24
8802113,330702,鱼香肉丝,1000g,19.27,0,0,2024/7/31 19:37,新一线,微信,无,0,0,9869,30,1,18-24
2422287,406844,蒜蓉西兰花,200g,47.71,9,429.39,2024/10/6 18:40,新一线,云闪付,秒杀,27,402.39,5962,34,0,45-54
6763346,340011,宫保鸡丁,200g,17.06,8,136.48,2024/11/22 9:24,二线,银行卡,满减,1,135.48,1437,50,0,35-44
3945623,141878,糖醋里脊,1000g,12.31,4,49.24,2024/11/12 22:49,二线,支付宝,秒杀,1,48.24,2249,43,1,18-24
2194394,528825,麻婆豆腐,200g,16.96,6,101.76,2024/12/26 8:12,三线,云闪付,平台券,1,100.76,2772,39,0,25-34
4546194,303697,宫保鸡丁,1000g,40.33,0,0,2024/9/3 19:39,一线,微信,无,0,0,9000,31,1,45-54
6138191,378149,回锅肉,300g,31.48,8,251.84,2024/4/6 17:20,新一线,云闪付,会员折扣,5,246.84,4789,34,1,18-24
1484012,504180,蒜蓉西兰花,500g,33.2,8,265.6,2024/8/30 6:01,新一线,支付宝,会员折扣,17,248.6,1547,39,1,25-34
2732469,866284,凉拌黄瓜,500g,13.66,9,122.94,2024/11/26 21:50,一线,微信,店铺券,3,119.94,8090,43,1,18-24
6333549,653221,番茄炒蛋,800g,20.62,8,164.96,2024/4/29 15:28,一线,云闪付,会员折扣,6,158.96,5231,47,1,18-24
8719655,725205,凉拌黄瓜,400g,15.18,4,60.72,2024/10/20 19:45,三线,支付宝,满减,1,59.72,1982,31,0,45-54
9390446,237962,凉拌黄瓜,200g,45.55,9,409.95,2024/6/6 11:49,一线,余额,无,0,409.95,5853,30,1,18-24
7642606,933110,螺蛳粉,500g,32.03,9,288.27,2024/4/7 3:46,新一线,支付宝,无,0,288.27,6,35,0,25-34
7781688,622512,凉拌黄瓜,600g,26.34,5,131.7,2024/1/19 6:00,三线,云闪付,满减,6,125.7,6757,36,1,25-34
5428063,945416,番茄炒蛋,800g,13.24,1,13.24,2024/3/18 17:20,三线,云闪付,会员折扣,3,10.24,6843,32,0,55+
8719655,725205,凉拌黄瓜,400g,37.33,0,0,2024/10/20 19:45,三线,支付宝,满减,0,0,1982,31,0,45-54
7642606,933110,螺蛳粉,500g,13.05,10,130.5,2024/4/7 3:46,一线,支付宝,秒杀,2,128.5,6,35,0,45-54
2556959,913409,回锅肉,1000g,33.7,5,168.5,2024/11/9 9:03,新一线,云闪付,无,0,168.5,4016,45,1,55+
5196965,644802,回锅肉,800g,42.99,7,300.93,2024/9/1 9:38,一线,银行卡,会员折扣,20,280.93,1235,37,0,25-34
2732469,866284,凉拌黄瓜,500g,45.15,4,180.6,2024/11/26 21:50,二线,微信,会员折扣,6,174.6,8090,43,1,25-34
2694568,724215,宫保鸡丁,200g,44.02,0,0,2024/8/16 18:47,新一线,支付宝,无,0,0,1037,50,1,25-34
8395139,389597,清蒸鲈鱼,400g,43.48,9,391.32,2024/8/6 19:38,二线,支付宝,平台券,5,386.32,8057,48,1,25-34
3351509,288913,宫保鸡丁,300g,37.9,1,37.9,2024/1/16 13:22,新一线,余额,无,0,37.9,64,43,1,25-34
7658804,221911,清蒸鲈鱼,800g,37.21,4,148.84,2024/1/30 11:57,三线,支付宝,无,0,148.84,37,38,1,45-54
1323681,153464,蒜蓉西兰花,300g,40.11,6,240.66,2024/1/1 17:12,三线,微信,会员折扣,5,235.66,3990,35,0,18-24
8719655,725205,凉拌黄瓜,400g,16.34,0,0,2024/10/20 19:45,新一线,支付宝,会员折扣,0,0,1982,31,0,18-24
1577578,836209,清蒸鲈鱼,500g,15.15,5,75.75,2024/9/20 0:08,新一线,银行卡,会员折扣,8,67.75,25,43,1,18-24
3599854,502768,回锅肉,800g,39.74,7,278.18,2024/12/25 13:30,新一线,云闪付,满减,18,260.18,4543,17,0,25-34
5604591,704665,蒜蓉西兰花,600g,42.72,6,256.32,2024/7/11 11:05,一线,银行卡,会员折扣,5,251.32,9441,22,0,25-34
2556959,913409,回锅肉,1000g,43.29,0,0,2024/11/9 9:03,二线,云闪付,无,0,0,4016,45,1,35-44
6557360,632060,番茄炒蛋,600g,20.39,7,142.73,2024/6/19 1:54,三线,余额,秒杀,3,139.73,5119,33,1,18-24
6557360,632060,番茄炒蛋,600g,31.6,1,31.6,2024/6/19 1:54,二线,余额,无,0,31.6,5119,33,0,18-24
9139724,341245,番茄炒蛋,800g,40.44,1,40.44,2024/11/30 5:28,二线,银行卡,店铺券,40,0.44,84,38,0,45-54
9904982,467947,糖醋里脊,800g,31.65,1,31.65,2024/11/16 7:44,新一线,微信,无,0,31.65,4608,31,0,35-44
2500529,693546,宫保鸡丁,600g,47.28,5,236.4,2024/4/19 4:39,一线,云闪付,秒杀,17,219.4,6375,37,1,45-54
2500529,693546,宫保鸡丁,600g,33.29,9,299.61,2024/4/19 4:39,新一线,云闪付,秒杀,3,296.61,6375,37,0,18-24
9139724,341245,番茄炒蛋,800g,48.76,6,292.56,2024/11/30 5:28,一线,银行卡,满减,29,263.56,84,38,0,45-54
5718806,770377,鱼香肉丝,800g,15.2,6,91.2,2024/9/22 0:36,二线,云闪付,满减,3,88.2,2590,41,0,25-34
6479808,529467,蒜蓉西兰花,400g,29.55,2,59.1,2024/3/19 3:27,新一线,微信,店铺券,48,11.1,36,49,1,25-34
9572031,591402,凉拌黄瓜,1000g,40.82,7,285.74,2024/11/8 10:22,二线,云闪付,满减,22,263.74,7642,31,1,25-34
9904982,467947,糖醋里脊,800g,36.18,7,253.26,2024/11/16 7:44,二线,微信,满减,3,250.26,4608,31,0,35-44
8315588,628971,宫保鸡丁,800g,47.74,4,190.96,2024/1/9 18:16,二线,云闪付,会员折扣,61,129.96,80,42,0,18-24
1630096,883383,凉拌黄瓜,400g,45.76,6,274.56,2024/7/30 6:42,新一线,微信,无,0,274.56,3938,37,1,18-24
1458076,916710,螺蛳粉,300g,19.2,0,0,2024/9/14 3:18,三线,余额,会员折扣,0,0,2935,48,1,18-24
1927922,440304,番茄炒蛋,800g,36.07,2,72.14,2024/5/8 3:31,三线,支付宝,满减,4,68.14,4971,38,0,25-34
1916423,897518,糖醋里脊,400g,41.06,3,123.18,2024/11/30 9:23,新一线,支付宝,无,0,123.18,6714,46,1,35-44
6711586,842885,糖醋里脊,800g,40.84,10,408.4,2024/1/20 9:02,新一线,支付宝,无,0,408.4,5163,50,1,25-34
6188239,760984,螺蛳粉,800g,34.67,4,138.68,2024/5/10 21:06,新一线,余额,平台券,6,132.68,4716,39,1,45-54
8675755,928744,糖醋里脊,300g,18.02,3,54.06,2024/7/23 16:36,三线,支付宝,秒杀,0,54.06,3290,32,0,18-24
8675755,928744,糖醋里脊,300g,29.66,9,266.94,2024/7/23 16:36,一线,支付宝,满减,7,259.94,3290,32,0,25-34
4101152,923539,鱼香肉丝,1000g,33.28,7,232.96,2024/10/19 9:24,一线,余额,店铺券,4,228.96,3942,32,1,18-24
8675755,928744,糖醋里脊,300g,22.41,7,156.87,2024/7/23 16:36,三线,支付宝,会员折扣,8,148.87,3290,32,1,25-34
1231427,300877,麻婆豆腐,1000g,10.39,4,41.56,2024/5/25 11:26,一线,支付宝,满减,0,41.56,7,34,0,25-34
1231427,300877,麻婆豆腐,1000g,23.06,10,230.6,2024/5/25 11:26,二线,支付宝,无,0,230.6,7,34,1,45-54
6188239,760984,螺蛳粉,800g,13.51,1,13.51,2024/5/10 21:06,一线,余额,店铺券,3,10.51,4716,39,1,18-24
1231427,300877,麻婆豆腐,1000g,25.88,8,207.04,2024/5/25 11:26,新一线,支付宝,秒杀,30,177.04,7,34,1,25-34
5165072,129317,螺蛳粉,400g,45.79,6,274.74,2024/1/20 4:13,一线,云闪付,满减,5,269.74,6743,45,1,18-24
9142442,279215,螺蛳粉,400g,42.69,0,0,2024/7/3 16:58,二线,云闪付,会员折扣,0,0,51,33,0,45-54
1302251,200401,番茄炒蛋,300g,28.09,9,252.81,2024/10/23 7:10,三线,云闪付,满减,11,241.81,2885,40,1,45-54
6775390,493808,回锅肉,1000g,13.27,5,66.35,2024/4/20 14:27,三线,银行卡,满减,3,63.35,3945,32,0,18-24
9202929,965749,番茄炒蛋,400g,12.41,10,124.1,2024/3/17 2:25,一线,支付宝,满减,2,122.1,2561,38,0,25-34
4791073,935046,回锅肉,500g,18.77,3,56.31,2024/3/25 3:31,新一线,余额,秒杀,0,56.31,5475,30,1,18-24
9202929,965749,番茄炒蛋,400g,11.23,7,78.61,2024/3/17 2:25,三线,支付宝,无,0,78.61,2561,38,1,45-54
9202929,965749,番茄炒蛋,400g,20.31,5,101.55,2024/3/17 2:25,新一线,支付宝,平台券,2,99.55,2561,38,0,18-24
5308450,323713,鱼香肉丝,1000g,11.6,2,23.2,2024/4/15 16:08,新一线,云闪付,满减,2,21.2,7792,48,0,35-44
9149380,142544,糖醋里脊,1000g,33.15,10,331.5,2024/7/6 11:48,新一线,余额,平台券,0,331.5,1789,41,1,25-34
1065809,826874,螺蛳粉,1000g,46.49,8,371.92,2024/10/4 2:59,新一线,支付宝,满减,72,299.92,90,35,0,18-24
6975283,769751,凉拌黄瓜,1000g,38.63,10,386.3,2024/6/13 22:32,一线,余额,秒杀,3,383.3,2680,37,1,25-34
1739382,870125,麻婆豆腐,400g,48.86,6,293.16,2024/3/29 18:26,一线,银行卡,平台券,18,275.16,7548,38,0,35-44
7208151,686493,清蒸鲈鱼,400g,20.33,0,0,2024/8/24 22:40,二线,支付宝,满减,0,0,1872,32,1,18-24
2449298,876014,糖醋里脊,1000g,48.79,7,341.53,2024/7/22 5:36,一线,余额,会员折扣,19,322.53,8170,48,1,45-54
7208151,686493,清蒸鲈鱼,400g,12.94,4,51.76,2024/8/24 22:40,一线,支付宝,无,0,51.76,1872,32,1,18-24
7208151,686493,清蒸鲈鱼,400g,16.68,8,133.44,2024/8/24 22:40,一线,支付宝,无,0,133.44,1872,32,0,45-54
5359051,571190,回锅肉,1000g,33.41,6,200.46,2024/9/12 22:37,新一线,支付宝,无,0,200.46,1501,41,1,25-34
5359051,571190,回锅肉,1000g,11.57,8,92.56,2024/9/12 22:37,二线,支付宝,会员折扣,6,86.56,1501,41,1,18-24
5359051,571190,回锅肉,1000g,28.09,7,196.63,2024/9/12 22:37,三线,支付宝,会员折扣,13,183.63,1501,41,1,18-24
9202929,965749,番茄炒蛋,400g,29.55,2,59.1,2024/3/17 2:25,新一线,支付宝,会员折扣,6,53.1,2561,38,1,45-54
9904982,467947,糖醋里脊,800g,18.07,9,162.63,2024/11/16 7:44,新一线,微信,会员折扣,3,159.63,4608,31,0,18-24
6975283,769751,凉拌黄瓜,1000g,36.94,6,221.64,2024/6/13 22:32,三线,余额,平台券,6,215.64,2680,37,1,18-24
5308450,323713,鱼香肉丝,1000g,47.78,0,0,2024/4/15 16:08,三线,云闪付,秒杀,0,0,7792,48,0,25-34
9142442,279215,螺蛳粉,400g,32.82,9,295.38,2024/7/3 16:58,一线,云闪付,满减,24,271.38,51,33,0,45-54
9139724,341245,番茄炒蛋,800g,14.26,0,0,2024/11/30 5:28,新一线,银行卡,平台券,0,0,84,38,0,45-54
1630096,883383,凉拌黄瓜,400g,49.98,8,399.84,2024/7/30 6:42,三线,微信,无,0,399.84,3938,37,1,45-54
6711586,842885,糖醋里脊,800g,36.7,7,256.9,2024/1/20 9:02,二线,支付宝,平台券,4,252.9,5163,50,1,18-24
5066026,983171,麻婆豆腐,1000g,37.82,3,113.46,2024/5/9 23:13,新一线,支付宝,无,0,113.46,6799,39,0,55+
9739171,311742,螺蛳粉,500g,23.65,10,236.5,2024/9/15 15:09,三线,支付宝,满减,2,234.5,4528,50,1,25-34
4823643,900618,凉拌黄瓜,500g,10.73,9,96.57,2024/6/24 13:13,二线,银行卡,店铺券,1,95.57,5955,31,0,35-44
9721678,506868,回锅肉,400g,17.83,8,142.64,2024/10/22 19:55,一线,云闪付,无,0,142.64,9911,36,1,45-54
6529510,905861,鱼香肉丝,500g,47.08,5,235.4,2024/5/25 10:50,二线,支付宝,满减,16,219.4,6920,18,0,35-44
6638294,140735,宫保鸡丁,300g,29.43,0,0,2024/10/23 3:40,新一线,支付宝,满减,0,0,1260,32,1,18-24
4154619,369785,螺蛳粉,300g,38.65,2,77.3,2024/2/16 0:39,新一线,银行卡,满减,21,56.3,4530,37,0,25-34
8059859,943401,清蒸鲈鱼,300g,17.26,2,34.52,2024/10/23 12:59,三线,支付宝,无,0,34.52,2640,47,1,18-24
4122911,821445,宫保鸡丁,500g,11.74,7,82.18,2024/10/26 4:55,三线,云闪付,秒杀,3,79.18,5305,39,1,18-24
7710213,793131,清蒸鲈鱼,400g,45.37,8,362.96,2024/10/21 23:28,一线,支付宝,秒杀,6,356.96,2800,39,0,25-34
9739171,311742,螺蛳粉,500g,19.12,1,19.12,2024/9/15 15:09,三线,支付宝,满减,2,17.12,4528,50,1,18-24
6529510,905861,鱼香肉丝,500g,41.22,1,41.22,2024/5/25 10:50,新一线,支付宝,无,0,41.22,6920,18,0,18-24
9288470,649968,回锅肉,600g,26.95,7,188.65,2024/10/21 0:52,一线,银行卡,店铺券,3,185.65,1402,30,1,25-34
1281634,499127,鱼香肉丝,300g,16.72,4,66.88,2024/2/7 14:14,新一线,余额,会员折扣,4,62.88,9918,31,1,25-34
2300660,532005,番茄炒蛋,400g,45.77,5,228.85,2024/10/23 15:41,三线,银行卡,无,0,228.85,3706,40,1,18-24
7624132,167794,清蒸鲈鱼,1000g,19.07,10,190.7,2024/9/13 4:48,新一线,支付宝,秒杀,4,186.7,4646,14,0,45-54
7624132,167794,清蒸鲈鱼,1000g,12.78,8,102.24,2024/9/13 4:48,一线,支付宝,会员折扣,1,101.24,4646,14,1,45-54
4331404,849244,清蒸鲈鱼,600g,31.32,1,31.32,2024/4/30 5:15,三线,银行卡,满减,4,27.32,3214,30,1,35-44
1367106,162517,鱼香肉丝,200g,23.32,1,23.32,2024/3/19 20:40,新一线,微信,秒杀,1,22.32,72,32,0,18-24
3422134,317470,宫保鸡丁,200g,36.78,6,220.68,2024/4/24 9:06,新一线,支付宝,会员折扣,17,203.68,3673,43,1,25-34
3422134,317470,宫保鸡丁,200g,49.77,1,49.77,2024/4/24 9:06,新一线,支付宝,无,0,49.77,3673,43,1,45-54
5743390,502150,番茄炒蛋,400g,36.47,10,364.7,2024/9/28 21:20,一线,银行卡,会员折扣,1,363.7,2982,30,1,25-34
7834341,661024,鱼香肉丝,800g,18.04,2,36.08,2024/1/4 15:23,一线,银行卡,无,0,36.08,60,32,0,18-24
2877035,774453,宫保鸡丁,800g,28.01,8,224.08,2024/12/26 23:56,一线,余额,秒杀,2,222.08,2333,36,0,18-24
7834341,661024,鱼香肉丝,800g,19.39,3,58.17,2024/1/4 15:23,二线,银行卡,无,0,58.17,60,32,1,18-24
9874539,158594,回锅肉,600g,25.97,1,25.97,2024/10/14 1:28,新一线,微信,满减,10,15.97,9241,47,1,45-54
2195472,456098,蒜蓉西兰花,500g,49.7,10,497,2024/9/6 4:59,一线,银行卡,店铺券,14,483,6507,31,1,18-24
4743796,280399,宫保鸡丁,200g,31.6,5,158,2024/6/25 8:01,新一线,云闪付,无,0,158,14,42,0,18-24
7541583,843324,麻婆豆腐,500g,43.04,7,301.28,2024/11/9 19:03,新一线,云闪付,会员折扣,24,277.28,42,35,0,25-34
4743796,280399,宫保鸡丁,200g,41.28,10,412.8,2024/6/25 8:01,二线,云闪付,满减,1,411.8,14,42,1,25-34
7834341,661024,鱼香肉丝,800g,11.45,1,11.45,2024/1/4 15:23,一线,银行卡,会员折扣,7,4.45,60,32,0,25-34
9276636,263575,凉拌黄瓜,200g,47.48,6,284.88,2024/1/22 3:38,一线,支付宝,满减,17,267.88,2633,20,1,18-24
2116138,571795,清蒸鲈鱼,400g,32.15,10,321.5,2024/4/23 15:35,一线,银行卡,满减,61,260.5,20,46,1,25-34
2116138,571795,清蒸鲈鱼,400g,25.88,5,129.4,2024/4/23 15:35,三线,银行卡,店铺券,19,110.4,20,46,1,45-54
9907254,954155,回锅肉,1000g,46.78,6,280.68,2024/2/9 15:42,一线,余额,满减,6,274.68,6916,43,1,25-34
7834341,661024,鱼香肉丝,800g,14.65,2,29.3,2024/1/4 15:23,二线,银行卡,会员折扣,18,11.3,60,32,0,35-44
9742411,937477,糖醋里脊,800g,42.7,8,341.6,2024/10/10 13:10,三线,微信,会员折扣,0,341.6,6237,40,1,18-24
4103305,400374,宫保鸡丁,1000g,44.72,10,447.2,2024/5/26 14:12,一线,支付宝,平台券,15,432.2,27,30,1,45-54
5678004,697211,鱼香肉丝,800g,41.6,1,41.6,2024/7/28 5:46,新一线,微信,店铺券,2,39.6,87,40,1,45-54
2634226,976013,蒜蓉西兰花,400g,23.84,0,0,2024/7/27 21:25,三线,余额,平台券,0,0,77,45,1,45-54
4103305,400374,宫保鸡丁,1000g,25.95,0,0,2024/5/26 14:12,新一线,支付宝,会员折扣,0,0,27,30,0,18-24
2634226,976013,蒜蓉西兰花,400g,12.73,1,12.73,2024/7/27 21:25,新一线,余额,满减,7,5.73,77,45,1,25-34
9768747,730371,鱼香肉丝,400g,48.52,8,388.16,2024/7/14 8:20,新一线,支付宝,店铺券,9,379.16,9724,41,1,55+
9533759,823528,糖醋里脊,1000g,31.98,7,223.86,2024/8/1 8:10,新一线,余额,店铺券,1,222.86,1379,38,0,35-44
6588000,726466,凉拌黄瓜,1000g,48.63,1,48.63,2024/9/19 15:54,新一线,微信,秒杀,3,45.63,7981,31,0,18-24
5799471,354815,番茄炒蛋,300g,27.3,10,273,2024/7/28 1:27,二线,支付宝,会员折扣,8,265,8241,13,0,25-34
1067736,923659,番茄炒蛋,300g,18.64,10,186.4,2024/1/24 9:09,新一线,支付宝,满减,37,149.4,9,17,0,18-24
3062969,450592,蒜蓉西兰花,500g,12.45,2,24.9,2024/2/9 22:18,新一线,微信,平台券,2,22.9,33,13,0,25-34
2155623,750732,螺蛳粉,200g,41.23,4,164.92,2024/5/21 5:31,新一线,云闪付,秒杀,11,153.92,3262,35,0,25-34
1067736,923659,番茄炒蛋,300g,12.33,9,110.97,2024/1/24 9:09,三线,支付宝,满减,5,105.97,9,17,0,25-34
5378444,766351,回锅肉,1000g,49.79,2,99.58,2024/8/29 12:18,三线,余额,满减,12,87.58,4024,35,0,45-54
8146892,247206,鱼香肉丝,1000g,37.8,8,302.4,2024/7/25 0:08,三线,余额,满减,16,286.4,7556,50,1,45-54
1067736,923659,番茄炒蛋,300g,19.57,0,0,2024/1/24 9:09,新一线,支付宝,平台券,0,0,9,17,0,25-34
9768747,730371,鱼香肉丝,400g,15.69,3,47.07,2024/7/14 8:20,新一线,支付宝,无,0,47.07,9724,41,1,45-54
2155623,750732,螺蛳粉,200g,22.13,8,177.04,2024/5/21 5:31,三线,云闪付,秒杀,4,173.04,3262,35,0,25-34
8146892,247206,鱼香肉丝,1000g,14.04,5,70.2,2024/7/25 0:08,三线,余额,秒杀,5,65.2,7556,50,1,25-34
1067736,923659,番茄炒蛋,300g,12.49,5,62.45,2024/1/24 9:09,新一线,支付宝,店铺券,10,52.45,9,17,0,18-24
5799471,354815,番茄炒蛋,300g,30.38,5,151.9,2024/7/28 1:27,新一线,支付宝,平台券,4,147.9,8241,13,0,25-34
2155623,750732,螺蛳粉,200g,34.61,1,34.61,2024/5/21 5:31,新一线,云闪付,会员折扣,1,33.61,3262,35,0,18-24
5678004,697211,鱼香肉丝,800g,34.96,7,244.72,2024/7/28 5:46,一线,微信,会员折扣,10,234.72,87,40,1,18-24
9768747,730371,鱼香肉丝,400g,31.08,10,310.8,2024/7/14 8:20,三线,支付宝,会员折扣,2,308.8,9724,41,1,45-54
2634226,976013,蒜蓉西兰花,400g,10.44,8,83.52,2024/7/27 21:25,三线,余额,满减,16,67.52,77,45,1,45-54
8146892,247206,鱼香肉丝,1000g,20.39,2,40.78,2024/7/25 0:08,一线,余额,秒杀,1,39.78,7556,50,1,35-44
2155623,750732,螺蛳粉,200g,31.41,0,0,2024/5/21 5:31,新一线,云闪付,无,0,0,3262,35,0,45-54
2634226,976013,蒜蓉西兰花,400g,18.61,8,148.88,2024/7/27 21:25,新一线,余额,满减,26,122.88,77,45,1,45-54
6588000,726466,凉拌黄瓜,1000g,49.03,3,147.09,2024/9/19 15:54,新一线,微信,无,0,147.09,7981,31,0,25-34
8146892,247206,鱼香肉丝,1000g,42.06,0,0,2024/7/25 0:08,二线,余额,店铺券,0,0,7556,50,1,25-34
9533759,823528,糖醋里脊,1000g,28.18,1,28.18,2024/8/1 8:10,三线,余额,会员折扣,8,20.18,1379,38,0,18-24
1067736,923659,番茄炒蛋,300g,43.77,0,0,2024/1/24 9:09,新一线,支付宝,满减,0,0,9,17,0,55+
9806988,934740,糖醋里脊,200g,41.48,1,41.48,2024/10/10 3:15,新一线,支付宝,无,0,41.48,55,24,1,18-24
9806988,934740,糖醋里脊,200g,37.53,9,337.77,2024/10/10 3:15,三线,支付宝,会员折扣,5,332.77,55,24,1,25-34
9781800,127106,鱼香肉丝,200g,45.8,5,229,2024/8/30 19:30,新一线,支付宝,满减,8,221,7079,33,1,18-24
5976746,528922,螺蛳粉,400g,34.56,6,207.36,2024/3/8 11:18,新一线,余额,会员折扣,12,195.36,5200,45,1,45-54
7823400,104168,蒜蓉西兰花,400g,30.74,1,30.74,2024/7/31 15:31,三线,支付宝,满减,4,26.74,6088,44,1,35-44
7823400,104168,蒜蓉西兰花,400g,39.5,7,276.5,2024/7/31 15:31,三线,支付宝,平台券,0,276.5,6088,44,0,18-24
7823400,104168,蒜蓉西兰花,400g,30.49,1,30.49,2024/7/31 15:31,新一线,支付宝,无,0,30.49,6088,44,1,35-44
9806988,934740,糖醋里脊,200g,37.21,3,111.63,2024/10/10 3:15,一线,支付宝,店铺券,7,104.63,55,24,1,18-24
8716988,309186,螺蛳粉,300g,39.5,5,197.5,2024/8/19 18:08,新一线,云闪付,满减,26,171.5,84,41,1,35-44
9251721,345072,蒜蓉西兰花,500g,13.94,6,83.64,2024/10/15 13:38,新一线,余额,满减,2,81.64,33,31,1,35-44
5461910,848050,蒜蓉西兰花,500g,36.41,8,291.28,2024/5/8 4:01,二线,银行卡,店铺券,21,270.28,4971,48,0,18-24
8716988,309186,螺蛳粉,300g,40.99,1,40.99,2024/8/19 18:08,一线,云闪付,会员折扣,40,0.99,84,41,1,45-54
8072778,688835,凉拌黄瓜,1000g,39.92,2,79.84,2024/10/13 2:39,三线,余额,满减,22,57.84,8327,42,1,25-34
2062201,646906,糖醋里脊,600g,15.12,6,90.72,2024/5/18 6:22,三线,余额,无,0,90.72,7214,32,0,25-34
2062201,646906,糖醋里脊,600g,23.53,0,0,2024/5/18 6:22,一线,余额,会员折扣,0,0,7214,32,0,45-54
5727783,587251,蒜蓉西兰花,500g,35.83,8,286.64,2024/10/11 2:55,一线,支付宝,无,0,286.64,3145,44,1,45-54
3411915,942847,蒜蓉西兰花,200g,21.44,3,64.32,2024/1/30 7:54,三线,银行卡,会员折扣,4,60.32,1541,25,1,25-34
3411915,942847,蒜蓉西兰花,200g,42.64,9,383.76,2024/1/30 7:54,三线,银行卡,满减,23,360.76,1541,25,1,25-34
2062201,646906,糖醋里脊,600g,43.68,5,218.4,2024/5/18 6:22,新一线,余额,无,0,218.4,7214,32,1,18-24
8072778,688835,凉拌黄瓜,1000g,30.23,7,211.61,2024/10/13 2:39,一线,余额,无,0,211.61,8327,42,1,45-54
7624132,167794,清蒸鲈鱼,1000g,42,8,336,2024/9/13 4:48,新一线,支付宝,无,0,336,4646,14,1,18-24
2155623,750732,螺蛳粉,200g,39.32,2,78.64,2024/5/21 5:31,二线,云闪付,会员折扣,5,73.64,3262,35,0,45-54
8716988,309186,螺蛳粉,300g,17.52,4,70.08,2024/8/19 18:08,一线,云闪付,满减,28,42.08,84,41,1,25-34
2195472,456098,蒜蓉西兰花,500g,41.35,7,289.45,2024/9/6 4:59,三线,银行卡,店铺券,3,286.45,6507,31,1,18-24
3411915,942847,蒜蓉西兰花,200g,32.17,7,225.19,2024/1/30 7:54,新一线,银行卡,满减,1,224.19,1541,25,1,45-54
4743796,280399,宫保鸡丁,200g,15.96,8,127.68,2024/6/25 8:01,一线,云闪付,无,0,127.68,14,42,1,25-34
1067736,923659,番茄炒蛋,300g,45.45,8,363.6,2024/1/24 9:09,新一线,支付宝,店铺券,79,284.6,9,17,0,35-44
7823400,104168,蒜蓉西兰花,400g,26.5,8,212,2024/7/31 15:31,新一线,支付宝,平台券,4,208,6088,44,1,45-54
2634226,976013,蒜蓉西兰花,400g,34.78,4,139.12,2024/7/27 21:25,一线,余额,无,0,139.12,77,45,1,45-54
7624132,167794,清蒸鲈鱼,1000g,32.46,1,32.46,2024/9/13 4:48,三线,支付宝,店铺券,4,28.46,4646,14,0,25-34
5678004,697211,鱼香肉丝,800g,43,0,0,2024/7/28 5:46,新一线,微信,平台券,0,0,87,40,1,25-34
9907254,954155,回锅肉,1000g,12.34,5,61.7,2024/2/9 15:42,一线,余额,会员折扣,0,61.7,6916,43,1,55+
9806988,934740,糖醋里脊,200g,23.37,4,93.48,2024/10/10 3:15,新一线,支付宝,会员折扣,3,90.48,55,24,1,18-24
2300660,532005,番茄炒蛋,400g,41.54,4,166.16,2024/10/23 15:41,一线,银行卡,店铺券,8,158.16,3706,40,1,45-54
3422134,317470,宫保鸡丁,200g,27.61,0,0,2024/4/24 9:06,新一线,支付宝,会员折扣,0,0,3673,43,1,45-54
9533759,823528,糖醋里脊,1000g,23.13,9,208.17,2024/8/1 8:10,一线,余额,会员折扣,5,203.17,1379,38,0,35-44
8072778,688835,凉拌黄瓜,1000g,27.36,3,82.08,2024/10/13 2:39,一线,余额,会员折扣,12,70.08,8327,42,1,18-24
2062201,646906,糖醋里脊,600g,13.54,4,54.16,2024/5/18 6:22,新一线,余额,会员折扣,3,51.16,7214,32,0,45-54
2116138,571795,清蒸鲈鱼,400g,35.7,8,285.6,2024/4/23 15:35,二线,银行卡,无,0,285.6,20,46,1,18-24
9768747,730371,鱼香肉丝,400g,41.43,6,248.58,2024/7/14 8:20,新一线,支付宝,无,0,248.58,9724,41,1,45-54
9781800,127106,鱼香肉丝,200g,17.38,6,104.28,2024/8/30 19:30,新一线,支付宝,会员折扣,3,101.28,7079,33,1,45-54
2155623,750732,螺蛳粉,200g,24.49,3,73.47,2024/5/21 5:31,新一线,云闪付,无,0,73.47,3262,35,0,18-24
9768747,730371,鱼香肉丝,400g,44.91,4,179.64,2024/7/14 8:20,一线,支付宝,平台券,4,175.64,9724,41,1,25-34
9806988,934740,糖醋里脊,200g,13.22,10,132.2,2024/10/10 3:15,一线,支付宝,秒杀,8,124.2,55,24,1,25-34
7541583,843324,麻婆豆腐,500g,39.12,9,352.08,2024/11/9 19:03,新一线,云闪付,无,0,352.08,42,35,0,25-34
5678004,697211,鱼香肉丝,800g,48.26,8,386.08,2024/7/28 5:46,二线,微信,会员折扣,59,327.08,87,40,1,25-34
1067736,923659,番茄炒蛋,300g,19.98,8,159.84,2024/1/24 9:09,一线,支付宝,秒杀,31,128.84,9,17,0,45-54
5976746,528922,螺蛳粉,400g,40.38,1,40.38,2024/3/8 11:18,三线,余额,秒杀,22,18.38,5200,45,1,25-34
2062201,646906,糖醋里脊,600g,27.99,1,27.99,2024/5/18 6:22,三线,余额,无,0,27.99,7214,32,0,45-54
9276636,263575,凉拌黄瓜,200g,10.87,5,54.35,2024/1/22 3:38,一线,支付宝,无,0,54.35,2633,20,1,18-24
5461910,848050,蒜蓉西兰花,500g,47.47,5,237.35,2024/5/8 4:01,三线,银行卡,平台券,24,213.35,4971,48,0,25-34
9742411,937477,糖醋里脊,800g,20.26,10,202.6,2024/10/10 13:10,一线,微信,店铺券,4,198.6,6237,40,1,18-24
9533759,823528,糖醋里脊,1000g,44.02,8,352.16,2024/8/1 8:10,新一线,余额,无,0,352.16,1379,38,0,18-24
8146892,247206,鱼香肉丝,1000g,44.41,2,88.82,2024/7/25 0:08,三线,余额,会员折扣,19,69.82,7556,50,1,55+
7823400,104168,蒜蓉西兰花,400g,12.71,9,114.39,2024/7/31 15:31,一线,支付宝,会员折扣,1,113.39,6088,44,0,45-54
9806988,934740,糖醋里脊,200g,38.31,10,383.1,2024/10/10 3:15,三线,支付宝,会员折扣,38,345.1,55,24,1,25-34
6588000,726466,凉拌黄瓜,1000g,13.27,7,92.89,2024/9/19 15:54,新一线,微信,满减,1,91.89,7981,31,0,25-34
1367106,162517,鱼香肉丝,200g,29.39,1,29.39,2024/3/19 20:40,一线,微信,店铺券,10,19.39,72,32,0,18-24
3422134,317470,宫保鸡丁,200g,16.63,8,133.04,2024/4/24 9:06,三线,支付宝,会员折扣,6,127.04,3673,43,1,25-34
7834341,661024,鱼香肉丝,800g,28.49,7,199.43,2024/1/4 15:23,三线,银行卡,无,0,199.43,60,32,0,18-24
8072778,688835,凉拌黄瓜,1000g,31.82,4,127.28,2024/10/13 2:39,二线,余额,满减,11,116.28,8327,42,1,45-54
9768747,730371,鱼香肉丝,400g,42.26,4,169.04,2024/7/14 8:20,一线,支付宝,会员折扣,5,164.04,9724,41,1,18-24
2877035,774453,宫保鸡丁,800g,20.34,6,122.04,2024/12/26 23:56,新一线,余额,秒杀,4,118.04,2333,36,0,45-54
1067736,923659,番茄炒蛋,300g,23.21,1,23.21,2024/1/24 9:09,新一线,支付宝,会员折扣,15,8.21,9,17,0,18-24
2155623,750732,螺蛳粉,200g,40.27,10,402.7,2024/5/21 5:31,新一线,云闪付,满减,7,395.7,3262,35,0,25-34
8716988,309186,螺蛳粉,300g,28.05,8,224.4,2024/8/19 18:08,三线,云闪付,会员折扣,28,196.4,84,41,1,45-54
2155623,750732,螺蛳粉,200g,28.56,4,114.24,2024/5/21 5:31,新一线,云闪付,会员折扣,1,113.24,3262,35,0,25-34
3411915,942847,蒜蓉西兰花,200g,46.37,5,231.85,2024/1/30 7:54,三线,银行卡,会员折扣,6,225.85,1541,25,1,45-54
1067736,923659,番茄炒蛋,300g,29.91,1,29.91,2024/1/24 9:09,一线,支付宝,店铺券,17,12.91,9,17,0,45-54
4743796,280399,宫保鸡丁,200g,41.02,2,82.04,2024/6/25 8:01,新一线,云闪付,平台券,22,60.04,14,42,0,45-54
8146892,247206,鱼香肉丝,1000g,30.93,3,92.79,2024/7/25 0:08,新一线,余额,秒杀,16,76.79,7556,50,1,25-34
8146892,247206,鱼香肉丝,1000g,41.71,1,41.71,2024/7/25 0:08,二线,余额,无,0,41.71,7556,50,1,18-24
2116138,571795,清蒸鲈鱼,400g,33.1,0,0,2024/4/23 15:35,新一线,银行卡,会员折扣,0,0,20,46,1,18-24
2062201,646906,糖醋里脊,600g,35.38,3,106.14,2024/5/18 6:22,一线,余额,会员折扣,6,100.14,7214,32,1,18-24
3062969,450592,蒜蓉西兰花,500g,25.84,8,206.72,2024/2/9 22:18,三线,微信,无,0,206.72,33,13,0,18-24
2634226,976013,蒜蓉西兰花,400g,22.67,7,158.69,2024/7/27 21:25,新一线,余额,无,0,158.69,77,45,1,55+
6588000,726466,凉拌黄瓜,1000g,46.25,9,416.25,2024/9/19 15:54,三线,微信,会员折扣,6,410.25,7981,31,0,18-24
5799471,354815,番茄炒蛋,300g,15.63,3,46.89,2024/7/28 1:27,新一线,支付宝,满减,1,45.89,8241,13,0,18-24
1441459,844542,宫保鸡丁,300g,45.76,5,228.8,2024/3/3 17:29,新一线,支付宝,满减,75,153.8,20,48,1,45-54
8035671,529518,回锅肉,500g,36.17,6,217.02,2024/11/18 19:49,一线,微信,无,0,217.02,7663,39,1,18-24
1441459,844542,宫保鸡丁,300g,27.61,0,0,2024/3/3 17:29,一线,支付宝,满减,0,0,20,48,1,45-54
1441459,844542,宫保鸡丁,300g,42.14,6,252.84,2024/3/3 17:29,一线,支付宝,店铺券,29,223.84,20,48,1,18-24
1980842,146020,糖醋里脊,500g,24.31,1,24.31,2024/10/7 23:19,二线,云闪付,会员折扣,0,24.31,8014,34,0,55+
8765055,872506,凉拌黄瓜,200g,43.13,3,129.39,2024/3/20 0:36,三线,云闪付,会员折扣,2,127.39,7391,45,1,18-24
1441459,844542,宫保鸡丁,300g,15.68,2,31.36,2024/3/3 17:29,一线,支付宝,满减,0,31.36,20,48,0,45-54
8900618,487072,蒜蓉西兰花,400g,28.01,0,0,2024/12/25 16:11,一线,银行卡,会员折扣,0,0,3097,38,0,25-34
1189010,330135,麻婆豆腐,400g,35.37,10,353.7,2024/6/5 6:10,三线,余额,秒杀,18,335.7,4242,46,1,25-34
4932946,446253,糖醋里脊,200g,15.05,9,135.45,2024/10/10 8:54,一线,余额,平台券,7,128.45,4018,32,0,18-24
4806186,903302,鱼香肉丝,800g,37.45,8,299.6,2024/4/26 8:20,二线,银行卡,无,0,299.6,6367,47,1,35-44
6571201,563310,回锅肉,300g,17,2,34,2024/6/24 8:24,二线,支付宝,店铺券,1,33,79,40,1,45-54
8900618,487072,蒜蓉西兰花,400g,37.77,5,188.85,2024/12/25 16:11,新一线,银行卡,满减,7,181.85,3097,38,1,18-24
4932946,446253,糖醋里脊,200g,36.13,7,252.91,2024/10/10 8:54,新一线,余额,满减,2,250.91,4018,32,0,25-34
4932946,446253,糖醋里脊,200g,44.85,3,134.55,2024/10/10 8:54,新一线,余额,店铺券,19,115.55,4018,32,0,35-44
1189010,330135,麻婆豆腐,400g,14.44,0,0,2024/6/5 6:10,新一线,余额,无,0,0,4242,46,1,18-24
4196457,583172,蒜蓉西兰花,1000g,31.87,7,223.09,2024/7/3 22:48,一线,余额,店铺券,11,212.09,95,32,0,25-34
3355177,683283,凉拌黄瓜,400g,22.19,5,110.95,2024/11/19 20:23,三线,云闪付,会员折扣,12,98.95,12,33,0,45-54
3101763,112860,凉拌黄瓜,200g,44.91,5,224.55,2024/2/19 10:33,三线,微信,无,0,224.55,5738,34,0,18-24
2176558,462902,螺蛳粉,200g,31.63,6,189.78,2024/4/26 1:00,三线,云闪付,无,0,189.78,72,36,0,18-24
2664091,511301,糖醋里脊,400g,11.93,9,107.37,2024/11/17 23:38,新一线,微信,满减,2,105.37,1022,46,1,18-24
1299090,510369,番茄炒蛋,1000g,36.71,8,293.68,2024/12/24 17:27,二线,余额,满减,28,265.68,48,48,1,18-24
1299090,510369,番茄炒蛋,1000g,33.73,6,202.38,2024/12/24 17:27,三线,余额,平台券,52,150.38,48,48,1,45-54
4348710,334460,鱼香肉丝,800g,45.69,9,411.21,2024/7/7 13:53,新一线,银行卡,无,0,411.21,25,39,1,18-24
2472899,860150,麻婆豆腐,300g,19.58,0,0,2024/10/22 1:50,二线,微信,满减,0,0,8987,30,0,45-54
5366688,975283,回锅肉,500g,49.82,6,298.92,2024/4/9 13:40,新一线,余额,秒杀,9,289.92,8759,34,0,18-24
4267157,915116,糖醋里脊,1000g,12.55,5,62.75,2024/2/17 16:16,新一线,微信,满减,0,62.75,72,48,1,45-54
3934110,335740,蒜蓉西兰花,200g,14.6,7,102.2,2024/1/31 9:01,二线,支付宝,会员折扣,6,96.2,9165,37,1,45-54
3934110,335740,蒜蓉西兰花,200g,43.17,4,172.68,2024/1/31 9:01,一线,支付宝,无,0,172.68,9165,37,1,25-34
8499130,225865,宫保鸡丁,800g,22.68,7,158.76,2024/6/27 13:47,二线,余额,无,0,158.76,9445,42,1,25-34
1833296,653275,麻婆豆腐,300g,27.38,6,164.28,2024/5/15 23:34,新一线,云闪付,会员折扣,41,123.28,68,38,0,25-34
1833296,653275,麻婆豆腐,300g,34.08,4,136.32,2024/5/15 23:34,三线,云闪付,平台券,25,111.32,68,38,0,35-44
2708383,842464,糖醋里脊,500g,27.74,3,83.22,2024/3/7 12:05,新一线,银行卡,满减,1,82.22,7985,39,0,55+
5580557,863577,麻婆豆腐,800g,38.11,6,228.66,2024/8/3 0:12,新一线,支付宝,平台券,22,206.66,23,31,1,25-34
5580557,863577,麻婆豆腐,800g,19.5,1,19.5,2024/8/3 0:12,三线,支付宝,满减,19,0.5,23,31,1,18-24
1833296,653275,麻婆豆腐,300g,29.51,1,29.51,2024/5/15 23:34,新一线,云闪付,会员折扣,29,0.51,68,38,0,45-54
5366688,975283,回锅肉,500g,34.03,8,272.24,2024/4/9 13:40,新一线,余额,会员折扣,3,269.24,8759,34,0,25-34
5580557,863577,麻婆豆腐,800g,35.36,2,70.72,2024/8/3 0:12,新一线,支付宝,无,0,70.72,23,31,1,18-24
4267157,915116,糖醋里脊,1000g,20.18,6,121.08,2024/2/17 16:16,新一线,微信,无,0,121.08,72,48,0,18-24
4262813,512571,蒜蓉西兰花,200g,28.9,3,86.7,2024/10/21 17:18,二线,余额,会员折扣,4,82.7,7085,44,1,25-34
8392210,189676,糖醋里脊,1000g,11.83,1,11.83,2024/6/28 12:29,二线,银行卡,平台券,1,10.83,9802,15,0,25-34
9042869,723361,番茄炒蛋,500g,30.66,0,0,2024/6/10 7:38,新一线,云闪付,会员折扣,0,0,48,39,1,45-54
7063445,495794,糖醋里脊,800g,42.1,5,210.5,2024/12/12 3:20,三线,银行卡,平台券,80,130.5,64,45,1,45-54
4262813,512571,蒜蓉西兰花,200g,30.51,6,183.06,2024/10/21 17:18,新一线,余额,秒杀,6,177.06,7085,44,1,18-24
5366688,975283,回锅肉,500g,13.48,2,26.96,2024/4/9 13:40,二线,余额,无,0,26.96,8759,34,0,18-24
2472899,860150,麻婆豆腐,300g,14.55,10,145.5,2024/10/22 1:50,二线,微信,平台券,0,145.5,8987,30,0,18-24
8499130,225865,宫保鸡丁,800g,23.81,1,23.81,2024/6/27 13:47,一线,余额,秒杀,7,16.81,9445,42,1,18-24
3934110,335740,蒜蓉西兰花,200g,30.3,2,60.6,2024/1/31 9:01,二线,支付宝,无,0,60.6,9165,37,1,18-24
2708383,842464,糖醋里脊,500g,49.71,9,447.39,2024/3/7 12:05,三线,银行卡,店铺券,7,440.39,7985,39,0,45-54
8392210,189676,糖醋里脊,1000g,26.44,0,0,2024/6/28 12:29,二线,银行卡,会员折扣,0,0,9802,15,0,25-34
5580557,863577,麻婆豆腐,800g,46.3,3,138.9,2024/8/3 0:12,一线,支付宝,无,0,138.9,23,31,1,45-54
4267157,915116,糖醋里脊,1000g,42.95,2,85.9,2024/2/17 16:16,三线,微信,满减,9,76.9,72,48,1,18-24
5366688,975283,回锅肉,500g,48.2,2,96.4,2024/4/9 13:40,二线,余额,会员折扣,8,88.4,8759,34,0,25-34
1833296,653275,麻婆豆腐,300g,42.85,8,342.8,2024/5/15 23:34,一线,云闪付,店铺券,60,282.8,68,38,0,25-34
3934110,335740,蒜蓉西兰花,200g,37.46,1,37.46,2024/1/31 9:01,三线,支付宝,会员折扣,14,23.46,9165,37,1,25-34
3018512,262818,宫保鸡丁,500g,24.76,3,74.28,2024/2/6 15:53,新一线,云闪付,无,0,74.28,8,31,1,25-34
7521161,143336,糖醋里脊,300g,12.84,1,12.84,2024/7/17 21:52,三线,支付宝,会员折扣,1,11.84,5468,39,1,18-24
2023374,524398,鱼香肉丝,800g,36.74,4,146.96,2024/2/6 19:28,新一线,支付宝,会员折扣,12,134.96,2546,32,1,18-24
9612959,363302,宫保鸡丁,800g,33.75,9,303.75,2024/4/28 14:32,新一线,云闪付,秒杀,0,303.75,4925,47,1,18-24
5418578,328553,蒜蓉西兰花,200g,46.53,10,465.3,2024/11/29 20:10,一线,银行卡,会员折扣,24,441.3,7089,38,1,45-54
7521161,143336,糖醋里脊,300g,14.82,6,88.92,2024/7/17 21:52,三线,支付宝,店铺券,1,87.92,5468,39,1,18-24
5739516,604672,回锅肉,500g,26.88,2,53.76,2024/9/16 5:55,新一线,余额,店铺券,15,38.76,14,35,1,45-54
8729079,888701,番茄炒蛋,600g,33.09,3,99.27,2024/10/27 11:41,新一线,余额,会员折扣,4,95.27,1751,34,1,18-24
7756429,148875,麻婆豆腐,500g,39.17,4,156.68,2024/7/5 18:26,二线,支付宝,秒杀,7,149.68,6295,49,1,45-54
7257526,361467,糖醋里脊,800g,41.56,4,166.24,2024/2/16 1:13,新一线,支付宝,店铺券,6,160.24,3727,38,1,18-24
1335153,552672,鱼香肉丝,200g,44.3,10,443,2024/9/23 21:04,一线,银行卡,秒杀,15,428,1310,36,1,25-34
4605518,940890,蒜蓉西兰花,1000g,46.67,5,233.35,2024/2/24 9:52,新一线,银行卡,满减,9,224.35,5662,10,0,18-24
3997493,700797,麻婆豆腐,200g,27.24,6,163.44,2024/7/21 5:08,二线,银行卡,会员折扣,8,155.44,8583,37,1,18-24
7756429,148875,麻婆豆腐,500g,24.85,4,99.4,2024/7/5 18:26,新一线,支付宝,秒杀,4,95.4,6295,49,0,25-34
1427786,341431,凉拌黄瓜,600g,37.54,10,375.4,2024/6/4 9:13,一线,支付宝,店铺券,6,369.4,5323,24,0,18-24
3817825,989867,麻婆豆腐,400g,24.98,4,99.92,2024/6/27 8:09,一线,支付宝,秒杀,24,75.92,61,47,1,18-24
3817825,989867,麻婆豆腐,400g,27.22,5,136.1,2024/6/27 8:09,一线,支付宝,无,0,136.1,61,47,0,45-54
1821082,700703,清蒸鲈鱼,500g,37.08,4,148.32,2024/6/9 10:27,三线,余额,会员折扣,7,141.32,2897,43,1,18-24
1821082,700703,清蒸鲈鱼,500g,24.58,1,24.58,2024/6/9 10:27,三线,余额,店铺券,0,24.58,2897,43,1,25-34
3920052,340990,螺蛳粉,200g,29.42,10,294.2,2024/2/11 8:10,一线,支付宝,会员折扣,3,291.2,4542,41,1,25-34
8468750,893622,糖醋里脊,200g,22.56,4,90.24,2024/10/20 6:45,二线,支付宝,满减,1,89.24,6017,43,1,25-34
5839094,739586,回锅肉,1000g,45.54,9,409.86,2024/4/2 17:41,二线,云闪付,满减,12,397.86,5548,44,1,25-34
4729245,924335,回锅肉,300g,43.07,8,344.56,2024/5/7 1:21,新一线,云闪付,满减,0,344.56,3808,37,0,25-34
4957142,386274,番茄炒蛋,500g,21.54,7,150.78,2024/2/11 23:27,新一线,支付宝,满减,2,148.78,3392,43,1,18-24
5839094,739586,回锅肉,1000g,16.17,9,145.53,2024/4/2 17:41,三线,云闪付,店铺券,2,143.53,5548,44,1,18-24
8865299,930437,凉拌黄瓜,600g,31.67,9,285.03,2024/4/25 14:03,三线,银行卡,秒杀,12,273.03,4693,34,0,35-44
7787136,381569,螺蛳粉,200g,27.62,10,276.2,2024/3/30 7:16,新一线,余额,平台券,1,275.2,1943,14,0,35-44
8468750,893622,糖醋里脊,200g,22.09,6,132.54,2024/10/20 6:45,一线,支付宝,会员折扣,0,132.54,6017,43,1,18-24
8468750,893622,糖醋里脊,200g,20.37,1,20.37,2024/10/20 6:45,新一线,支付宝,无,0,20.37,6017,43,0,18-24
4729245,924335,回锅肉,300g,23.7,5,118.5,2024/5/7 1:21,新一线,云闪付,满减,1,117.5,3808,37,0,25-34
8468750,893622,糖醋里脊,200g,48.66,0,0,2024/10/20 6:45,三线,支付宝,会员折扣,0,0,6017,43,1,25-34
8865299,930437,凉拌黄瓜,600g,26.07,4,104.28,2024/4/25 14:03,一线,银行卡,无,0,104.28,4693,34,0,18-24
5839094,739586,回锅肉,1000g,34.83,10,348.3,2024/4/2 17:41,一线,云闪付,店铺券,4,344.3,5548,44,1,18-24
8468750,893622,糖醋里脊,200g,25.81,2,51.62,2024/10/20 6:45,三线,支付宝,店铺券,1,50.62,6017,43,0,18-24
2472899,860150,麻婆豆腐,300g,41.77,2,83.54,2024/10/22 1:50,三线,微信,满减,1,82.54,8987,30,0,55+
7521161,143336,糖醋里脊,300g,21.03,6,126.18,2024/7/17 21:52,二线,支付宝,店铺券,3,123.18,5468,39,1,45-54
5580557,863577,麻婆豆腐,800g,44.54,5,222.7,2024/8/3 0:12,三线,支付宝,满减,5,217.7,23,31,1,45-54
8392210,189676,糖醋里脊,1000g,25.01,9,225.09,2024/6/28 12:29,新一线,银行卡,会员折扣,4,221.09,9802,15,0,35-44
1441459,844542,宫保鸡丁,300g,21.43,5,107.15,2024/3/3 17:29,三线,支付宝,会员折扣,34,73.15,20,48,0,45-54
3355177,683283,凉拌黄瓜,400g,18.13,0,0,2024/11/19 20:23,一线,云闪付,会员折扣,0,0,12,33,0,18-24
7257526,361467,糖醋里脊,800g,48.24,8,385.92,2024/2/16 1:13,二线,支付宝,会员折扣,6,379.92,3727,38,1,18-24
2176558,462902,螺蛳粉,200g,18.02,8,144.16,2024/4/26 1:00,新一线,云闪付,平台券,7,137.16,72,36,0,35-44
8468750,893622,糖醋里脊,200g,14.37,9,129.33,2024/10/20 6:45,三线,支付宝,会员折扣,3,126.33,6017,43,1,55+
3817825,989867,麻婆豆腐,400g,37.7,7,263.9,2024/6/27 8:09,新一线,支付宝,会员折扣,3,260.9,61,47,1,45-54
2664091,511301,糖醋里脊,400g,24.35,8,194.8,2024/11/17 23:38,新一线,微信,满减,2,192.8,1022,46,1,18-24
1441459,844542,宫保鸡丁,300g,10.35,8,82.8,2024/3/3 17:29,新一线,支付宝,满减,13,69.8,20,48,1,18-24
2472899,860150,麻婆豆腐,300g,39.51,2,79.02,2024/10/22 1:50,新一线,微信,会员折扣,1,78.02,8987,30,0,35-44
4957142,386274,番茄炒蛋,500g,40.76,9,366.84,2024/2/11 23:27,新一线,支付宝,会员折扣,1,365.84,3392,43,1,18-24
2708383,842464,糖醋里脊,500g,43.84,0,0,2024/3/7 12:05,新一线,银行卡,无,0,0,7985,39,0,18-24
3997493,700797,麻婆豆腐,200g,42.33,5,211.65,2024/7/21 5:08,二线,银行卡,满减,7,204.65,8583,37,1,18-24
7756429,148875,麻婆豆腐,500g,48.2,8,385.6,2024/7/5 18:26,一线,支付宝,满减,5,380.6,6295,49,1,18-24
2708383,842464,糖醋里脊,500g,30.9,5,154.5,2024/3/7 12:05,一线,银行卡,平台券,4,150.5,7985,39,0,25-34
4267157,915116,糖醋里脊,1000g,21.98,1,21.98,2024/2/17 16:16,一线,微信,无,0,21.98,72,48,1,25-34
8468750,893622,糖醋里脊,200g,38.28,10,382.8,2024/10/20 6:45,新一线,支付宝,无,0,382.8,6017,43,0,18-24
3101763,112860,凉拌黄瓜,200g,12.01,1,12.01,2024/2/19 10:33,三线,微信,满减,5,7.01,5738,34,0,25-34
9800021,771824,宫保鸡丁,1000g,26.2,7,183.4,2024/7/30 15:50,新一线,云闪付,店铺券,10,173.4,8261,33,0,25-34
6333549,653221,番茄炒蛋,800g,35.62,6,213.72,2024/4/29 15:28,二线,云闪付,会员折扣,5,208.72,5231,47,1,25-34
3241204,159986,凉拌黄瓜,300g,49.16,8,393.28,2024/8/22 21:41,二线,银行卡,无,0,393.28,30,10,0,18-24
7658804,221911,清蒸鲈鱼,800g,24.31,7,170.17,2024/1/30 11:57,新一线,支付宝,会员折扣,19,151.17,37,38,1,18-24
8395139,389597,清蒸鲈鱼,400g,30.12,0,0,2024/8/6 19:38,新一线,支付宝,会员折扣,0,0,8057,48,1,18-24
2694568,724215,宫保鸡丁,200g,27.97,4,111.88,2024/8/16 18:47,二线,支付宝,满减,5,106.88,1037,50,1,35-44
8719655,725205,凉拌黄瓜,400g,33.43,2,66.86,2024/10/20 19:45,二线,支付宝,会员折扣,1,65.86,1982,31,0,45-54
6068909,687574,螺蛳粉,800g,34.99,0,0,2024/10/24 8:46,二线,支付宝,会员折扣,0,0,4032,41,1,45-54
5983639,870936,番茄炒蛋,200g,15.72,4,62.88,2024/4/26 11:13,二线,银行卡,无,0,62.88,2115,33,1,18-24
8719655,725205,凉拌黄瓜,400g,35.18,8,281.44,2024/10/20 19:45,二线,支付宝,满减,2,279.44,1982,31,0,45-54
7658804,221911,清蒸鲈鱼,800g,38.28,0,0,2024/1/30 11:57,新一线,支付宝,秒杀,0,0,37,38,1,18-24
7658804,221911,清蒸鲈鱼,800g,39.64,3,118.92,2024/1/30 11:57,三线,支付宝,店铺券,22,96.92,37,38,1,35-44
1484497,633000,麻婆豆腐,600g,14.08,2,28.16,2024/3/3 15:48,三线,余额,无,0,28.16,22,32,1,45-54
2732469,866284,凉拌黄瓜,500g,24.41,6,146.46,2024/11/26 21:50,一线,微信,无,0,146.46,8090,43,1,25-34
6763346,340011,宫保鸡丁,200g,20.82,5,104.1,2024/11/22 9:24,新一线,银行卡,无,0,104.1,1437,50,1,18-24
7781688,622512,凉拌黄瓜,600g,43.71,7,305.97,2024/1/19 6:00,二线,云闪付,无,0,305.97,6757,36,1,35-44
2796686,122117,蒜蓉西兰花,200g,45.67,9,411.03,2024/11/25 23:02,三线,支付宝,无,0,411.03,5606,30,0,25-34
8802113,330702,鱼香肉丝,1000g,46.4,3,139.2,2024/7/31 19:37,一线,微信,平台券,4,135.2,9869,30,1,35-44
6721896,463506,回锅肉,500g,25.09,3,75.27,2024/1/24 23:41,三线,支付宝,无,0,75.27,3060,43,1,35-44
4546194,303697,宫保鸡丁,1000g,48.56,9,437.04,2024/9/3 19:39,新一线,微信,满减,5,432.04,9000,31,1,35-44
8395139,389597,清蒸鲈鱼,400g,38.15,5,190.75,2024/8/6 19:38,一线,支付宝,平台券,0,190.75,8057,48,1,45-54
2267391,356251,凉拌黄瓜,1000g,10.17,4,40.68,2024/6/21 9:59,二线,云闪付,店铺券,1,39.68,79,13,0,18-24
7642606,933110,螺蛳粉,500g,36.66,6,219.96,2024/4/7 3:46,二线,支付宝,满减,8,211.96,6,35,0,35-44
3945623,141878,糖醋里脊,1000g,38.1,3,114.3,2024/11/12 22:49,新一线,支付宝,会员折扣,11,103.3,2249,43,1,25-34
4546194,303697,宫保鸡丁,1000g,35.77,6,214.62,2024/9/3 19:39,新一线,微信,满减,14,200.62,9000,31,1,18-24
6068909,687574,螺蛳粉,800g,24.4,3,73.2,2024/10/24 8:46,新一线,支付宝,会员折扣,6,67.2,4032,41,1,18-24
8802113,330702,鱼香肉丝,1000g,24.79,3,74.37,2024/7/31 19:37,一线,微信,会员折扣,3,71.37,9869,30,1,25-34
2422287,406844,蒜蓉西兰花,200g,12.09,7,84.63,2024/10/6 18:40,新一线,云闪付,平台券,3,81.63,5962,34,0,25-34
6763346,340011,宫保鸡丁,200g,18.48,2,36.96,2024/11/22 9:24,三线,银行卡,平台券,2,34.96,1437,50,0,45-54
3945623,141878,糖醋里脊,1000g,37.11,9,333.99,2024/11/12 22:49,一线,支付宝,满减,10,323.99,2249,43,1,35-44
2194394,528825,麻婆豆腐,200g,39.54,3,118.62,2024/12/26 8:12,一线,云闪付,无,0,118.62,2772,39,0,18-24
4546194,303697,宫保鸡丁,1000g,35.79,0,0,2024/9/3 19:39,三线,微信,满减,0,0,9000,31,1,18-24
6138191,378149,回锅肉,300g,24.71,10,247.1,2024/4/6 17:20,三线,云闪付,满减,3,244.1,4789,34,1,35-44
1484012,504180,蒜蓉西兰花,500g,14.46,10,144.6,2024/8/30 6:01,一线,支付宝,无,0,144.6,1547,39,1,18-24
2732469,866284,凉拌黄瓜,500g,30.63,8,245.04,2024/11/26 21:50,新一线,微信,无,0,245.04,8090,43,1,18-24
6333549,653221,番茄炒蛋,800g,43.42,0,0,2024/4/29 15:28,一线,云闪付,会员折扣,0,0,5231,47,1,25-34
8719655,725205,凉拌黄瓜,400g,10.59,0,0,2024/10/20 19:45,二线,支付宝,店铺券,0,0,1982,31,0,55+
9390446,237962,凉拌黄瓜,200g,25.16,5,125.8,2024/6/6 11:49,二线,余额,无,0,125.8,5853,30,1,35-44
7642606,933110,螺蛳粉,500g,29.71,10,297.1,2024/4/7 3:46,新一线,支付宝,无,0,297.1,6,35,0,25-34
7781688,622512,凉拌黄瓜,600g,31.24,8,249.92,2024/1/19 6:00,新一线,云闪付,会员折扣,11,238.92,6757,36,1,25-34
5428063,945416,番茄炒蛋,800g,30.76,9,276.84,2024/3/18 17:20,三线,云闪付,平台券,11,265.84,6843,32,0,18-24
8719655,725205,凉拌黄瓜,400g,22.47,2,44.94,2024/10/20 19:45,三线,支付宝,满减,4,40.94,1982,31,0,18-24
7642606,933110,螺蛳粉,500g,40.96,10,409.6,2024/4/7 3:46,新一线,支付宝,满减,38,371.6,6,35,0,45-54
2556959,913409,回锅肉,1000g,15.02,0,0,2024/11/9 9:03,一线,云闪付,满减,0,0,4016,45,1,25-34
5196965,644802,回锅肉,800g,10.68,10,106.8,2024/9/1 9:38,新一线,银行卡,满减,5,101.8,1235,37,0,35-44
2732469,866284,凉拌黄瓜,500g,10.7,2,21.4,2024/11/26 21:50,新一线,微信,会员折扣,1,20.4,8090,43,1,18-24
2694568,724215,宫保鸡丁,200g,30.72,4,122.88,2024/8/16 18:47,一线,支付宝,秒杀,1,121.88,1037,50,1,25-34
8395139,389597,清蒸鲈鱼,400g,10.05,0,0,2024/8/6 19:38,新一线,支付宝,平台券,0,0,8057,48,1,18-24
3351509,288913,宫保鸡丁,300g,21.99,4,87.96,2024/1/16 13:22,新一线,余额,平台券,3,84.96,64,43,1,25-34
7658804,221911,清蒸鲈鱼,800g,35.86,9,322.74,2024/1/30 11:57,新一线,支付宝,满减,5,317.74,37,38,1,45-54
1323681,153464,蒜蓉西兰花,300g,43.88,3,131.64,2024/1/1 17:12,一线,微信,无,0,131.64,3990,35,0,18-24
8719655,725205,凉拌黄瓜,400g,10.94,5,54.7,2024/10/20 19:45,一线,支付宝,会员折扣,0,54.7,1982,31,0,18-24
1577578,836209,清蒸鲈鱼,500g,25.92,1,25.92,2024/9/20 0:08,三线,银行卡,平台券,25,0.92,25,43,1,18-24
3599854,502768,回锅肉,800g,12.63,0,0,2024/12/25 13:30,新一线,云闪付,会员折扣,0,0,4543,17,0,25-34
5604591,704665,蒜蓉西兰花,600g,19.86,8,158.88,2024/7/11 11:05,三线,银行卡,店铺券,2,156.88,9441,22,0,18-24
2556959,913409,回锅肉,1000g,29.36,3,88.08,2024/11/9 9:03,一线,云闪付,满减,5,83.08,4016,45,1,45-54
6557360,632060,番茄炒蛋,600g,49.65,8,397.2,2024/6/19 1:54,二线,余额,满减,2,395.2,5119,33,1,18-24
6557360,632060,番茄炒蛋,600g,48.51,4,194.04,2024/6/19 1:54,新一线,余额,店铺券,9,185.04,5119,33,0,35-44
9139724,341245,番茄炒蛋,800g,19.02,5,95.1,2024/11/30 5:28,一线,银行卡,店铺券,20,75.1,84,38,0,45-54
9904982,467947,糖醋里脊,800g,17.83,6,106.98,2024/11/16 7:44,新一线,微信,平台券,2,104.98,4608,31,0,45-54
2500529,693546,宫保鸡丁,600g,33.13,9,298.17,2024/4/19 4:39,一线,云闪付,会员折扣,2,296.17,6375,37,1,18-24
2500529,693546,宫保鸡丁,600g,46.7,10,467,2024/4/19 4:39,新一线,云闪付,会员折扣,18,449,6375,37,0,45-54
9139724,341245,番茄炒蛋,800g,15.89,4,63.56,2024/11/30 5:28,新一线,银行卡,店铺券,4,59.56,84,38,0,25-34
5718806,770377,鱼香肉丝,800g,35.24,1,35.24,2024/9/22 0:36,新一线,云闪付,满减,3,32.24,2590,41,0,25-34
6479808,529467,蒜蓉西兰花,400g,19.68,1,19.68,2024/3/19 3:27,新一线,微信,无,0,19.68,36,49,1,45-54
9572031,591402,凉拌黄瓜,1000g,30.02,7,210.14,2024/11/8 10:22,一线,云闪付,会员折扣,5,205.14,7642,31,1,25-34
9904982,467947,糖醋里脊,800g,43.75,1,43.75,2024/11/16 7:44,新一线,微信,平台券,8,35.75,4608,31,0,55+
8315588,628971,宫保鸡丁,800g,48.43,4,193.72,2024/1/9 18:16,新一线,云闪付,无,0,193.72,80,42,0,18-24
1630096,883383,凉拌黄瓜,400g,20.38,8,163.04,2024/7/30 6:42,三线,微信,秒杀,12,151.04,3938,37,1,55+
1458076,916710,螺蛳粉,300g,27.48,8,219.84,2024/9/14 3:18,三线,余额,会员折扣,2,217.84,2935,48,1,18-24
1927922,440304,番茄炒蛋,800g,34.89,4,139.56,2024/5/8 3:31,二线,支付宝,会员折扣,10,129.56,4971,38,0,25-34
1916423,897518,糖醋里脊,400g,30.86,0,0,2024/11/30 9:23,三线,支付宝,满减,0,0,6714,46,1,45-54
6711586,842885,糖醋里脊,800g,49.09,0,0,2024/1/20 9:02,二线,支付宝,会员折扣,0,0,5163,50,1,25-34
6188239,760984,螺蛳粉,800g,36.66,5,183.3,2024/5/10 21:06,二线,余额,会员折扣,2,181.3,4716,39,1,18-24
8675755,928744,糖醋里脊,300g,24.28,0,0,2024/7/23 16:36,一线,支付宝,满减,0,0,3290,32,0,18-24
8675755,928744,糖醋里脊,300g,47.05,9,423.45,2024/7/23 16:36,一线,支付宝,店铺券,4,419.45,3290,32,0,45-54
4101152,923539,鱼香肉丝,1000g,35.37,4,141.48,2024/10/19 9:24,二线,余额,秒杀,2,139.48,3942,32,1,25-34
8675755,928744,糖醋里脊,300g,43.92,8,351.36,2024/7/23 16:36,新一线,支付宝,平台券,5,346.36,3290,32,1,18-24
1231427,300877,麻婆豆腐,1000g,41.5,5,207.5,2024/5/25 11:26,二线,支付宝,满减,78,129.5,7,34,0,35-44
1231427,300877,麻婆豆腐,1000g,20.04,7,140.28,2024/5/25 11:26,新一线,支付宝,会员折扣,35,105.28,7,34,1,18-24
6188239,760984,螺蛳粉,800g,24.34,4,97.36,2024/5/10 21:06,新一线,余额,会员折扣,3,94.36,4716,39,1,18-24
1231427,300877,麻婆豆腐,1000g,46.73,8,373.84,2024/5/25 11:26,新一线,支付宝,秒杀,49,324.84,7,34,1,18-24
5165072,129317,螺蛳粉,400g,41.21,10,412.1,2024/1/20 4:13,一线,云闪付,店铺券,8,404.1,6743,45,1,25-34
9142442,279215,螺蛳粉,400g,29.9,4,119.6,2024/7/3 16:58,二线,云闪付,平台券,34,85.6,51,33,0,55+
1302251,200401,番茄炒蛋,300g,18.19,2,36.38,2024/10/23 7:10,新一线,云闪付,无,0,36.38,2885,40,1,25-34
6775390,493808,回锅肉,1000g,44.2,7,309.4,2024/4/20 14:27,新一线,银行卡,无,0,309.4,3945,32,0,25-34
9202929,965749,番茄炒蛋,400g,18.28,7,127.96,2024/3/17 2:25,新一线,支付宝,会员折扣,2,125.96,2561,38,0,45-54
4791073,935046,回锅肉,500g,30.28,4,121.12,2024/3/25 3:31,新一线,余额,平台券,2,119.12,5475,30,1,45-54
9202929,965749,番茄炒蛋,400g,10,7,70,2024/3/17 2:25,新一线,支付宝,无,0,70,2561,38,1,45-54
9202929,965749,番茄炒蛋,400g,26.66,5,133.3,2024/3/17 2:25,新一线,支付宝,满减,5,128.3,2561,38,0,25-34
5308450,323713,鱼香肉丝,1000g,39.17,5,195.85,2024/4/15 16:08,三线,云闪付,满减,8,187.85,7792,48,0,18-24
9149380,142544,糖醋里脊,1000g,18.97,2,37.94,2024/7/6 11:48,三线,余额,无,0,37.94,1789,41,1,18-24
1065809,826874,螺蛳粉,1000g,17.26,3,51.78,2024/10/4 2:59,一线,支付宝,秒杀,32,19.78,90,35,0,18-24
6975283,769751,凉拌黄瓜,1000g,25.73,4,102.92,2024/6/13 22:32,新一线,余额,满减,4,98.92,2680,37,1,45-54
1739382,870125,麻婆豆腐,400g,31.78,3,95.34,2024/3/29 18:26,新一线,银行卡,会员折扣,4,91.34,7548,38,0,18-24
7208151,686493,清蒸鲈鱼,400g,30.55,8,244.4,2024/8/24 22:40,一线,支付宝,会员折扣,3,241.4,1872,32,1,25-34
2449298,876014,糖醋里脊,1000g,37.89,7,265.23,2024/7/22 5:36,三线,余额,满减,13,252.23,8170,48,1,25-34
7208151,686493,清蒸鲈鱼,400g,46.84,2,93.68,2024/8/24 22:40,三线,支付宝,满减,4,89.68,1872,32,1,18-24
7208151,686493,清蒸鲈鱼,400g,49.14,1,49.14,2024/8/24 22:40,一线,支付宝,无,0,49.14,1872,32,0,55+
5359051,571190,回锅肉,1000g,16.52,5,82.6,2024/9/12 22:37,新一线,支付宝,无,0,82.6,1501,41,1,35-44
5359051,571190,回锅肉,1000g,48.81,1,48.81,2024/9/12 22:37,三线,支付宝,满减,21,27.81,1501,41,1,25-34
5359051,571190,回锅肉,1000g,19.4,2,38.8,2024/9/12 22:37,一线,支付宝,会员折扣,6,32.8,1501,41,1,45-54
9202929,965749,番茄炒蛋,400g,44.61,8,356.88,2024/3/17 2:25,新一线,支付宝,无,0,356.88,2561,38,1,25-34
9904982,467947,糖醋里脊,800g,41.87,4,167.48,2024/11/16 7:44,三线,微信,秒杀,0,167.48,4608,31,0,35-44
6975283,769751,凉拌黄瓜,1000g,20.02,3,60.06,2024/6/13 22:32,三线,余额,无,0,60.06,2680,37,1,45-54
5308450,323713,鱼香肉丝,1000g,21.51,5,107.55,2024/4/15 16:08,新一线,云闪付,平台券,3,104.55,7792,48,0,35-44
9142442,279215,螺蛳粉,400g,39.31,10,393.1,2024/7/3 16:58,新一线,云闪付,满减,60,333.1,51,33,0,35-44
9139724,341245,番茄炒蛋,800g,24.96,10,249.6,2024/11/30 5:28,新一线,银行卡,满减,0,249.6,84,38,0,18-24
1630096,883383,凉拌黄瓜,400g,35.67,0,0,2024/7/30 6:42,一线,微信,秒杀,0,0,3938,37,1,25-34
6711586,842885,糖醋里脊,800g,12.7,2,25.4,2024/1/20 9:02,三线,支付宝,会员折扣,5,20.4,5163,50,1,18-24
5066026,983171,麻婆豆腐,1000g,18.21,7,127.47,2024/5/9 23:13,三线,支付宝,会员折扣,10,117.47,6799,39,0,18-24
9739171,311742,螺蛳粉,500g,10.6,8,84.8,2024/9/15 15:09,一线,支付宝,秒杀,1,83.8,4528,50,1,35-44
4823643,900618,凉拌黄瓜,500g,47.87,6,287.22,2024/6/24 13:13,新一线,银行卡,秒杀,8,279.22,5955,31,0,35-44
9721678,506868,回锅肉,400g,14.24,0,0,2024/10/22 19:55,新一线,云闪付,满减,0,0,9911,36,1,25-34
6529510,905861,鱼香肉丝,500g,18.11,4,72.44,2024/5/25 10:50,新一线,支付宝,秒杀,4,68.44,6920,18,0,18-24
6638294,140735,宫保鸡丁,300g,10.62,0,0,2024/10/23 3:40,二线,支付宝,平台券,0,0,1260,32,1,55+
4154619,369785,螺蛳粉,300g,36.9,7,258.3,2024/2/16 0:39,三线,银行卡,平台券,22,236.3,4530,37,0,25-34
8059859,943401,清蒸鲈鱼,300g,39.94,8,319.52,2024/10/23 12:59,一线,支付宝,无,0,319.52,2640,47,1,35-44
4122911,821445,宫保鸡丁,500g,19.68,8,157.44,2024/10/26 4:55,二线,云闪付,店铺券,4,153.44,5305,39,1,18-24
7710213,793131,清蒸鲈鱼,400g,39.55,3,118.65,2024/10/21 23:28,新一线,支付宝,平台券,3,115.65,2800,39,0,25-34
9739171,311742,螺蛳粉,500g,10.55,5,52.75,2024/9/15 15:09,新一线,支付宝,满减,1,51.75,4528,50,1,35-44
6529510,905861,鱼香肉丝,500g,34.27,8,274.16,2024/5/25 10:50,一线,支付宝,秒杀,0,274.16,6920,18,0,45-54
4743796,280399,宫保鸡丁,200g,36.91,0,0,2024/6/25 8:01,二线,云闪付,会员折扣,0,0,14,42,0,35-44
7208151,686493,清蒸鲈鱼,400g,48.06,6,288.36,2024/8/24 22:40,三线,支付宝,无,0,288.36,1872,32,0,45-54
4154619,369785,螺蛳粉,300g,24.74,7,173.18,2024/2/16 0:39,新一线,银行卡,满减,11,162.18,4530,37,0,45-54
5580557,863577,麻婆豆腐,800g,36.66,3,109.98,2024/8/3 0:12,新一线,支付宝,满减,36,73.98,23,31,1,55+
1067736,923659,番茄炒蛋,300g,41.5,7,290.5,2024/1/24 9:09,新一线,支付宝,平台券,59,231.5,9,17,0,55+
3101763,112860,凉拌黄瓜,200g,12.56,9,113.04,2024/2/19 10:33,新一线,微信,会员折扣,1,112.04,5738,34,0,35-44
5580557,863577,麻婆豆腐,800g,21.7,4,86.8,2024/8/3 0:12,新一线,支付宝,会员折扣,5,81.8,23,31,1,25-34
9907254,954155,回锅肉,1000g,30.11,10,301.1,2024/2/9 15:42,新一线,余额,满减,1,300.1,6916,43,1,18-24
8468750,893622,糖醋里脊,200g,47.08,8,376.64,2024/10/20 6:45,三线,支付宝,店铺券,4,372.64,6017,43,1,45-54
2300660,532005,番茄炒蛋,400g,14.22,7,99.54,2024/10/23 15:41,一线,银行卡,会员折扣,1,98.54,3706,40,1,18-24
5418578,328553,蒜蓉西兰花,200g,26.39,0,0,2024/11/29 20:10,新一线,银行卡,满减,0,0,7089,38,1,45-54
9768747,730371,鱼香肉丝,400g,20.41,0,0,2024/7/14 8:20,三线,支付宝,无,0,0,9724,41,1,18-24
8392210,189676,糖醋里脊,1000g,12.82,2,25.64,2024/6/28 12:29,一线,银行卡,秒杀,1,24.64,9802,15,0,25-34
5359051,571190,回锅肉,1000g,36.57,6,219.42,2024/9/12 22:37,新一线,支付宝,满减,17,202.42,1501,41,1,18-24
2708383,842464,糖醋里脊,500g,21.57,2,43.14,2024/3/7 12:05,一线,银行卡,满减,0,43.14,7985,39,0,25-34
6333549,653221,番茄炒蛋,800g,46.55,6,279.3,2024/4/29 15:28,新一线,云闪付,无,0,279.3,5231,47,1,18-24
4331404,849244,清蒸鲈鱼,600g,48.11,9,432.99,2024/4/30 5:15,新一线,银行卡,秒杀,2,430.99,3214,30,1,35-44
3997493,700797,麻婆豆腐,200g,23.07,4,92.28,2024/7/21 5:08,新一线,银行卡,无,0,92.28,8583,37,1,45-54
6188239,760984,螺蛳粉,800g,45.05,6,270.3,2024/5/10 21:06,新一线,余额,秒杀,5,265.3,4716,39,1,45-54
8146892,247206,鱼香肉丝,1000g,14.1,6,84.6,2024/7/25 0:08,新一线,余额,无,0,84.6,7556,50,1,25-34
7834341,661024,鱼香肉丝,800g,37.08,3,111.24,2024/1/4 15:23,新一线,银行卡,满减,34,77.24,60,32,0,25-34
8072778,688835,凉拌黄瓜,1000g,36.95,3,110.85,2024/10/13 2:39,新一线,余额,秒杀,4,106.85,8327,42,1,18-24
5678004,697211,鱼香肉丝,800g,17.17,0,0,2024/7/28 5:46,三线,微信,无,0,0,87,40,1,18-24
1367106,162517,鱼香肉丝,200g,37.76,0,0,2024/3/19 20:40,三线,微信,店铺券,0,0,72,32,0,45-54
8468750,893622,糖醋里脊,200g,30.6,9,275.4,2024/10/20 6:45,三线,支付宝,会员折扣,3,272.4,6017,43,1,25-34
5461910,848050,蒜蓉西兰花,500g,13.34,2,26.68,2024/5/8 4:01,新一线,银行卡,满减,6,20.68,4971,48,0,18-24
9612959,363302,宫保鸡丁,800g,10.77,10,107.7,2024/4/28 14:32,新一线,云闪付,秒杀,2,105.7,4925,47,1,18-24
9800021,771824,宫保鸡丁,1000g,16.63,9,149.67,2024/7/30 15:50,新一线,云闪付,平台券,3,146.67,8261,33,0,45-54
5678004,697211,鱼香肉丝,800g,18.89,8,151.12,2024/7/28 5:46,一线,微信,平台券,7,144.12,87,40,1,45-54
2194394,528825,麻婆豆腐,200g,12.31,5,61.55,2024/12/26 8:12,三线,云闪付,平台券,0,61.55,2772,39,0,55+
8315588,628971,宫保鸡丁,800g,32.28,7,225.96,2024/1/9 18:16,二线,云闪付,无,0,225.96,80,42,0,18-24
4605518,940890,蒜蓉西兰花,1000g,30,6,180,2024/2/24 9:52,三线,银行卡,满减,4,176,5662,10,0,25-34
9390446,237962,凉拌黄瓜,200g,44.82,4,179.28,2024/6/6 11:49,三线,余额,无,0,179.28,5853,30,1,45-54
1067736,923659,番茄炒蛋,300g,35.26,4,141.04,2024/1/24 9:09,三线,支付宝,平台券,34,107.04,9,17,0,18-24
7787136,381569,螺蛳粉,200g,23.49,8,187.92,2024/3/30 7:16,新一线,余额,会员折扣,2,185.92,1943,14,0,45-54
1335153,552672,鱼香肉丝,200g,25.67,10,256.7,2024/9/23 21:04,一线,银行卡,满减,1,255.7,1310,36,1,45-54
7642606,933110,螺蛳粉,500g,45.83,1,45.83,2024/4/7 3:46,新一线,支付宝,无,0,45.83,6,35,0,25-34
3599854,502768,回锅肉,800g,26.77,6,160.62,2024/12/25 13:30,二线,云闪付,会员折扣,11,149.62,4543,17,0,45-54
1067736,923659,番茄炒蛋,300g,12.76,5,63.8,2024/1/24 9:09,新一线,支付宝,无,0,63.8,9,17,0,25-34
9739171,311742,螺蛳粉,500g,37.55,2,75.1,2024/9/15 15:09,新一线,支付宝,店铺券,6,69.1,4528,50,1,35-44
5983639,870936,番茄炒蛋,200g,20.13,8,161.04,2024/4/26 11:13,三线,银行卡,平台券,1,160.04,2115,33,1,18-24
8392210,189676,糖醋里脊,1000g,43.44,9,390.96,2024/6/28 12:29,三线,银行卡,会员折扣,6,384.96,9802,15,0,45-54
5580557,863577,麻婆豆腐,800g,42.86,10,428.6,2024/8/3 0:12,三线,支付宝,平台券,22,406.6,23,31,1,18-24
6588000,726466,凉拌黄瓜,1000g,43.73,8,349.84,2024/9/19 15:54,一线,微信,平台券,9,340.84,7981,31,0,18-24
2062201,646906,糖醋里脊,600g,23.35,3,70.05,2024/5/18 6:22,二线,余额,平台券,2,68.05,7214,32,1,18-24
8716988,309186,螺蛳粉,300g,13.03,6,78.18,2024/8/19 18:08,新一线,云闪付,无,0,78.18,84,41,1,18-24
2155623,750732,螺蛳粉,200g,31.67,9,285.03,2024/5/21 5:31,新一线,云闪付,会员折扣,0,285.03,3262,35,0,45-54
1739382,870125,麻婆豆腐,400g,24.9,7,174.3,2024/3/29 18:26,一线,银行卡,会员折扣,5,169.3,7548,38,0,55+
9202929,965749,番茄炒蛋,400g,24.78,0,0,2024/3/17 2:25,二线,支付宝,会员折扣,0,0,2561,38,0,25-34
2664091,511301,糖醋里脊,400g,18.71,7,130.97,2024/11/17 23:38,一线,微信,平台券,2,128.97,1022,46,1,25-34
1980842,146020,糖醋里脊,500g,10.21,10,102.1,2024/10/7 23:19,新一线,云闪付,店铺券,3,99.1,8014,34,0,18-24
9768747,730371,鱼香肉丝,400g,12.66,5,63.3,2024/7/14 8:20,新一线,支付宝,会员折扣,1,62.3,9724,41,1,45-54
8802113,330702,鱼香肉丝,1000g,33.35,10,333.5,2024/7/31 19:37,二线,微信,满减,6,327.5,9869,30,1,25-34
6721896,463506,回锅肉,500g,40.07,2,80.14,2024/1/24 23:41,三线,支付宝,无,0,80.14,3060,43,1,25-34
8719655,725205,凉拌黄瓜,400g,30.72,5,153.6,2024/10/20 19:45,三线,支付宝,无,0,153.6,1982,31,0,55+
9874539,158594,回锅肉,600g,34.82,9,313.38,2024/10/14 1:28,一线,微信,秒杀,4,309.38,9241,47,1,35-44
2796686,122117,蒜蓉西兰花,200g,40.35,6,242.1,2024/11/25 23:02,一线,支付宝,无,0,242.1,5606,30,0,25-34
1067736,923659,番茄炒蛋,300g,18.6,8,148.8,2024/1/24 9:09,三线,支付宝,满减,34,114.8,9,17,0,18-24
7521161,143336,糖醋里脊,300g,17.52,4,70.08,2024/7/17 21:52,二线,支付宝,会员折扣,0,70.08,5468,39,1,35-44
8072778,688835,凉拌黄瓜,1000g,47.56,4,190.24,2024/10/13 2:39,一线,余额,满减,9,181.24,8327,42,1,35-44
6557360,632060,番茄炒蛋,600g,37.79,2,75.58,2024/6/19 1:54,新一线,余额,秒杀,4,71.58,5119,33,0,35-44
4546194,303697,宫保鸡丁,1000g,33.81,7,236.67,2024/9/3 19:39,二线,微信,会员折扣,3,233.67,9000,31,1,25-34
5580557,863577,麻婆豆腐,800g,36.48,1,36.48,2024/8/3 0:12,新一线,支付宝,无,0,36.48,23,31,1,25-34
7521161,143336,糖醋里脊,300g,17.51,0,0,2024/7/17 21:52,新一线,支付宝,无,0,0,5468,39,1,45-54
5678004,697211,鱼香肉丝,800g,37.96,1,37.96,2024/7/28 5:46,一线,微信,无,0,37.96,87,40,1,45-54
2062201,646906,糖醋里脊,600g,24.73,7,173.11,2024/5/18 6:22,二线,余额,会员折扣,0,173.11,7214,32,0,35-44
5799471,354815,番茄炒蛋,300g,19.74,4,78.96,2024/7/28 1:27,三线,支付宝,无,0,78.96,8241,13,0,18-24
7710213,793131,清蒸鲈鱼,400g,22.92,4,91.68,2024/10/21 23:28,新一线,支付宝,秒杀,0,91.68,2800,39,0,35-44
8146892,247206,鱼香肉丝,1000g,45.92,0,0,2024/7/25 0:08,一线,余额,平台券,0,0,7556,50,1,35-44
7834341,661024,鱼香肉丝,800g,23.01,3,69.03,2024/1/4 15:23,二线,银行卡,无,0,69.03,60,32,0,25-34
1323681,153464,蒜蓉西兰花,300g,46.04,5,230.2,2024/1/1 17:12,三线,微信,无,0,230.2,3990,35,0,35-44
3920052,340990,螺蛳粉,200g,42.27,6,253.62,2024/2/11 8:10,新一线,支付宝,会员折扣,6,247.62,4542,41,1,25-34
1484497,633000,麻婆豆腐,600g,49.91,0,0,2024/3/3 15:48,一线,余额,会员折扣,0,0,22,32,1,45-54
2422287,406844,蒜蓉西兰花,200g,24.42,0,0,2024/10/6 18:40,新一线,云闪付,无,0,0,5962,34,0,18-24
9739171,311742,螺蛳粉,500g,22.51,9,202.59,2024/9/15 15:09,三线,支付宝,无,0,202.59,4528,50,1,45-54
5580557,863577,麻婆豆腐,800g,36.17,3,108.51,2024/8/3 0:12,新一线,支付宝,无,0,108.51,23,31,1,25-34
6188239,760984,螺蛳粉,800g,19.28,5,96.4,2024/5/10 21:06,三线,余额,店铺券,3,93.4,4716,39,1,18-24
1577578,836209,清蒸鲈鱼,500g,40.49,5,202.45,2024/9/20 0:08,新一线,银行卡,会员折扣,54,148.45,25,43,1,35-44
6138191,378149,回锅肉,300g,19.16,1,19.16,2024/4/6 17:20,二线,云闪付,无,0,19.16,4789,34,1,18-24
7823400,104168,蒜蓉西兰花,400g,33.87,2,67.74,2024/7/31 15:31,新一线,支付宝,满减,5,62.74,6088,44,0,45-54
8675755,928744,糖醋里脊,300g,35.98,0,0,2024/7/23 16:36,新一线,支付宝,会员折扣,0,0,3290,32,1,18-24
9721678,506868,回锅肉,400g,42.18,0,0,2024/10/22 19:55,新一线,云闪付,满减,0,0,9911,36,1,45-54
6975283,769751,凉拌黄瓜,1000g,38.6,0,0,2024/6/13 22:32,新一线,余额,满减,0,0,2680,37,1,25-34
8146892,247206,鱼香肉丝,1000g,12.13,2,24.26,2024/7/25 0:08,二线,余额,满减,1,23.26,7556,50,1,25-34
1067736,923659,番茄炒蛋,300g,47.67,6,286.02,2024/1/24 9:09,新一线,支付宝,平台券,40,246.02,9,17,0,25-34
1302251,200401,番茄炒蛋,300g,37.64,5,188.2,2024/10/23 7:10,一线,云闪付,无,0,188.2,2885,40,1,25-34
9139724,341245,番茄炒蛋,800g,35.95,2,71.9,2024/11/30 5:28,新一线,银行卡,会员折扣,18,53.9,84,38,0,45-54
9572031,591402,凉拌黄瓜,1000g,16.25,9,146.25,2024/11/8 10:22,新一线,云闪付,会员折扣,2,144.25,7642,31,1,18-24
5678004,697211,鱼香肉丝,800g,35.44,9,318.96,2024/7/28 5:46,新一线,微信,秒杀,18,300.96,87,40,1,18-24
2023374,524398,鱼香肉丝,800g,43.49,7,304.43,2024/2/6 19:28,三线,支付宝,会员折扣,4,300.43,2546,32,1,25-34
4791073,935046,回锅肉,500g,41.16,2,82.32,2024/3/25 3:31,二线,余额,满减,5,77.32,5475,30,1,18-24
5366688,975283,回锅肉,500g,37.99,7,265.93,2024/4/9 13:40,新一线,余额,会员折扣,3,262.93,8759,34,0,45-54
8146892,247206,鱼香肉丝,1000g,43.53,9,391.77,2024/7/25 0:08,一线,余额,无,0,391.77,7556,50,1,18-24
8395139,389597,清蒸鲈鱼,400g,26.08,2,52.16,2024/8/6 19:38,三线,支付宝,秒杀,5,47.16,8057,48,1,18-24
7658804,221911,清蒸鲈鱼,800g,16.15,0,0,2024/1/30 11:57,一线,支付宝,平台券,0,0,37,38,1,45-54
3422134,317470,宫保鸡丁,200g,32.9,3,98.7,2024/4/24 9:06,一线,支付宝,秒杀,0,98.7,3673,43,1,45-54
8468750,893622,糖醋里脊,200g,12.08,7,84.56,2024/10/20 6:45,新一线,支付宝,满减,2,82.56,6017,43,0,35-44
3945623,141878,糖醋里脊,1000g,39.5,5,197.5,2024/11/12 22:49,新一线,支付宝,秒杀,11,186.5,2249,43,1,35-44
3411915,942847,蒜蓉西兰花,200g,34.91,2,69.82,2024/1/30 7:54,二线,银行卡,秒杀,19,50.82,1541,25,1,18-24
8392210,189676,糖醋里脊,1000g,43.9,1,43.9,2024/6/28 12:29,新一线,银行卡,店铺券,3,40.9,9802,15,0,18-24
8468750,893622,糖醋里脊,200g,15.89,6,95.34,2024/10/20 6:45,一线,支付宝,满减,3,92.34,6017,43,1,35-44
8395139,389597,清蒸鲈鱼,400g,20.26,2,40.52,2024/8/6 19:38,三线,支付宝,满减,2,38.52,8057,48,1,35-44
9806988,934740,糖醋里脊,200g,24.21,4,96.84,2024/10/10 3:15,三线,支付宝,会员折扣,19,77.84,55,24,1,25-34
9202929,965749,番茄炒蛋,400g,36.96,2,73.92,2024/3/17 2:25,一线,支付宝,无,0,73.92,2561,38,1,55+
2634226,976013,蒜蓉西兰花,400g,12.5,8,100,2024/7/27 21:25,一线,余额,店铺券,6,94,77,45,1,35-44
9142442,279215,螺蛳粉,400g,13.29,3,39.87,2024/7/3 16:58,新一线,云闪付,店铺券,2,37.87,51,33,0,18-24
4743796,280399,宫保鸡丁,200g,44.49,8,355.92,2024/6/25 8:01,新一线,云闪付,秒杀,76,279.92,14,42,1,18-24
5839094,739586,回锅肉,1000g,43.6,0,0,2024/4/2 17:41,三线,云闪付,会员折扣,0,0,5548,44,1,25-34
3817825,989867,麻婆豆腐,400g,24.46,7,171.22,2024/6/27 8:09,三线,支付宝,满减,7,164.22,61,47,0,25-34
7541583,843324,麻婆豆腐,500g,33.17,10,331.7,2024/11/9 19:03,三线,云闪付,无,0,331.7,42,35,0,25-34
5743390,502150,番茄炒蛋,400g,35.79,3,107.37,2024/9/28 21:20,新一线,银行卡,无,0,107.37,2982,30,1,18-24
8900618,487072,蒜蓉西兰花,400g,24.89,2,49.78,2024/12/25 16:11,新一线,银行卡,店铺券,1,48.78,3097,38,1,18-24
4103305,400374,宫保鸡丁,1000g,21.15,2,42.3,2024/5/26 14:12,一线,支付宝,会员折扣,15,27.3,27,30,1,18-24
4729245,924335,回锅肉,300g,17.31,0,0,2024/5/7 1:21,一线,云闪付,会员折扣,0,0,3808,37,0,18-24
1231427,300877,麻婆豆腐,1000g,41.91,6,251.46,2024/5/25 11:26,三线,支付宝,会员折扣,11,240.46,7,34,1,25-34
5359051,571190,回锅肉,1000g,43.8,4,175.2,2024/9/12 22:37,一线,支付宝,会员折扣,11,164.2,1501,41,1,25-34
9907254,954155,回锅肉,1000g,41.84,10,418.4,2024/2/9 15:42,三线,余额,会员折扣,0,418.4,6916,43,1,25-34
5727783,587251,蒜蓉西兰花,500g,17,4,68,2024/10/11 2:55,新一线,支付宝,满减,0,68,3145,44,1,35-44
2472899,860150,麻婆豆腐,300g,24.05,0,0,2024/10/22 1:50,一线,微信,满减,0,0,8987,30,0,25-34
1299090,510369,番茄炒蛋,1000g,29.45,5,147.25,2024/12/24 17:27,二线,余额,无,0,147.25,48,48,1,18-24
4122911,821445,宫保鸡丁,500g,19.53,2,39.06,2024/10/26 4:55,二线,云闪付,秒杀,4,35.06,5305,39,1,25-34
2708383,842464,糖醋里脊,500g,28.72,6,172.32,2024/3/7 12:05,三线,银行卡,平台券,4,168.32,7985,39,0,45-54
1441459,844542,宫保鸡丁,300g,29.49,3,88.47,2024/3/3 17:29,三线,支付宝,会员折扣,42,46.47,20,48,1,25-34
6588000,726466,凉拌黄瓜,1000g,16.83,7,117.81,2024/9/19 15:54,新一线,微信,秒杀,4,113.81,7981,31,0,18-24
4103305,400374,宫保鸡丁,1000g,11.22,5,56.1,2024/5/26 14:12,一线,支付宝,秒杀,9,47.1,27,30,0,45-54
4806186,903302,鱼香肉丝,800g,34.61,1,34.61,2024/4/26 8:20,三线,银行卡,平台券,4,30.61,6367,47,1,18-24
9149380,142544,糖醋里脊,1000g,12.01,6,72.06,2024/7/6 11:48,新一线,余额,秒杀,3,69.06,1789,41,1,18-24
4932946,446253,糖醋里脊,200g,32.05,1,32.05,2024/10/10 8:54,一线,余额,秒杀,9,23.05,4018,32,0,45-54
2732469,866284,凉拌黄瓜,500g,43.57,5,217.85,2024/11/26 21:50,一线,微信,平台券,4,213.85,8090,43,1,18-24
8035671,529518,回锅肉,500g,27.96,5,139.8,2024/11/18 19:49,新一线,微信,会员折扣,10,129.8,7663,39,1,45-54
1067736,923659,番茄炒蛋,300g,14.46,4,57.84,2024/1/24 9:09,新一线,支付宝,无,0,57.84,9,17,0,25-34
9533759,823528,糖醋里脊,1000g,16.94,8,135.52,2024/8/1 8:10,一线,余额,满减,3,132.52,1379,38,0,35-44
5428063,945416,番茄炒蛋,800g,42.06,5,210.3,2024/3/18 17:20,一线,云闪付,平台券,11,199.3,6843,32,0,45-54
1821082,700703,清蒸鲈鱼,500g,10.77,0,0,2024/6/9 10:27,新一线,余额,会员折扣,0,0,2897,43,1,25-34
7257526,361467,糖醋里脊,800g,43.07,3,129.21,2024/2/16 1:13,新一线,支付宝,无,0,129.21,3727,38,1,45-54
7756429,148875,麻婆豆腐,500g,41.01,2,82.02,2024/7/5 18:26,新一线,支付宝,平台券,6,76.02,6295,49,1,18-24
7624132,167794,清蒸鲈鱼,1000g,47.33,3,141.99,2024/9/13 4:48,一线,支付宝,秒杀,2,139.99,4646,14,1,45-54
1189010,330135,麻婆豆腐,400g,34.46,10,344.6,2024/6/5 6:10,二线,余额,店铺券,20,324.6,4242,46,1,35-44
2472899,860150,麻婆豆腐,300g,34.91,5,174.55,2024/10/22 1:50,一线,微信,会员折扣,1,173.55,8987,30,0,25-34
4823643,900618,凉拌黄瓜,500g,23.6,10,236,2024/6/24 13:13,新一线,银行卡,会员折扣,3,233,5955,31,0,18-24
3997493,700797,麻婆豆腐,200g,23.74,5,118.7,2024/7/21 5:08,新一线,银行卡,会员折扣,7,111.7,8583,37,1,45-54
5196965,644802,回锅肉,800g,47.42,4,189.68,2024/9/1 9:38,二线,银行卡,秒杀,6,183.68,1235,37,0,25-34
6711586,842885,糖醋里脊,800g,33.81,8,270.48,2024/1/20 9:02,新一线,支付宝,满减,4,266.48,5163,50,1,25-34
8716988,309186,螺蛳粉,300g,30.06,6,180.36,2024/8/19 18:08,一线,云闪付,会员折扣,43,137.36,84,41,1,25-34
1630096,883383,凉拌黄瓜,400g,28.84,2,57.68,2024/7/30 6:42,三线,微信,会员折扣,3,54.68,3938,37,1,25-34
5799471,354815,番茄炒蛋,300g,40.05,10,400.5,2024/7/28 1:27,三线,支付宝,无,0,400.5,8241,13,0,55+
1821082,700703,清蒸鲈鱼,500g,42.7,8,341.6,2024/6/9 10:27,新一线,余额,满减,1,340.6,2897,43,1,35-44
5976746,528922,螺蛳粉,400g,36.54,3,109.62,2024/3/8 11:18,三线,余额,平台券,22,87.62,5200,45,1,35-44
5739516,604672,回锅肉,500g,22.56,6,135.36,2024/9/16 5:55,一线,余额,会员折扣,9,126.36,14,35,1,25-34
5308450,323713,鱼香肉丝,1000g,20.87,3,62.61,2024/4/15 16:08,二线,云闪付,满减,1,61.61,7792,48,0,18-24
4546194,303697,宫保鸡丁,1000g,14.8,7,103.6,2024/9/3 19:39,新一线,微信,会员折扣,0,103.6,9000,31,1,18-24
9781800,127106,鱼香肉丝,200g,33.84,0,0,2024/8/30 19:30,新一线,支付宝,满减,0,0,7079,33,1,18-24
5799471,354815,番茄炒蛋,300g,27.35,10,273.5,2024/7/28 1:27,三线,支付宝,会员折扣,10,263.5,8241,13,0,45-54
7624132,167794,清蒸鲈鱼,1000g,14.66,6,87.96,2024/9/13 4:48,新一线,支付宝,会员折扣,1,86.96,4646,14,0,25-34
2634226,976013,蒜蓉西兰花,400g,31.87,9,286.83,2024/7/27 21:25,新一线,余额,无,0,286.83,77,45,1,18-24
9533759,823528,糖醋里脊,1000g,23.76,9,213.84,2024/8/1 8:10,二线,余额,满减,7,206.84,1379,38,0,55+
1065809,826874,螺蛳粉,1000g,10.43,10,104.3,2024/10/4 2:59,三线,支付宝,满减,7,97.3,90,35,0,25-34
5976746,528922,螺蛳粉,400g,33.07,3,99.21,2024/3/8 11:18,新一线,余额,满减,14,85.21,5200,45,1,25-34
9904982,467947,糖醋里脊,800g,18.59,8,148.72,2024/11/16 7:44,新一线,微信,会员折扣,1,147.72,4608,31,0,45-54
1441459,844542,宫保鸡丁,300g,33.79,1,33.79,2024/3/3 17:29,三线,支付宝,会员折扣,33,0.79,20,48,1,25-34
5366688,975283,回锅肉,500g,49.34,0,0,2024/4/9 13:40,新一线,余额,秒杀,0,0,8759,34,0,18-24
2877035,774453,宫保鸡丁,800g,20.39,1,20.39,2024/12/26 23:56,三线,余额,无,0,20.39,2333,36,0,18-24
2116138,571795,清蒸鲈鱼,400g,48.79,5,243.95,2024/4/23 15:35,一线,银行卡,秒杀,12,231.95,20,46,1,25-34
9806988,934740,糖醋里脊,200g,12.01,9,108.09,2024/10/10 3:15,新一线,支付宝,满减,4,104.09,55,24,1,25-34
3062969,450592,蒜蓉西兰花,500g,28.32,5,141.6,2024/2/9 22:18,一线,微信,平台券,0,141.6,33,13,0,55+
3018512,262818,宫保鸡丁,500g,19.06,5,95.3,2024/2/6 15:53,新一线,云闪付,会员折扣,11,84.3,8,31,1,25-34
4743796,280399,宫保鸡丁,200g,20.11,1,20.11,2024/6/25 8:01,一线,云闪付,店铺券,20,0.11,14,42,1,25-34
5366688,975283,回锅肉,500g,42.83,7,299.81,2024/4/9 13:40,新一线,余额,秒杀,6,293.81,8759,34,0,18-24
5359051,571190,回锅肉,1000g,29.09,10,290.9,2024/9/12 22:37,新一线,支付宝,平台券,2,288.9,1501,41,1,45-54
2062201,646906,糖醋里脊,600g,18.36,10,183.6,2024/5/18 6:22,一线,余额,满减,2,181.6,7214,32,0,18-24
9288470,649968,回锅肉,600g,43.64,2,87.28,2024/10/21 0:52,新一线,银行卡,无,0,87.28,1402,30,1,18-24
2176558,462902,螺蛳粉,200g,31.26,5,156.3,2024/4/26 1:00,一线,云闪付,会员折扣,4,152.3,72,36,0,25-34
9042869,723361,番茄炒蛋,500g,11.31,5,56.55,2024/6/10 7:38,二线,云闪付,无,0,56.55,48,39,1,25-34
2195472,456098,蒜蓉西兰花,500g,14.65,10,146.5,2024/9/6 4:59,新一线,银行卡,会员折扣,5,141.5,6507,31,1,18-24
9742411,937477,糖醋里脊,800g,36.47,1,36.47,2024/10/10 13:10,三线,微信,满减,4,32.47,6237,40,1,18-24
4101152,923539,鱼香肉丝,1000g,32.03,9,288.27,2024/10/19 9:24,三线,余额,无,0,288.27,3942,32,1,25-34
9806988,934740,糖醋里脊,200g,26.13,7,182.91,2024/10/10 3:15,新一线,支付宝,会员折扣,14,168.91,55,24,1,55+
7834341,661024,鱼香肉丝,800g,24.94,6,149.64,2024/1/4 15:23,一线,银行卡,满减,14,135.64,60,32,1,25-34
9904982,467947,糖醋里脊,800g,24.2,3,72.6,2024/11/16 7:44,二线,微信,秒杀,3,69.6,4608,31,0,25-34
6775390,493808,回锅肉,1000g,37.03,1,37.03,2024/4/20 14:27,三线,银行卡,平台券,6,31.03,3945,32,0,45-54
2116138,571795,清蒸鲈鱼,400g,43.09,3,129.27,2024/4/23 15:35,新一线,银行卡,秒杀,76,53.27,20,46,1,35-44
1189010,330135,麻婆豆腐,400g,26.77,9,240.93,2024/6/5 6:10,一线,余额,会员折扣,1,239.93,4242,46,1,25-34
9742411,937477,糖醋里脊,800g,16.73,10,167.3,2024/10/10 13:10,二线,微信,会员折扣,3,164.3,6237,40,1,35-44
5604591,704665,蒜蓉西兰花,600g,45.17,4,180.68,2024/7/11 11:05,新一线,银行卡,秒杀,3,177.68,9441,22,0,45-54
5066026,983171,麻婆豆腐,1000g,30.1,7,210.7,2024/5/9 23:13,一线,支付宝,秒杀,9,201.7,6799,39,0,18-24
9276636,263575,凉拌黄瓜,200g,18.82,7,131.74,2024/1/22 3:38,新一线,支付宝,店铺券,1,130.74,2633,20,1,18-24
8499130,225865,宫保鸡丁,800g,35.19,8,281.52,2024/6/27 13:47,新一线,余额,会员折扣,3,278.52,9445,42,1,45-54
2634226,976013,蒜蓉西兰花,400g,26.13,2,52.26,2024/7/27 21:25,一线,余额,满减,29,23.26,77,45,1,25-34
2155623,750732,螺蛳粉,200g,40.1,9,360.9,2024/5/21 5:31,新一线,云闪付,店铺券,12,348.9,3262,35,0,25-34
8499130,225865,宫保鸡丁,800g,43.79,0,0,2024/6/27 13:47,新一线,余额,满减,0,0,9445,42,1,18-24
4267157,915116,糖醋里脊,1000g,27.25,8,218,2024/2/17 16:16,一线,微信,无,0,218,72,48,1,18-24
3422134,317470,宫保鸡丁,200g,20.05,2,40.1,2024/4/24 9:06,新一线,支付宝,平台券,10,30.1,3673,43,1,45-54
6588000,726466,凉拌黄瓜,1000g,20.88,10,208.8,2024/9/19 15:54,三线,微信,无,0,208.8,7981,31,0,45-54
2634226,976013,蒜蓉西兰花,400g,10.26,9,92.34,2024/7/27 21:25,一线,余额,无,0,92.34,77,45,1,18-24
7834341,661024,鱼香肉丝,800g,25.81,3,77.43,2024/1/4 15:23,三线,银行卡,满减,35,42.43,60,32,0,35-44
8716988,309186,螺蛳粉,300g,11.03,9,99.27,2024/8/19 18:08,新一线,云闪付,无,0,99.27,84,41,1,18-24
7063445,495794,糖醋里脊,800g,14.82,9,133.38,2024/12/12 3:20,一线,银行卡,会员折扣,18,115.38,64,45,1,35-44
6068909,687574,螺蛳粉,800g,34.91,8,279.28,2024/10/24 8:46,二线,支付宝,满减,1,278.28,4032,41,1,45-54
5366688,975283,回锅肉,500g,25.72,4,102.88,2024/4/9 13:40,新一线,余额,满减,1,101.88,8759,34,0,18-24
2634226,976013,蒜蓉西兰花,400g,43.4,2,86.8,2024/7/27 21:25,三线,余额,满减,52,34.8,77,45,1,45-54
4348710,334460,鱼香肉丝,800g,15.42,6,92.52,2024/7/7 13:53,新一线,银行卡,平台券,12,80.52,25,39,1,45-54
2500529,693546,宫保鸡丁,600g,33.53,6,201.18,2024/4/19 4:39,一线,云闪付,满减,15,186.18,6375,37,0,45-54
2708383,842464,糖醋里脊,500g,25.91,8,207.28,2024/3/7 12:05,三线,银行卡,无,0,207.28,7985,39,0,18-24
4743796,280399,宫保鸡丁,200g,31.77,3,95.31,2024/6/25 8:01,新一线,云闪付,满减,35,60.31,14,42,0,18-24
7541583,843324,麻婆豆腐,500g,21.01,9,189.09,2024/11/9 19:03,三线,云闪付,会员折扣,23,166.09,42,35,0,35-44
8468750,893622,糖醋里脊,200g,24.99,2,49.98,2024/10/20 6:45,三线,支付宝,会员折扣,3,46.98,6017,43,0,18-24
2472899,860150,麻婆豆腐,300g,31.99,7,223.93,2024/10/22 1:50,新一线,微信,会员折扣,2,221.93,8987,30,0,35-44
3934110,335740,蒜蓉西兰花,200g,42.23,1,42.23,2024/1/31 9:01,新一线,支付宝,秒杀,14,28.23,9165,37,1,18-24
2155623,750732,螺蛳粉,200g,28,1,28,2024/5/21 5:31,新一线,云闪付,无,0,28,3262,35,0,18-24
3241204,159986,凉拌黄瓜,300g,44.83,0,0,2024/8/22 21:41,三线,银行卡,会员折扣,0,0,30,10,0,45-54
6571201,563310,回锅肉,300g,40.1,7,280.7,2024/6/24 8:24,新一线,支付宝,满减,15,265.7,79,40,1,45-54
1427786,341431,凉拌黄瓜,600g,23.38,4,93.52,2024/6/4 9:13,新一线,支付宝,秒杀,13,80.52,5323,24,0,25-34
6557360,632060,番茄炒蛋,600g,31.2,8,249.6,2024/6/19 1:54,三线,余额,会员折扣,2,247.6,5119,33,1,25-34
7521161,143336,糖醋里脊,300g,40.41,4,161.64,2024/7/17 21:52,新一线,支付宝,满减,5,156.64,5468,39,1,55+
7781688,622512,凉拌黄瓜,600g,16.16,8,129.28,2024/1/19 6:00,二线,云闪付,平台券,5,124.28,6757,36,1,45-54
8716988,309186,螺蛳粉,300g,15.97,9,143.73,2024/8/19 18:08,一线,云闪付,满减,23,120.73,84,41,1,25-34
8468750,893622,糖醋里脊,200g,36.9,1,36.9,2024/10/20 6:45,新一线,支付宝,无,0,36.9,6017,43,1,18-24
1441459,844542,宫保鸡丁,300g,43.04,4,172.16,2024/3/3 17:29,新一线,支付宝,店铺券,19,153.16,20,48,0,25-34
1458076,916710,螺蛳粉,300g,42.97,10,429.7,2024/9/14 3:18,新一线,余额,满减,3,426.7,2935,48,1,18-24
1441459,844542,宫保鸡丁,300g,16.25,8,130,2024/3/3 17:29,新一线,支付宝,会员折扣,1,129,20,48,1,55+
6975283,769751,凉拌黄瓜,1000g,13.25,7,92.75,2024/6/13 22:32,新一线,余额,秒杀,2,90.75,2680,37,1,18-24
1067736,923659,番茄炒蛋,300g,49.7,5,248.5,2024/1/24 9:09,新一线,支付宝,无,0,248.5,9,17,0,18-24
2732469,866284,凉拌黄瓜,500g,49.54,5,247.7,2024/11/26 21:50,三线,微信,会员折扣,8,239.7,8090,43,1,25-34
4262813,512571,蒜蓉西兰花,200g,49.09,4,196.36,2024/10/21 17:18,新一线,余额,店铺券,9,187.36,7085,44,1,45-54
4729245,924335,回锅肉,300g,36.38,0,0,2024/5/7 1:21,一线,云闪付,会员折扣,0,0,3808,37,0,25-34
4957142,386274,番茄炒蛋,500g,32.57,10,325.7,2024/2/11 23:27,新一线,支付宝,会员折扣,1,324.7,3392,43,1,35-44
7624132,167794,清蒸鲈鱼,1000g,42.74,4,170.96,2024/9/13 4:48,一线,支付宝,店铺券,4,166.96,4646,14,1,25-34
9139724,341245,番茄炒蛋,800g,45.6,5,228,2024/11/30 5:28,新一线,银行卡,会员折扣,33,195,84,38,0,45-54
1067736,923659,番茄炒蛋,300g,33.77,0,0,2024/1/24 9:09,一线,支付宝,无,0,0,9,17,0,18-24
2449298,876014,糖醋里脊,1000g,37.3,9,335.7,2024/7/22 5:36,新一线,余额,满减,2,333.7,8170,48,1,45-54
7823400,104168,蒜蓉西兰花,400g,33.01,6,198.06,2024/7/31 15:31,新一线,支付宝,满减,4,194.06,6088,44,1,45-54
7823400,104168,蒜蓉西兰花,400g,21.04,0,0,2024/7/31 15:31,二线,支付宝,满减,0,0,6088,44,0,25-34
3062969,450592,蒜蓉西兰花,500g,39.88,5,199.4,2024/2/9 22:18,三线,微信,无,0,199.4,33,13,0,25-34
7257526,361467,糖醋里脊,800g,18.75,3,56.25,2024/2/16 1:13,三线,支付宝,平台券,1,55.25,3727,38,1,18-24
9139724,341245,番茄炒蛋,800g,15.24,4,60.96,2024/11/30 5:28,新一线,银行卡,平台券,21,39.96,84,38,0,18-24
1299090,510369,番茄炒蛋,1000g,34.24,2,68.48,2024/12/24 17:27,三线,余额,无,0,68.48,48,48,1,35-44
6479808,529467,蒜蓉西兰花,400g,43.98,0,0,2024/3/19 3:27,新一线,微信,店铺券,0,0,36,49,1,25-34
7756429,148875,麻婆豆腐,500g,28.61,3,85.83,2024/7/5 18:26,一线,支付宝,平台券,4,81.83,6295,49,0,25-34
7624132,167794,清蒸鲈鱼,1000g,13.26,1,13.26,2024/9/13 4:48,三线,支付宝,会员折扣,3,10.26,4646,14,0,25-34
2155623,750732,螺蛳粉,200g,20.34,0,0,2024/5/21 5:31,三线,云闪付,店铺券,0,0,3262,35,0,18-24
2877035,774453,宫保鸡丁,800g,35.26,10,352.6,2024/12/26 23:56,三线,余额,满减,5,347.6,2333,36,0,45-54
8072778,688835,凉拌黄瓜,1000g,21.84,9,196.56,2024/10/13 2:39,三线,余额,会员折扣,10,186.56,8327,42,1,45-54
3355177,683283,凉拌黄瓜,400g,26.26,2,52.52,2024/11/19 20:23,新一线,云闪付,平台券,2,50.52,12,33,0,25-34
8146892,247206,鱼香肉丝,1000g,37.91,5,189.55,2024/7/25 0:08,三线,余额,会员折扣,15,174.55,7556,50,1,25-34
2732469,866284,凉拌黄瓜,500g,10.04,8,80.32,2024/11/26 21:50,新一线,微信,满减,1,79.32,8090,43,1,18-24
9768747,730371,鱼香肉丝,400g,15.38,7,107.66,2024/7/14 8:20,二线,支付宝,满减,2,105.66,9724,41,1,25-34
8719655,725205,凉拌黄瓜,400g,10,0,0,2024/10/20 19:45,二线,支付宝,店铺券,0,0,1982,31,0,45-54
9768747,730371,鱼香肉丝,400g,20.18,10,201.8,2024/7/14 8:20,新一线,支付宝,秒杀,3,198.8,9724,41,1,18-24
6763346,340011,宫保鸡丁,200g,17.08,5,85.4,2024/11/22 9:24,三线,银行卡,无,0,85.4,1437,50,1,35-44
9202929,965749,番茄炒蛋,400g,27.76,10,277.6,2024/3/17 2:25,新一线,支付宝,满减,4,273.6,2561,38,0,18-24
4267157,915116,糖醋里脊,1000g,49.82,3,149.46,2024/2/17 16:16,三线,微信,会员折扣,44,105.46,72,48,0,25-34
2195472,456098,蒜蓉西兰花,500g,23.08,5,115.4,2024/9/6 4:59,新一线,银行卡,会员折扣,1,114.4,6507,31,1,45-54
8900618,487072,蒜蓉西兰花,400g,15.13,7,105.91,2024/12/25 16:11,二线,银行卡,会员折扣,3,102.91,3097,38,0,35-44
1630096,883383,凉拌黄瓜,400g,40.14,8,321.12,2024/7/30 6:42,新一线,微信,无,0,321.12,3938,37,1,18-24
2300660,532005,番茄炒蛋,400g,30,9,270,2024/10/23 15:41,新一线,银行卡,会员折扣,3,267,3706,40,1,18-24
6588000,726466,凉拌黄瓜,1000g,27.72,4,110.88,2024/9/19 15:54,三线,微信,无,0,110.88,7981,31,0,35-44
8581360,603337,凉拌黄瓜,400g,44,4,176,2024/8/28 3:36,二线,银行卡,会员折扣,8,168,2374,47,1,25-34
8581360,603337,凉拌黄瓜,400g,48.54,3,145.62,2024/8/28 3:36,新一线,银行卡,会员折扣,16,129.62,2374,47,1,18-24
8581360,603337,凉拌黄瓜,400g,13.44,6,80.64,2024/8/28 3:36,新一线,银行卡,秒杀,5,75.64,2374,47,1,18-24
8581360,603337,凉拌黄瓜,400g,12.28,10,122.8,2024/8/28 3:36,新一线,银行卡,会员折扣,0,122.8,2374,47,1,35-44
3017559,461996,螺蛳粉,1000g,14.22,2,28.44,2024/4/2 5:13,三线,支付宝,秒杀,0,28.44,2263,46,1,25-34
3017559,461996,螺蛳粉,1000g,33.42,9,300.78,2024/4/2 5:13,二线,支付宝,会员折扣,19,281.78,2263,46,1,18-24
1471166,567188,鱼香肉丝,300g,31.77,1,31.77,2024/3/25 11:23,新一线,银行卡,无,0,31.77,6739,10,0,18-24
7717045,272912,凉拌黄瓜,300g,19.35,8,154.8,2024/9/20 21:43,新一线,银行卡,秒杀,10,144.8,1759,17,0,35-44
1471166,567188,鱼香肉丝,300g,42.8,1,42.8,2024/3/25 11:23,新一线,银行卡,无,0,42.8,6739,10,0,18-24
7717045,272912,凉拌黄瓜,300g,11.66,7,81.62,2024/9/20 21:43,新一线,银行卡,平台券,1,80.62,1759,17,1,18-24
7717045,272912,凉拌黄瓜,300g,45.92,6,275.52,2024/9/20 21:43,新一线,银行卡,秒杀,12,263.52,1759,17,0,18-24
7717045,272912,凉拌黄瓜,300g,24.34,3,73.02,2024/9/20 21:43,三线,银行卡,会员折扣,3,70.02,1759,17,0,18-24
8581360,603337,凉拌黄瓜,400g,12.28,1,12.28,2024/8/28 3:36,新一线,银行卡,平台券,5,7.28,2374,47,1,45-54
6274184,720925,宫保鸡丁,200g,26.49,5,132.45,2024/1/22 0:38,新一线,云闪付,无,0,132.45,4284,33,0,25-34
5226469,302173,清蒸鲈鱼,1000g,47.39,8,379.12,2024/12/27 19:07,一线,余额,会员折扣,6,373.12,5,37,0,25-34
1471166,567188,鱼香肉丝,300g,30.24,9,272.16,2024/3/25 11:23,新一线,银行卡,会员折扣,10,262.16,6739,10,0,45-54
8581360,603337,凉拌黄瓜,400g,16.48,8,131.84,2024/8/28 3:36,一线,银行卡,会员折扣,5,126.84,2374,47,1,45-54
8581360,603337,凉拌黄瓜,400g,28.07,10,280.7,2024/8/28 3:36,二线,银行卡,会员折扣,11,269.7,2374,47,1,25-34
8581360,603337,凉拌黄瓜,400g,24.19,5,120.95,2024/8/28 3:36,三线,银行卡,满减,1,119.95,2374,47,1,35-44
7717045,272912,凉拌黄瓜,300g,26.03,2,52.06,2024/9/20 21:43,三线,银行卡,无,0,52.06,1759,17,0,25-34
9154700,406204,糖醋里脊,400g,25.49,5,127.45,2024/9/14 18:45,新一线,云闪付,无,0,127.45,7081,38,0,18-24
9618571,611731,清蒸鲈鱼,400g,42.55,0,0,2024/11/16 6:38,新一线,余额,会员折扣,0,0,4094,34,1,55+
7848502,914001,鱼香肉丝,800g,33.27,0,0,2024/3/29 1:26,新一线,银行卡,会员折扣,0,0,7950,43,0,45-54
4676494,792447,回锅肉,400g,39.37,5,196.85,2024/7/13 16:13,新一线,银行卡,无,0,196.85,6210,38,0,18-24
1624940,388039,麻婆豆腐,300g,18.35,0,0,2024/9/21 6:43,三线,微信,无,0,0,1803,31,1,35-44
3206583,844958,番茄炒蛋,400g,23.82,2,47.64,2024/7/7 9:13,新一线,支付宝,店铺券,4,43.64,2565,39,0,18-24
6057180,722370,鱼香肉丝,200g,27.31,2,54.62,2024/11/17 11:02,一线,支付宝,会员折扣,5,49.62,5267,39,1,25-34
5407501,876354,鱼香肉丝,400g,13.22,0,0,2024/12/25 4:44,新一线,银行卡,平台券,0,0,8945,49,1,25-34
8177650,852705,糖醋里脊,200g,33.46,8,267.68,2024/9/23 18:45,三线,云闪付,无,0,267.68,8867,44,1,35-44
9658762,589393,番茄炒蛋,800g,35.2,7,246.4,2024/2/1 6:41,一线,银行卡,满减,1,245.4,3845,33,1,18-24
1799671,976181,回锅肉,1000g,41.34,0,0,2024/4/27 20:36,新一线,余额,平台券,0,0,5897,33,1,18-24
9658762,589393,番茄炒蛋,800g,47.64,6,285.84,2024/2/1 6:41,一线,银行卡,会员折扣,4,281.84,3845,33,1,45-54
1799671,976181,回锅肉,1000g,14.97,3,44.91,2024/4/27 20:36,三线,余额,会员折扣,2,42.91,5897,33,1,18-24
3701933,786390,鱼香肉丝,300g,48.84,8,390.72,2024/3/9 10:27,新一线,支付宝,店铺券,15,375.72,8854,49,0,45-54
3701933,786390,鱼香肉丝,300g,11.61,1,11.61,2024/3/9 10:27,二线,支付宝,会员折扣,0,11.61,8854,49,1,35-44
5095272,180524,清蒸鲈鱼,300g,26.22,7,183.54,2024/11/3 22:13,三线,余额,满减,9,174.54,4716,50,1,18-24
5095272,180524,清蒸鲈鱼,300g,33.23,1,33.23,2024/11/3 22:13,一线,余额,会员折扣,2,31.23,4716,50,1,25-34
8177650,852705,糖醋里脊,200g,10.88,6,65.28,2024/9/23 18:45,一线,云闪付,满减,3,62.28,8867,44,1,25-34
5407501,876354,鱼香肉丝,400g,13.45,1,13.45,2024/12/25 4:44,三线,银行卡,会员折扣,2,11.45,8945,49,1,18-24
3027642,883089,蒜蓉西兰花,300g,15.29,3,45.87,2024/9/24 19:23,新一线,余额,满减,1,44.87,7976,37,0,45-54
8655936,230854,番茄炒蛋,1000g,12.18,9,109.62,2024/9/6 10:56,新一线,支付宝,满减,5,104.62,9326,33,0,55+
8655936,230854,番茄炒蛋,1000g,42.82,2,85.64,2024/9/6 10:56,三线,支付宝,店铺券,2,83.64,9326,33,1,18-24
8655936,230854,番茄炒蛋,1000g,48.32,4,193.28,2024/9/6 10:56,一线,支付宝,满减,7,186.28,9326,33,0,18-24
1799671,976181,回锅肉,1000g,31.64,8,253.12,2024/4/27 20:36,一线,余额,满减,1,252.12,5897,33,1,25-34
3701933,786390,鱼香肉丝,300g,34.2,1,34.2,2024/3/9 10:27,二线,支付宝,店铺券,6,28.2,8854,49,1,18-24
5095272,180524,清蒸鲈鱼,300g,35.03,10,350.3,2024/11/3 22:13,一线,余额,平台券,5,345.3,4716,50,1,25-34
5095272,180524,清蒸鲈鱼,300g,40.55,10,405.5,2024/11/3 22:13,新一线,余额,满减,11,394.5,4716,50,1,45-54
8177650,852705,糖醋里脊,200g,30.94,5,154.7,2024/9/23 18:45,新一线,云闪付,平台券,16,138.7,8867,44,1,45-54
1799671,976181,回锅肉,1000g,19.07,9,171.63,2024/4/27 20:36,新一线,余额,店铺券,0,171.63,5897,33,1,45-54
3027642,883089,蒜蓉西兰花,300g,16.53,10,165.3,2024/9/24 19:23,一线,余额,店铺券,6,159.3,7976,37,0,45-54
8655936,230854,番茄炒蛋,1000g,18.09,1,18.09,2024/9/6 10:56,新一线,支付宝,秒杀,6,12.09,9326,33,1,18-24
3701933,786390,鱼香肉丝,300g,30.47,9,274.23,2024/3/9 10:27,三线,支付宝,秒杀,11,263.23,8854,49,0,18-24
9658762,589393,番茄炒蛋,800g,29.33,8,234.64,2024/2/1 6:41,一线,银行卡,会员折扣,5,229.64,3845,33,1,35-44
8177650,852705,糖醋里脊,200g,43.57,5,217.85,2024/9/23 18:45,一线,云闪付,平台券,18,199.85,8867,44,1,35-44
6057180,722370,鱼香肉丝,200g,15.81,6,94.86,2024/11/17 11:02,新一线,支付宝,平台券,2,92.86,5267,39,1,45-54
1584706,286629,凉拌黄瓜,500g,12.85,7,89.95,2024/10/23 10:01,一线,银行卡,无,0,89.95,2265,42,1,45-54
9154285,105716,回锅肉,500g,17.41,5,87.05,2024/12/15 13:09,三线,银行卡,无,0,87.05,3726,20,1,25-34
5176108,801542,蒜蓉西兰花,200g,14.93,3,44.79,2024/8/27 17:55,三线,余额,会员折扣,0,44.79,5727,31,1,45-54
6254217,823787,宫保鸡丁,1000g,30.74,2,61.48,2024/8/13 2:44,一线,余额,平台券,3,58.48,8782,43,0,18-24
6106324,107407,鱼香肉丝,400g,36.82,4,147.28,2024/11/12 15:27,新一线,云闪付,会员折扣,4,143.28,3727,43,1,18-24
3976212,538994,蒜蓉西兰花,1000g,26.43,3,79.29,2024/5/30 19:26,一线,支付宝,会员折扣,10,69.29,8297,36,1,18-24
6170971,980675,宫保鸡丁,400g,41.9,8,335.2,2024/5/9 7:11,新一线,银行卡,满减,1,334.2,6726,34,1,25-34
8986271,601970,蒜蓉西兰花,1000g,46.9,6,281.4,2024/9/22 22:53,新一线,银行卡,会员折扣,8,273.4,7087,36,0,45-54
8986271,601970,蒜蓉西兰花,1000g,24,5,120,2024/9/22 22:53,新一线,银行卡,满减,3,117,7087,36,1,45-54
6743400,473161,宫保鸡丁,1000g,49.7,9,447.3,2024/9/16 6:39,三线,银行卡,会员折扣,7,440.3,2735,31,1,25-34
3955694,939227,蒜蓉西兰花,400g,19.63,6,117.78,2024/8/6 15:34,一线,支付宝,满减,3,114.78,7037,30,1,35-44
2514535,906996,螺蛳粉,200g,26.39,5,131.95,2024/1/5 23:10,二线,微信,满减,6,125.95,2643,40,1,18-24
6523794,716017,麻婆豆腐,300g,26.8,0,0,2024/2/4 18:58,新一线,微信,店铺券,0,0,8989,32,0,45-54
6990153,313816,清蒸鲈鱼,300g,33.13,6,198.78,2024/12/18 3:47,新一线,支付宝,满减,8,190.78,33,44,1,18-24
7933755,391358,蒜蓉西兰花,200g,43.3,7,303.1,2024/6/16 2:10,新一线,云闪付,满减,12,291.1,7995,40,0,18-24
1252882,359612,麻婆豆腐,400g,12.38,4,49.52,2024/1/21 19:55,一线,银行卡,满减,1,48.52,8497,38,1,25-34
9228642,726095,清蒸鲈鱼,300g,25.84,9,232.56,2024/1/2 6:43,二线,余额,店铺券,5,227.56,7388,40,1,45-54
8762295,873722,蒜蓉西兰花,500g,45.18,1,45.18,2024/2/10 21:35,新一线,支付宝,平台券,2,43.18,6359,38,0,18-24
5654995,461348,宫保鸡丁,300g,26.76,7,187.32,2024/12/4 15:40,新一线,支付宝,店铺券,2,185.32,6721,49,0,45-54
7293955,152393,回锅肉,300g,21.53,6,129.18,2024/8/25 6:51,二线,银行卡,会员折扣,0,129.18,4062,39,0,25-34
7293955,152393,回锅肉,300g,29.85,9,268.65,2024/8/25 6:51,一线,银行卡,会员折扣,0,268.65,4062,39,0,35-44
7190033,484266,凉拌黄瓜,300g,10.96,6,65.76,2024/5/10 13:04,新一线,支付宝,会员折扣,5,60.76,88,41,0,18-24
8715553,960394,糖醋里脊,800g,32.02,0,0,2024/9/3 14:41,新一线,银行卡,满减,0,0,8076,19,0,45-54
4951966,976063,糖醋里脊,500g,30.86,8,246.88,2024/3/5 4:27,三线,余额,会员折扣,9,237.88,6610,48,1,25-34
7190033,484266,凉拌黄瓜,300g,33.08,9,297.72,2024/5/10 13:04,三线,支付宝,会员折扣,37,260.72,88,41,0,18-24
7933755,391358,蒜蓉西兰花,200g,32.21,8,257.68,2024/6/16 2:10,二线,云闪付,满减,15,242.68,7995,40,0,35-44
1252882,359612,麻婆豆腐,400g,33.52,6,201.12,2024/1/21 19:55,三线,银行卡,秒杀,1,200.12,8497,38,1,25-34
9228642,726095,清蒸鲈鱼,300g,34.62,2,69.24,2024/1/2 6:43,新一线,余额,会员折扣,5,64.24,7388,40,1,25-34
8581360,603337,凉拌黄瓜,400g,41.95,5,209.75,2024/8/28 3:36,一线,银行卡,秒杀,11,198.75,2374,47,1,45-54
8762295,873722,蒜蓉西兰花,500g,16.15,7,113.05,2024/2/10 21:35,三线,支付宝,会员折扣,2,111.05,6359,38,0,18-24
8986271,601970,蒜蓉西兰花,1000g,28.34,3,85.02,2024/9/22 22:53,新一线,银行卡,满减,1,84.02,7087,36,1,25-34
7717045,272912,凉拌黄瓜,300g,49.88,5,249.4,2024/9/20 21:43,三线,银行卡,满减,1,248.4,1759,17,0,45-54
5095272,180524,清蒸鲈鱼,300g,45.19,9,406.71,2024/11/3 22:13,一线,余额,会员折扣,8,398.71,4716,50,1,35-44
6254217,823787,宫保鸡丁,1000g,44.36,6,266.16,2024/8/13 2:44,二线,余额,会员折扣,4,262.16,8782,43,0,45-54
8581360,603337,凉拌黄瓜,400g,37,10,370,2024/8/28 3:36,一线,银行卡,秒杀,14,356,2374,47,1,45-54
8177650,852705,糖醋里脊,200g,40.32,10,403.2,2024/9/23 18:45,三线,云闪付,无,0,403.2,8867,44,1,35-44
5095272,180524,清蒸鲈鱼,300g,47.38,8,379.04,2024/11/3 22:13,一线,余额,无,0,379.04,4716,50,1,35-44
3017559,461996,螺蛳粉,1000g,22.14,1,22.14,2024/4/2 5:13,一线,支付宝,满减,1,21.14,2263,46,1,18-24
8655936,230854,番茄炒蛋,1000g,25.74,8,205.92,2024/9/6 10:56,新一线,支付宝,店铺券,10,195.92,9326,33,1,45-54
5176108,801542,蒜蓉西兰花,200g,39.17,4,156.68,2024/8/27 17:55,新一线,余额,无,0,156.68,5727,31,1,25-34
4676494,792447,回锅肉,400g,35.81,4,143.24,2024/7/13 16:13,三线,银行卡,满减,6,137.24,6210,38,0,25-34
3027642,883089,蒜蓉西兰花,300g,19.29,10,192.9,2024/9/24 19:23,二线,余额,会员折扣,8,184.9,7976,37,0,55+
9618571,611731,清蒸鲈鱼,400g,40.05,2,80.1,2024/11/16 6:38,一线,余额,满减,18,62.1,4094,34,1,18-24
1252882,359612,麻婆豆腐,400g,45.88,4,183.52,2024/1/21 19:55,新一线,银行卡,无,0,183.52,8497,38,1,18-24
7717045,272912,凉拌黄瓜,300g,14.8,9,133.2,2024/9/20 21:43,新一线,银行卡,平台券,8,125.2,1759,17,0,35-44
5407501,876354,鱼香肉丝,400g,15.49,5,77.45,2024/12/25 4:44,一线,银行卡,会员折扣,4,73.45,8945,49,1,25-34
7933755,391358,蒜蓉西兰花,200g,48.1,8,384.8,2024/6/16 2:10,二线,云闪付,满减,5,379.8,7995,40,0,25-34
1624940,388039,麻婆豆腐,300g,36.49,5,182.45,2024/9/21 6:43,一线,微信,秒杀,9,173.45,1803,31,1,18-24
8986271,601970,蒜蓉西兰花,1000g,15.27,3,45.81,2024/9/22 22:53,新一线,银行卡,会员折扣,2,43.81,7087,36,0,18-24
8177650,852705,糖醋里脊,200g,16.75,3,50.25,2024/9/23 18:45,新一线,云闪付,会员折扣,5,45.25,8867,44,1,18-24
9228642,726095,清蒸鲈鱼,300g,25.34,3,76.02,2024/1/2 6:43,新一线,余额,会员折扣,7,69.02,7388,40,1,45-54
6990153,313816,清蒸鲈鱼,300g,16.73,9,150.57,2024/12/18 3:47,一线,支付宝,会员折扣,20,130.57,33,44,1,25-34
3206583,844958,番茄炒蛋,400g,31.96,3,95.88,2024/7/7 9:13,三线,支付宝,满减,4,91.88,2565,39,0,45-54
7190033,484266,凉拌黄瓜,300g,38.38,2,76.76,2024/5/10 13:04,新一线,支付宝,店铺券,25,51.76,88,41,0,18-24
6523794,716017,麻婆豆腐,300g,43.55,7,304.85,2024/2/4 18:58,新一线,微信,无,0,304.85,8989,32,0,45-54
1471166,567188,鱼香肉丝,300g,37.88,5,189.4,2024/3/25 11:23,新一线,银行卡,店铺券,6,183.4,6739,10,0,25-34
3701933,786390,鱼香肉丝,300g,26.31,7,184.17,2024/3/9 10:27,一线,支付宝,满减,2,182.17,8854,49,0,18-24
9658762,589393,番茄炒蛋,800g,35.26,1,35.26,2024/2/1 6:41,新一线,银行卡,无,0,35.26,3845,33,1,18-24
3955694,939227,蒜蓉西兰花,400g,10.43,10,104.3,2024/8/6 15:34,三线,支付宝,无,0,104.3,7037,30,1,18-24
7717045,272912,凉拌黄瓜,300g,27.63,2,55.26,2024/9/20 21:43,新一线,银行卡,无,0,55.26,1759,17,0,25-34
8581360,603337,凉拌黄瓜,400g,15.53,4,62.12,2024/8/28 3:36,新一线,银行卡,无,0,62.12,2374,47,1,18-24
8177650,852705,糖醋里脊,200g,49.31,2,98.62,2024/9/23 18:45,二线,云闪付,平台券,19,79.62,8867,44,1,25-34
5226469,302173,清蒸鲈鱼,1000g,33.81,2,67.62,2024/12/27 19:07,三线,余额,店铺券,27,40.62,5,37,0,18-24
1799671,976181,回锅肉,1000g,42.81,0,0,2024/4/27 20:36,新一线,余额,会员折扣,0,0,5897,33,1,25-34
4951966,976063,糖醋里脊,500g,35.95,3,107.85,2024/3/5 4:27,二线,余额,会员折扣,1,106.85,6610,48,1,18-24
5654995,461348,宫保鸡丁,300g,28.32,10,283.2,2024/12/4 15:40,一线,支付宝,店铺券,0,283.2,6721,49,0,25-34
8581360,603337,凉拌黄瓜,400g,40.08,2,80.16,2024/8/28 3:36,新一线,银行卡,会员折扣,5,75.16,2374,47,1,35-44
8655936,230854,番茄炒蛋,1000g,30.51,2,61.02,2024/9/6 10:56,三线,支付宝,会员折扣,7,54.02,9326,33,0,25-34
8715553,960394,糖醋里脊,800g,22.83,4,91.32,2024/9/3 14:41,一线,银行卡,店铺券,1,90.32,8076,19,0,18-24
6743400,473161,宫保鸡丁,1000g,33.84,4,135.36,2024/9/16 6:39,三线,银行卡,满减,6,129.36,2735,31,1,25-34
1799671,976181,回锅肉,1000g,49.83,9,448.47,2024/4/27 20:36,一线,余额,无,0,448.47,5897,33,1,18-24
1799671,976181,回锅肉,1000g,46.6,8,372.8,2024/4/27 20:36,新一线,余额,会员折扣,5,367.8,5897,33,1,45-54
8177650,852705,糖醋里脊,200g,39.69,2,79.38,2024/9/23 18:45,三线,云闪付,平台券,22,57.38,8867,44,1,45-54
6274184,720925,宫保鸡丁,200g,14.77,10,147.7,2024/1/22 0:38,新一线,云闪付,秒杀,0,147.7,4284,33,0,25-34
8581360,603337,凉拌黄瓜,400g,30.5,4,122,2024/8/28 3:36,三线,银行卡,会员折扣,1,121,2374,47,1,25-34
8655936,230854,番茄炒蛋,1000g,12.15,5,60.75,2024/9/6 10:56,三线,支付宝,满减,2,58.75,9326,33,1,45-54
8581360,603337,凉拌黄瓜,400g,42.1,1,42.1,2024/8/28 3:36,二线,银行卡,秒杀,17,25.1,2374,47,1,25-34
5407501,876354,鱼香肉丝,400g,30.36,1,30.36,2024/12/25 4:44,新一线,银行卡,会员折扣,7,23.36,8945,49,1,45-54
9658762,589393,番茄炒蛋,800g,44.46,7,311.22,2024/2/1 6:41,新一线,银行卡,满减,4,307.22,3845,33,1,45-54
3027642,883089,蒜蓉西兰花,300g,44.64,6,267.84,2024/9/24 19:23,二线,余额,会员折扣,14,253.84,7976,37,0,55+
1471166,567188,鱼香肉丝,300g,41.12,4,164.48,2024/3/25 11:23,三线,银行卡,满减,10,154.48,6739,10,0,25-34
6057180,722370,鱼香肉丝,200g,28.43,4,113.72,2024/11/17 11:02,新一线,支付宝,无,0,113.72,5267,39,1,35-44
7717045,272912,凉拌黄瓜,300g,13.89,2,27.78,2024/9/20 21:43,二线,银行卡,满减,8,19.78,1759,17,1,45-54
3701933,786390,鱼香肉丝,300g,38.25,0,0,2024/3/9 10:27,三线,支付宝,会员折扣,0,0,8854,49,1,45-54
1252882,359612,麻婆豆腐,400g,23.82,6,142.92,2024/1/21 19:55,二线,银行卡,秒杀,0,142.92,8497,38,1,35-44
9154700,406204,糖醋里脊,400g,46.21,5,231.05,2024/9/14 18:45,二线,云闪付,满减,10,221.05,7081,38,0,25-34
8581360,603337,凉拌黄瓜,400g,48.14,1,48.14,2024/8/28 3:36,一线,银行卡,无,0,48.14,2374,47,1,35-44
6057180,722370,鱼香肉丝,200g,12.41,4,49.64,2024/11/17 11:02,一线,支付宝,平台券,3,46.64,5267,39,1,55+
9154285,105716,回锅肉,500g,14.95,7,104.65,2024/12/15 13:09,三线,银行卡,会员折扣,9,95.65,3726,20,1,45-54
4907129,587798,蒜蓉西兰花,800g,42.85,3,128.55,2024/5/26 19:39,二线,余额,满减,5,123.55,53,32,0,25-34
9859178,652133,回锅肉,600g,19.88,0,0,2024/6/6 6:50,新一线,银行卡,无,0,0,4399,35,0,18-24
9859178,652133,回锅肉,600g,40.78,10,407.8,2024/6/6 6:50,三线,银行卡,无,0,407.8,4399,35,0,18-24
2899519,932902,清蒸鲈鱼,800g,45.53,6,273.18,2024/8/26 17:24,一线,微信,无,0,273.18,85,33,0,45-54
1191584,287716,糖醋里脊,800g,17.97,7,125.79,2024/10/4 3:04,一线,支付宝,无,0,125.79,1037,45,1,18-24
1191584,287716,糖醋里脊,800g,25.08,2,50.16,2024/10/4 3:04,新一线,支付宝,会员折扣,3,47.16,1037,45,1,25-34
1030611,315975,麻婆豆腐,200g,16.4,9,147.6,2024/9/1 16:07,新一线,银行卡,满减,1,146.6,9382,19,0,18-24
9859178,652133,回锅肉,600g,30.13,7,210.91,2024/6/6 6:50,一线,银行卡,无,0,210.91,4399,35,1,25-34
4907129,587798,蒜蓉西兰花,800g,41.86,4,167.44,2024/5/26 19:39,一线,余额,满减,34,133.44,53,32,1,25-34
9859178,652133,回锅肉,600g,16.23,4,64.92,2024/6/6 6:50,一线,银行卡,平台券,3,61.92,4399,35,1,35-44
1191584,287716,糖醋里脊,800g,26.54,9,238.86,2024/10/4 3:04,新一线,支付宝,无,0,238.86,1037,45,1,45-54
2978131,510597,麻婆豆腐,400g,11.59,2,23.18,2024/6/27 22:46,二线,银行卡,会员折扣,0,23.18,9025,35,1,45-54
8501141,417394,螺蛳粉,300g,48.15,1,48.15,2024/10/28 7:35,三线,银行卡,会员折扣,3,45.15,9092,30,0,25-34
4172545,260718,麻婆豆腐,400g,15.65,1,15.65,2024/5/1 0:53,新一线,支付宝,会员折扣,9,6.65,6060,39,1,45-54
8641930,807883,回锅肉,800g,23.7,3,71.1,2024/4/5 4:32,新一线,支付宝,满减,2,69.1,6096,36,0,45-54
8641930,807883,回锅肉,800g,17.68,4,70.72,2024/4/5 4:32,新一线,支付宝,秒杀,6,64.72,6096,36,1,18-24
1030611,315975,麻婆豆腐,200g,46.71,7,326.97,2024/9/1 16:07,新一线,银行卡,会员折扣,16,310.97,9382,19,0,25-34
3285233,656057,蒜蓉西兰花,300g,23.39,10,233.9,2024/5/9 14:49,三线,银行卡,会员折扣,29,204.9,81,34,0,18-24
9107025,183900,回锅肉,300g,17.87,9,160.83,2024/12/13 5:31,新一线,微信,满减,8,152.83,52,43,0,45-54
1211532,919980,麻婆豆腐,500g,42.96,6,257.76,2024/7/22 6:55,新一线,支付宝,满减,1,256.76,4515,24,1,18-24
5477172,207080,清蒸鲈鱼,200g,37.6,2,75.2,2024/2/11 0:42,三线,银行卡,平台券,7,68.2,8587,19,0,25-34
2648404,501620,凉拌黄瓜,800g,22.64,6,135.84,2024/3/1 3:31,新一线,支付宝,秒杀,19,116.84,33,39,0,45-54
7287818,291655,蒜蓉西兰花,200g,12.23,0,0,2024/2/11 3:24,新一线,余额,会员折扣,0,0,5427,25,0,45-54
2648404,501620,凉拌黄瓜,800g,13.22,8,105.76,2024/3/1 3:31,三线,支付宝,会员折扣,1,104.76,33,39,0,25-34
8591979,366241,蒜蓉西兰花,300g,15.89,6,95.34,2024/3/8 18:43,二线,云闪付,店铺券,2,93.34,1845,41,0,55+
7865420,942487,宫保鸡丁,400g,16.47,2,32.94,2024/6/14 9:47,三线,银行卡,会员折扣,5,27.94,8183,42,1,45-54
2577822,710927,鱼香肉丝,600g,16.65,3,49.95,2024/7/27 16:06,新一线,支付宝,满减,13,36.95,2,37,0,55+
2577822,710927,鱼香肉丝,600g,46.66,9,419.94,2024/7/27 16:06,三线,支付宝,平台券,11,408.94,2,37,0,18-24
9964130,195833,糖醋里脊,200g,23.55,8,188.4,2024/11/3 14:45,三线,微信,会员折扣,5,183.4,9347,30,1,35-44
7269703,784184,蒜蓉西兰花,300g,45.24,8,361.92,2024/6/3 7:44,一线,云闪付,满减,10,351.92,1412,33,1,25-34
1555770,591751,宫保鸡丁,600g,11.98,2,23.96,2024/10/12 20:31,三线,云闪付,会员折扣,1,22.96,7803,39,0,18-24
7269703,784184,蒜蓉西兰花,300g,19.08,6,114.48,2024/6/3 7:44,一线,云闪付,平台券,3,111.48,1412,33,1,18-24
9964130,195833,糖醋里脊,200g,26.95,8,215.6,2024/11/3 14:45,二线,微信,平台券,1,214.6,9347,30,1,25-34
6008369,551347,麻婆豆腐,1000g,48.46,0,0,2024/3/4 17:54,二线,银行卡,无,0,0,6317,32,1,25-34
6008369,551347,麻婆豆腐,1000g,24.53,8,196.24,2024/3/4 17:54,新一线,银行卡,会员折扣,3,193.24,6317,32,0,45-54
1555770,591751,宫保鸡丁,600g,34.93,5,174.65,2024/10/12 20:31,一线,云闪付,无,0,174.65,7803,39,1,55+
2653530,322191,凉拌黄瓜,600g,12.05,5,60.25,2024/9/13 21:22,二线,银行卡,平台券,1,59.25,5554,35,0,18-24
2106436,833685,糖醋里脊,800g,36.95,5,184.75,2024/10/18 20:37,新一线,余额,无,0,184.75,9309,40,1,18-24
6008369,551347,麻婆豆腐,1000g,29.3,0,0,2024/3/4 17:54,新一线,银行卡,平台券,0,0,6317,32,1,18-24
9964130,195833,糖醋里脊,200g,29,4,116,2024/11/3 14:45,二线,微信,会员折扣,12,104,9347,30,1,18-24
9964130,195833,糖醋里脊,200g,18.24,1,18.24,2024/11/3 14:45,新一线,微信,满减,2,16.24,9347,30,1,25-34
2106436,833685,糖醋里脊,800g,49.09,3,147.27,2024/10/18 20:37,三线,余额,会员折扣,5,142.27,9309,40,1,35-44
6008369,551347,麻婆豆腐,1000g,36.53,5,182.65,2024/3/4 17:54,三线,银行卡,满减,14,168.65,6317,32,0,18-24
1555770,591751,宫保鸡丁,600g,32.03,0,0,2024/10/12 20:31,新一线,云闪付,无,0,0,7803,39,0,25-34
2577822,710927,鱼香肉丝,600g,23.67,6,142.02,2024/7/27 16:06,新一线,支付宝,无,0,142.02,2,37,0,25-34
2653530,322191,凉拌黄瓜,600g,14.78,9,133.02,2024/9/13 21:22,三线,银行卡,无,0,133.02,5554,35,0,18-24
7418157,100235,回锅肉,400g,27.21,1,27.21,2024/10/25 10:55,新一线,支付宝,会员折扣,1,26.21,5159,45,1,25-34
7418157,100235,回锅肉,400g,31.41,4,125.64,2024/10/25 10:55,新一线,支付宝,会员折扣,6,119.64,5159,45,1,55+
7823593,513175,回锅肉,600g,27.42,4,109.68,2024/4/18 20:01,一线,支付宝,秒杀,9,100.68,1271,33,1,45-54
7279130,211283,宫保鸡丁,200g,48.12,6,288.72,2024/7/31 10:28,二线,支付宝,会员折扣,2,286.72,8579,14,1,45-54
7418157,100235,回锅肉,400g,38.77,3,116.31,2024/10/25 10:55,三线,支付宝,店铺券,6,110.31,5159,45,1,18-24
7418157,100235,回锅肉,400g,31.1,8,248.8,2024/10/25 10:55,一线,支付宝,会员折扣,5,243.8,5159,45,1,45-54
9798351,296810,凉拌黄瓜,400g,20.36,3,61.08,2024/9/6 6:41,二线,余额,会员折扣,1,60.08,4552,30,1,18-24
7823593,513175,回锅肉,600g,31.3,10,313,2024/4/18 20:01,一线,支付宝,无,0,313,1271,33,1,25-34
1240498,591828,糖醋里脊,300g,16.65,0,0,2024/10/30 9:40,三线,银行卡,会员折扣,0,0,2973,34,1,35-44
3756927,438127,麻婆豆腐,600g,48.79,7,341.53,2024/6/11 22:09,一线,余额,满减,9,332.53,9672,43,1,45-54
5690319,577437,螺蛳粉,300g,40.49,0,0,2024/11/12 11:29,新一线,微信,平台券,0,0,7930,35,1,18-24
4531300,375247,番茄炒蛋,400g,17.68,7,123.76,2024/9/19 1:08,新一线,支付宝,无,0,123.76,6076,34,1,45-54
8019218,985426,清蒸鲈鱼,200g,34.1,10,341,2024/7/4 21:20,三线,支付宝,会员折扣,20,321,19,33,1,45-54
7335204,839205,回锅肉,800g,27.45,6,164.7,2024/12/25 14:41,二线,支付宝,会员折扣,8,156.7,5026,38,0,45-54
2762295,642129,凉拌黄瓜,1000g,27.51,5,137.55,2024/6/9 7:03,三线,云闪付,会员折扣,2,135.55,8169,34,1,18-24
7787708,506276,番茄炒蛋,800g,47.31,4,189.24,2024/7/21 3:09,三线,支付宝,满减,1,188.24,47,30,0,18-24
8071993,151772,清蒸鲈鱼,400g,11.47,0,0,2024/4/3 18:57,三线,银行卡,平台券,0,0,5496,32,1,55+
8275120,879453,螺蛳粉,1000g,32.11,0,0,2024/10/18 23:48,新一线,微信,无,0,0,7850,35,0,25-34
8021854,244184,番茄炒蛋,500g,29.34,0,0,2024/6/1 8:19,一线,支付宝,满减,0,0,3880,34,0,45-54
8467907,546203,蒜蓉西兰花,200g,17.8,5,89,2024/12/14 23:18,一线,支付宝,秒杀,2,87,6487,42,1,45-54
8467907,546203,蒜蓉西兰花,200g,30.2,6,181.2,2024/12/14 23:18,新一线,支付宝,满减,1,180.2,6487,42,1,55+
8467907,546203,蒜蓉西兰花,200g,14.72,10,147.2,2024/12/14 23:18,新一线,支付宝,会员折扣,2,145.2,6487,42,1,45-54
6488980,258656,清蒸鲈鱼,500g,20.5,9,184.5,2024/8/23 12:07,三线,微信,店铺券,5,179.5,9278,45,1,55+
2643796,393078,清蒸鲈鱼,800g,11.6,8,92.8,2024/10/26 16:21,一线,微信,无,0,92.8,53,50,0,25-34
4435685,765553,宫保鸡丁,500g,33.1,6,198.6,2024/6/8 15:53,一线,余额,秒杀,1,197.6,7083,20,1,35-44
8021854,244184,番茄炒蛋,500g,32.84,2,65.68,2024/6/1 8:19,新一线,支付宝,会员折扣,2,63.68,3880,34,1,18-24
8021854,244184,番茄炒蛋,500g,24.67,7,172.69,2024/6/1 8:19,新一线,支付宝,秒杀,1,171.69,3880,34,1,45-54
2643796,393078,清蒸鲈鱼,800g,48.8,1,48.8,2024/10/26 16:21,二线,微信,满减,37,11.8,53,50,0,25-34
8467907,546203,蒜蓉西兰花,200g,21.28,8,170.24,2024/12/14 23:18,新一线,支付宝,无,0,170.24,6487,42,1,18-24
7823593,513175,回锅肉,600g,31.86,9,286.74,2024/4/18 20:01,一线,支付宝,无,0,286.74,1271,33,1,45-54
8467907,546203,蒜蓉西兰花,200g,10.64,7,74.48,2024/12/14 23:18,二线,支付宝,店铺券,0,74.48,6487,42,1,25-34
9859178,652133,回锅肉,600g,33.03,9,297.27,2024/6/6 6:50,新一线,银行卡,会员折扣,9,288.27,4399,35,1,25-34
9107025,183900,回锅肉,300g,35.95,9,323.55,2024/12/13 5:31,新一线,微信,无,0,323.55,52,43,0,45-54
7269703,784184,蒜蓉西兰花,300g,45.97,1,45.97,2024/6/3 7:44,一线,云闪付,会员折扣,14,31.97,1412,33,1,35-44
6008369,551347,麻婆豆腐,1000g,18.07,6,108.42,2024/3/4 17:54,新一线,银行卡,会员折扣,6,102.42,6317,32,0,45-54
2648404,501620,凉拌黄瓜,800g,46.35,3,139.05,2024/3/1 3:31,新一线,支付宝,店铺券,53,86.05,33,39,0,18-24
2577822,710927,鱼香肉丝,600g,40.42,6,242.52,2024/7/27 16:06,新一线,支付宝,会员折扣,17,225.52,2,37,0,18-24
1030611,315975,麻婆豆腐,200g,22.04,0,0,2024/9/1 16:07,新一线,银行卡,店铺券,0,0,9382,19,0,25-34
8019218,985426,清蒸鲈鱼,200g,18.36,5,91.8,2024/7/4 21:20,一线,支付宝,无,0,91.8,19,33,1,25-34
2643796,393078,清蒸鲈鱼,800g,40.76,3,122.28,2024/10/26 16:21,三线,微信,秒杀,32,90.28,53,50,0,25-34
2762295,642129,凉拌黄瓜,1000g,27.02,5,135.1,2024/6/9 7:03,一线,云闪付,会员折扣,3,132.1,8169,34,1,45-54
8021854,244184,番茄炒蛋,500g,13.47,8,107.76,2024/6/1 8:19,三线,支付宝,满减,2,105.76,3880,34,0,18-24
9964130,195833,糖醋里脊,200g,47.42,6,284.52,2024/11/3 14:45,三线,微信,会员折扣,10,274.52,9347,30,1,18-24
8641930,807883,回锅肉,800g,21.02,5,105.1,2024/4/5 4:32,一线,支付宝,会员折扣,5,100.1,6096,36,1,55+
9964130,195833,糖醋里脊,200g,23.29,7,163.03,2024/11/3 14:45,一线,微信,会员折扣,9,154.03,9347,30,1,45-54
7787708,506276,番茄炒蛋,800g,39.54,8,316.32,2024/7/21 3:09,二线,支付宝,平台券,58,258.32,47,30,0,25-34
6008369,551347,麻婆豆腐,1000g,49.32,10,493.2,2024/3/4 17:54,新一线,银行卡,会员折扣,10,483.2,6317,32,0,35-44
8275120,879453,螺蛳粉,1000g,35.71,4,142.84,2024/10/18 23:48,三线,微信,平台券,3,139.84,7850,35,0,25-34
7269703,784184,蒜蓉西兰花,300g,49.06,4,196.24,2024/6/3 7:44,新一线,云闪付,无,0,196.24,1412,33,1,18-24
2978131,510597,麻婆豆腐,400g,25.09,6,150.54,2024/6/27 22:46,新一线,银行卡,会员折扣,2,148.54,9025,35,1,18-24
4531300,375247,番茄炒蛋,400g,34.33,7,240.31,2024/9/19 1:08,新一线,支付宝,秒杀,11,229.31,6076,34,1,18-24
2653530,322191,凉拌黄瓜,600g,19.13,6,114.78,2024/9/13 21:22,二线,银行卡,店铺券,2,112.78,5554,35,0,55+
1555770,591751,宫保鸡丁,600g,12.34,9,111.06,2024/10/12 20:31,新一线,云闪付,会员折扣,1,110.06,7803,39,0,18-24
8591979,366241,蒜蓉西兰花,300g,22,10,220,2024/3/8 18:43,三线,云闪付,秒杀,4,216,1845,41,0,45-54
1766846,460888,蒜蓉西兰花,200g,45.37,4,181.48,2024/1/23 7:29,三线,支付宝,平台券,10,171.48,2574,38,1,35-44
3183625,776512,宫保鸡丁,500g,33.91,1,33.91,2024/2/14 7:53,新一线,银行卡,会员折扣,6,27.91,3974,47,1,45-54
2650451,837764,回锅肉,500g,38.04,8,304.32,2024/2/25 10:48,新一线,银行卡,满减,21,283.32,1123,36,0,25-34
7311081,825172,清蒸鲈鱼,400g,26.43,0,0,2024/6/10 5:33,新一线,银行卡,会员折扣,0,0,9342,49,1,18-24
9529920,383543,麻婆豆腐,300g,36.45,4,145.8,2024/2/27 19:55,一线,银行卡,会员折扣,25,120.8,50,50,1,18-24
9259638,585633,回锅肉,400g,26.83,9,241.47,2024/7/1 10:13,三线,银行卡,满减,15,226.47,66,32,1,45-54
5806555,515155,麻婆豆腐,600g,44.57,5,222.85,2024/3/6 7:13,新一线,支付宝,会员折扣,7,215.85,4929,44,1,35-44
5738415,245149,糖醋里脊,300g,29,7,203,2024/8/4 15:52,新一线,银行卡,满减,5,198,1277,37,1,18-24
8640488,913459,番茄炒蛋,600g,37.89,5,189.45,2024/12/26 5:42,新一线,银行卡,店铺券,13,176.45,99,42,1,25-34
4074914,525135,凉拌黄瓜,600g,44.52,0,0,2024/8/30 4:03,二线,余额,会员折扣,0,0,6796,44,0,18-24
6921411,529353,番茄炒蛋,800g,26.69,2,53.38,2024/3/25 16:34,三线,云闪付,满减,43,10.38,11,47,1,18-24
1965900,851645,宫保鸡丁,500g,32.31,0,0,2024/10/31 17:38,三线,支付宝,无,0,0,97,34,0,25-34
1766846,460888,蒜蓉西兰花,200g,17.71,0,0,2024/1/23 7:29,一线,支付宝,秒杀,0,0,2574,38,1,25-34
1766846,460888,蒜蓉西兰花,200g,21.91,8,175.28,2024/1/23 7:29,新一线,支付宝,无,0,175.28,2574,38,1,18-24
4740734,242913,蒜蓉西兰花,200g,40.98,3,122.94,2024/1/16 5:26,一线,微信,满减,5,117.94,5598,32,1,25-34
5806555,515155,麻婆豆腐,600g,45.5,9,409.5,2024/3/6 7:13,三线,支付宝,平台券,23,386.5,4929,44,1,25-34
8640488,913459,番茄炒蛋,600g,23.43,3,70.29,2024/12/26 5:42,一线,银行卡,会员折扣,42,28.29,99,42,1,45-54
4074914,525135,凉拌黄瓜,600g,34.6,7,242.2,2024/8/30 4:03,一线,余额,无,0,242.2,6796,44,0,18-24
1766846,460888,蒜蓉西兰花,200g,28.11,1,28.11,2024/1/23 7:29,三线,支付宝,会员折扣,14,14.11,2574,38,1,25-34
3175900,688135,清蒸鲈鱼,400g,48.35,5,241.75,2024/3/7 4:48,三线,余额,满减,23,218.75,19,40,0,18-24
5806555,515155,麻婆豆腐,600g,15.71,7,109.97,2024/3/6 7:13,新一线,支付宝,满减,7,102.97,4929,44,1,45-54
3183625,776512,宫保鸡丁,500g,26.2,6,157.2,2024/2/14 7:53,二线,银行卡,满减,0,157.2,3974,47,1,18-24
2916884,961053,蒜蓉西兰花,800g,12.2,7,85.4,2024/2/9 15:39,新一线,云闪付,满减,2,83.4,8589,49,1,18-24
8046287,458365,清蒸鲈鱼,300g,33.14,6,198.84,2024/1/4 18:11,二线,余额,平台券,22,176.84,82,11,0,35-44
7386530,589832,番茄炒蛋,1000g,30.42,9,273.78,2024/5/7 12:07,一线,云闪付,会员折扣,6,267.78,8275,37,0,25-34
5000610,258643,糖醋里脊,400g,13.48,9,121.32,2024/2/20 12:19,新一线,银行卡,秒杀,2,119.32,2156,36,1,25-34
4713512,483592,宫保鸡丁,600g,22.13,5,110.65,2024/9/7 16:34,新一线,余额,秒杀,19,91.65,56,25,1,45-54
5319307,485492,麻婆豆腐,200g,42.43,10,424.3,2024/5/7 12:42,新一线,余额,平台券,6,418.3,6950,39,0,45-54
2671572,908432,宫保鸡丁,400g,47.93,6,287.58,2024/11/16 23:51,新一线,支付宝,平台券,11,276.58,1844,41,1,45-54
2916884,961053,蒜蓉西兰花,800g,13.65,4,54.6,2024/2/9 15:39,三线,云闪付,无,0,54.6,8589,49,1,45-54
4074914,525135,凉拌黄瓜,600g,48.43,7,339.01,2024/8/30 4:03,一线,余额,无,0,339.01,6796,44,1,25-34
9402760,959009,宫保鸡丁,1000g,20.31,6,121.86,2024/5/26 0:53,新一线,云闪付,无,0,121.86,4804,49,1,18-24
2650451,837764,回锅肉,500g,49.82,7,348.74,2024/2/25 10:48,三线,银行卡,秒杀,15,333.74,1123,36,0,25-34
1766846,460888,蒜蓉西兰花,200g,31.53,8,252.24,2024/1/23 7:29,新一线,支付宝,无,0,252.24,2574,38,1,55+
6159456,756331,回锅肉,200g,49.1,5,245.5,2024/12/19 17:35,新一线,支付宝,平台券,9,236.5,9995,43,1,25-34
5222715,675834,蒜蓉西兰花,600g,44.13,7,308.91,2024/2/26 2:15,三线,微信,会员折扣,32,276.91,22,40,1,18-24
6674627,859273,螺蛳粉,400g,29.93,10,299.3,2024/6/19 21:31,新一线,银行卡,秒杀,6,293.3,5508,32,0,45-54
1766846,460888,蒜蓉西兰花,200g,19.09,9,171.81,2024/1/23 7:29,一线,支付宝,店铺券,1,170.81,2574,38,0,45-54
7585930,261987,番茄炒蛋,300g,30.61,0,0,2024/12/7 1:24,三线,余额,无,0,0,3339,32,0,18-24
7236881,914483,凉拌黄瓜,300g,23.88,5,119.4,2024/1/4 17:53,新一线,微信,会员折扣,9,110.4,1823,46,1,18-24
5806555,515155,麻婆豆腐,600g,30.18,10,301.8,2024/3/6 7:13,新一线,支付宝,店铺券,6,295.8,4929,44,1,45-54
7386530,589832,番茄炒蛋,1000g,27.82,0,0,2024/5/7 12:07,新一线,云闪付,无,0,0,8275,37,1,35-44
7585930,261987,番茄炒蛋,300g,13.7,3,41.1,2024/12/7 1:24,一线,余额,会员折扣,1,40.1,3339,32,0,35-44
9529920,383543,麻婆豆腐,300g,45.82,9,412.38,2024/2/27 19:55,二线,银行卡,满减,14,398.38,50,50,1,25-34
7253549,995055,鱼香肉丝,800g,39.46,9,355.14,2024/10/1 0:38,二线,银行卡,秒杀,21,334.14,6706,41,1,18-24
8786605,947285,番茄炒蛋,500g,25.45,10,254.5,2024/8/8 8:54,新一线,支付宝,无,0,254.5,7631,39,0,55+
7253549,995055,鱼香肉丝,800g,29.64,5,148.2,2024/10/1 0:38,新一线,银行卡,会员折扣,9,139.2,6706,41,0,25-34
1766846,460888,蒜蓉西兰花,200g,49,1,49,2024/1/23 7:29,新一线,支付宝,无,0,49,2574,38,0,35-44
9402760,959009,宫保鸡丁,1000g,49.33,5,246.65,2024/5/26 0:53,三线,云闪付,会员折扣,12,234.65,4804,49,1,25-34
2238894,300200,蒜蓉西兰花,600g,38.16,0,0,2024/6/29 8:55,新一线,支付宝,满减,0,0,5235,43,1,18-24
2238894,300200,蒜蓉西兰花,600g,18.7,7,130.9,2024/6/29 8:55,三线,支付宝,平台券,4,126.9,5235,43,1,35-44
9281161,703517,蒜蓉西兰花,500g,23.35,5,116.75,2024/2/10 0:15,新一线,银行卡,会员折扣,8,108.75,5686,31,0,18-24
9281161,703517,蒜蓉西兰花,500g,22.91,3,68.73,2024/2/10 0:15,新一线,银行卡,会员折扣,3,65.73,5686,31,1,25-34
6242634,535130,清蒸鲈鱼,800g,47.11,1,47.11,2024/3/29 11:46,新一线,余额,满减,22,25.11,2871,44,1,18-24
5976826,834031,回锅肉,300g,44.71,4,178.84,2024/7/2 14:02,新一线,支付宝,平台券,64,114.84,80,23,0,25-34
5171699,559853,回锅肉,800g,14.17,3,42.51,2024/1/19 0:51,一线,微信,店铺券,3,39.51,4872,49,1,18-24
5979571,994730,番茄炒蛋,800g,15.82,9,142.38,2024/1/23 10:35,三线,银行卡,满减,2,140.38,3432,32,0,35-44
5979571,994730,番茄炒蛋,800g,45.09,1,45.09,2024/1/23 10:35,一线,银行卡,无,0,45.09,3432,32,1,55+
4584910,891942,清蒸鲈鱼,1000g,35.98,6,215.88,2024/9/1 7:55,新一线,云闪付,店铺券,2,213.88,2243,42,1,18-24
3112644,850220,螺蛳粉,1000g,13.01,0,0,2024/5/24 3:30,三线,银行卡,会员折扣,0,0,57,37,0,18-24
5171699,559853,回锅肉,800g,20.3,4,81.2,2024/1/19 0:51,二线,微信,秒杀,0,81.2,4872,49,1,35-44
5979571,994730,番茄炒蛋,800g,25.4,9,228.6,2024/1/23 10:35,一线,银行卡,会员折扣,3,225.6,3432,32,0,18-24
8979916,535880,糖醋里脊,500g,39.44,4,157.76,2024/12/20 15:07,一线,云闪付,无,0,157.76,16,10,0,18-24
1583471,132571,清蒸鲈鱼,800g,49.91,9,449.19,2024/7/15 12:57,三线,银行卡,店铺券,7,442.19,7674,41,1,25-34
6499988,427811,蒜蓉西兰花,200g,10.99,9,98.91,2024/12/23 14:23,新一线,支付宝,满减,1,97.91,5798,32,0,18-24
6499988,427811,蒜蓉西兰花,200g,39.01,7,273.07,2024/12/23 14:23,新一线,支付宝,满减,3,270.07,5798,32,1,25-34
5341644,406950,凉拌黄瓜,400g,48.98,10,489.8,2024/4/29 5:04,新一线,余额,会员折扣,9,480.8,7395,49,1,45-54
6499988,427811,蒜蓉西兰花,200g,35.89,10,358.9,2024/12/23 14:23,新一线,支付宝,会员折扣,1,357.9,5798,32,1,25-34
6499988,427811,蒜蓉西兰花,200g,15.13,0,0,2024/12/23 14:23,一线,支付宝,会员折扣,0,0,5798,32,1,25-34
3112644,850220,螺蛳粉,1000g,36.01,5,180.05,2024/5/24 3:30,新一线,银行卡,会员折扣,17,163.05,57,37,0,18-24
6499988,427811,蒜蓉西兰花,200g,27.08,7,189.56,2024/12/23 14:23,新一线,支付宝,满减,1,188.56,5798,32,1,25-34
6499988,427811,蒜蓉西兰花,200g,28.76,0,0,2024/12/23 14:23,一线,支付宝,秒杀,0,0,5798,32,1,18-24
5979571,994730,番茄炒蛋,800g,47.14,7,329.98,2024/1/23 10:35,三线,银行卡,满减,2,327.98,3432,32,0,25-34
5979571,994730,番茄炒蛋,800g,35.64,8,285.12,2024/1/23 10:35,新一线,银行卡,会员折扣,0,285.12,3432,32,1,45-54
6499988,427811,蒜蓉西兰花,200g,31.01,9,279.09,2024/12/23 14:23,三线,支付宝,店铺券,4,275.09,5798,32,1,18-24
5171699,559853,回锅肉,800g,48.9,5,244.5,2024/1/19 0:51,二线,微信,满减,6,238.5,4872,49,1,25-34
4584910,891942,清蒸鲈鱼,1000g,24.21,3,72.63,2024/9/1 7:55,二线,云闪付,会员折扣,1,71.63,2243,42,1,18-24
2570994,194468,回锅肉,600g,27.96,8,223.68,2024/8/26 4:15,一线,银行卡,无,0,223.68,7707,34,1,45-54
6516593,219996,糖醋里脊,300g,19.79,6,118.74,2024/12/30 3:33,二线,支付宝,无,0,118.74,9880,40,1,25-34
2570994,194468,回锅肉,600g,32.02,7,224.14,2024/8/26 4:15,二线,银行卡,会员折扣,6,218.14,7707,34,1,25-34
6757197,291230,蒜蓉西兰花,500g,42.78,3,128.34,2024/5/22 17:44,新一线,银行卡,满减,11,117.34,4191,44,1,45-54
1770853,298277,螺蛳粉,600g,15.19,4,60.76,2024/1/31 16:42,一线,支付宝,无,0,60.76,5987,33,1,35-44
1770853,298277,螺蛳粉,600g,48.51,6,291.06,2024/1/31 16:42,三线,支付宝,无,0,291.06,5987,33,0,18-24
1770853,298277,螺蛳粉,600g,41.26,5,206.3,2024/1/31 16:42,一线,支付宝,无,0,206.3,5987,33,1,25-34
1770853,298277,螺蛳粉,600g,21.45,7,150.15,2024/1/31 16:42,新一线,支付宝,无,0,150.15,5987,33,1,45-54
1292464,759989,回锅肉,400g,48.32,0,0,2024/9/19 22:41,新一线,支付宝,店铺券,0,0,3837,37,0,18-24
1770853,298277,螺蛳粉,600g,30.02,8,240.16,2024/1/31 16:42,新一线,支付宝,无,0,240.16,5987,33,0,18-24
6021777,589561,糖醋里脊,400g,35.84,5,179.2,2024/4/11 22:34,新一线,余额,会员折扣,13,166.2,1133,34,0,35-44
7232988,104950,蒜蓉西兰花,200g,19.32,1,19.32,2024/3/2 0:23,新一线,银行卡,会员折扣,3,16.32,66,30,0,18-24
1401936,655892,清蒸鲈鱼,300g,40.19,7,281.33,2024/12/17 21:52,一线,微信,无,0,281.33,38,42,1,25-34
5561961,683275,凉拌黄瓜,400g,24.18,5,120.9,2024/4/3 17:48,二线,云闪付,会员折扣,4,116.9,12,42,1,18-24
7232988,104950,蒜蓉西兰花,200g,32.58,7,228.06,2024/3/2 0:23,三线,银行卡,店铺券,13,215.06,66,30,0,18-24
9767748,609512,麻婆豆腐,800g,20.63,9,185.67,2024/3/22 12:13,新一线,云闪付,秒杀,5,180.67,6120,41,1,35-44
1292464,759989,回锅肉,400g,46.28,0,0,2024/9/19 22:41,一线,支付宝,会员折扣,0,0,3837,37,0,18-24
1770853,298277,螺蛳粉,600g,28.12,0,0,2024/1/31 16:42,新一线,支付宝,秒杀,0,0,5987,33,0,18-24
1770853,298277,螺蛳粉,600g,47.83,0,0,2024/1/31 16:42,二线,支付宝,店铺券,0,0,5987,33,1,18-24
1770853,298277,螺蛳粉,600g,37.07,1,37.07,2024/1/31 16:42,三线,支付宝,店铺券,0,37.07,5987,33,1,25-34
1401936,655892,清蒸鲈鱼,300g,13.72,2,27.44,2024/12/17 21:52,二线,微信,会员折扣,7,20.44,38,42,1,25-34
1770853,298277,螺蛳粉,600g,17.89,8,143.12,2024/1/31 16:42,二线,支付宝,店铺券,3,140.12,5987,33,1,45-54
1292464,759989,回锅肉,400g,16.67,3,50.01,2024/9/19 22:41,一线,支付宝,无,0,50.01,3837,37,0,18-24
5979571,994730,番茄炒蛋,800g,42.86,5,214.3,2024/1/23 10:35,新一线,银行卡,无,0,214.3,3432,32,0,25-34
7232988,104950,蒜蓉西兰花,200g,45.64,10,456.4,2024/3/2 0:23,新一线,银行卡,会员折扣,18,438.4,66,30,0,45-54
1401936,655892,清蒸鲈鱼,300g,49.42,9,444.78,2024/12/17 21:52,二线,微信,满减,7,437.78,38,42,1,35-44
1401936,655892,清蒸鲈鱼,300g,37.47,6,224.82,2024/12/17 21:52,二线,微信,无,0,224.82,38,42,1,45-54
5171699,559853,回锅肉,800g,20.11,2,40.22,2024/1/19 0:51,新一线,微信,无,0,40.22,4872,49,1,45-54
1770853,298277,螺蛳粉,600g,26.21,10,262.1,2024/1/31 16:42,一线,支付宝,秒杀,7,255.1,5987,33,1,18-24
2570994,194468,回锅肉,600g,46.38,9,417.42,2024/8/26 4:15,二线,银行卡,无,0,417.42,7707,34,1,45-54
1437968,436531,番茄炒蛋,1000g,30.12,8,240.96,2024/3/1 9:21,新一线,支付宝,满减,1,239.96,9781,34,1,25-34
6112883,527795,回锅肉,300g,20.87,0,0,2024/1/9 14:00,新一线,余额,店铺券,0,0,1576,41,1,25-34
3681555,868106,回锅肉,400g,49.26,8,394.08,2024/6/23 20:09,一线,微信,无,0,394.08,86,36,0,45-54
9582122,210407,蒜蓉西兰花,1000g,26.65,6,159.9,2024/1/21 11:18,新一线,支付宝,满减,4,155.9,4718,37,1,25-34
6452363,647495,回锅肉,200g,12.8,8,102.4,2024/8/17 4:03,新一线,余额,平台券,8,94.4,20,48,0,45-54
2913865,987564,番茄炒蛋,1000g,47.15,3,141.45,2024/12/12 17:53,新一线,银行卡,店铺券,2,139.45,6451,14,0,45-54
5902951,913212,回锅肉,500g,29.87,2,59.74,2024/7/14 3:19,三线,银行卡,会员折扣,3,56.74,3725,41,1,25-34
3954241,935721,番茄炒蛋,200g,27.84,2,55.68,2024/8/16 18:14,三线,支付宝,会员折扣,5,50.68,2371,41,1,18-24
6452363,647495,回锅肉,200g,49.85,5,249.25,2024/8/17 4:03,新一线,余额,店铺券,58,191.25,20,48,0,45-54
7311081,825172,清蒸鲈鱼,400g,39.44,1,39.44,2024/6/10 5:33,新一线,银行卡,秒杀,18,21.44,9342,49,1,18-24
6242634,535130,清蒸鲈鱼,800g,30.24,10,302.4,2024/3/29 11:46,新一线,余额,无,0,302.4,2871,44,1,18-24
8640488,913459,番茄炒蛋,600g,26.27,1,26.27,2024/12/26 5:42,二线,银行卡,店铺券,11,15.27,99,42,1,25-34
1211532,919980,麻婆豆腐,500g,26.91,6,161.46,2024/7/22 6:55,二线,支付宝,满减,3,158.46,4515,24,1,25-34
6499988,427811,蒜蓉西兰花,200g,19.32,7,135.24,2024/12/23 14:23,一线,支付宝,会员折扣,4,131.24,5798,32,1,45-54
5738415,245149,糖醋里脊,300g,26.63,10,266.3,2024/8/4 15:52,新一线,银行卡,会员折扣,7,259.3,1277,37,1,18-24
1555770,591751,宫保鸡丁,600g,27.92,2,55.84,2024/10/12 20:31,新一线,云闪付,秒杀,0,55.84,7803,39,0,35-44
6990153,313816,清蒸鲈鱼,300g,38.75,10,387.5,2024/12/18 3:47,二线,支付宝,满减,2,385.5,33,44,1,55+
2514535,906996,螺蛳粉,200g,27.87,5,139.35,2024/1/5 23:10,三线,微信,满减,16,123.35,2643,40,1,45-54
7717045,272912,凉拌黄瓜,300g,41.12,2,82.24,2024/9/20 21:43,新一线,银行卡,满减,4,78.24,1759,17,0,18-24
4435685,765553,宫保鸡丁,500g,36.66,10,366.6,2024/6/8 15:53,三线,余额,满减,13,353.6,7083,20,1,35-44
1292464,759989,回锅肉,400g,21.42,6,128.52,2024/9/19 22:41,新一线,支付宝,店铺券,7,121.52,3837,37,0,25-34
7717045,272912,凉拌黄瓜,300g,14.38,5,71.9,2024/9/20 21:43,新一线,银行卡,平台券,8,63.9,1759,17,0,18-24
2570994,194468,回锅肉,600g,48.63,4,194.52,2024/8/26 4:15,一线,银行卡,满减,9,185.52,7707,34,1,35-44
7585930,261987,番茄炒蛋,300g,19.82,10,198.2,2024/12/7 1:24,三线,余额,会员折扣,0,198.2,3339,32,0,45-54
1770853,298277,螺蛳粉,600g,38.7,4,154.8,2024/1/31 16:42,三线,支付宝,会员折扣,14,140.8,5987,33,1,45-54
1401936,655892,清蒸鲈鱼,300g,13.15,5,65.75,2024/12/17 21:52,一线,微信,满减,1,64.75,38,42,1,18-24
5806555,515155,麻婆豆腐,600g,19.93,2,39.86,2024/3/6 7:13,二线,支付宝,满减,11,28.86,4929,44,1,45-54
8046287,458365,清蒸鲈鱼,300g,25.58,10,255.8,2024/1/4 18:11,二线,余额,平台券,12,243.8,82,11,0,45-54
2577822,710927,鱼香肉丝,600g,26.45,10,264.5,2024/7/27 16:06,三线,支付宝,会员折扣,23,241.5,2,37,0,35-44
9107025,183900,回锅肉,300g,10.79,10,107.9,2024/12/13 5:31,二线,微信,满减,8,99.9,52,43,0,45-54
8467907,546203,蒜蓉西兰花,200g,48.62,10,486.2,2024/12/14 23:18,三线,支付宝,满减,5,481.2,6487,42,1,25-34
1252882,359612,麻婆豆腐,400g,41.6,5,208,2024/1/21 19:55,一线,银行卡,平台券,3,205,8497,38,1,18-24
3681555,868106,回锅肉,400g,22.36,8,178.88,2024/6/23 20:09,二线,微信,会员折扣,27,151.88,86,36,0,18-24
5319307,485492,麻婆豆腐,200g,45.9,9,413.1,2024/5/7 12:42,新一线,余额,无,0,413.1,6950,39,0,18-24
7269703,784184,蒜蓉西兰花,300g,43.02,4,172.08,2024/6/3 7:44,新一线,云闪付,会员折扣,12,160.08,1412,33,1,45-54
8655936,230854,番茄炒蛋,1000g,11.99,9,107.91,2024/9/6 10:56,一线,支付宝,满减,2,105.91,9326,33,0,25-34
1799671,976181,回锅肉,1000g,15.72,5,78.6,2024/4/27 20:36,新一线,余额,会员折扣,2,76.6,5897,33,1,35-44
2916884,961053,蒜蓉西兰花,800g,31.68,3,95.04,2024/2/9 15:39,新一线,云闪付,会员折扣,7,88.04,8589,49,1,25-34
4951966,976063,糖醋里脊,500g,37.38,2,74.76,2024/3/5 4:27,新一线,余额,满减,0,74.76,6610,48,1,18-24
5095272,180524,清蒸鲈鱼,300g,30.13,7,210.91,2024/11/3 22:13,一线,余额,秒杀,7,203.91,4716,50,1,55+
3027642,883089,蒜蓉西兰花,300g,44.9,6,269.4,2024/9/24 19:23,新一线,余额,无,0,269.4,7976,37,0,45-54
8640488,913459,番茄炒蛋,600g,16.29,5,81.45,2024/12/26 5:42,新一线,银行卡,会员折扣,29,52.45,99,42,1,25-34
9964130,195833,糖醋里脊,200g,42.71,0,0,2024/11/3 14:45,一线,微信,满减,0,0,9347,30,1,18-24
8581360,603337,凉拌黄瓜,400g,26.72,0,0,2024/8/28 3:36,三线,银行卡,秒杀,0,0,2374,47,1,18-24
5171699,559853,回锅肉,800g,15.16,5,75.8,2024/1/19 0:51,一线,微信,会员折扣,2,73.8,4872,49,1,18-24
6499988,427811,蒜蓉西兰花,200g,14.05,10,140.5,2024/12/23 14:23,二线,支付宝,满减,2,138.5,5798,32,0,18-24
1240498,591828,糖醋里脊,300g,15.07,10,150.7,2024/10/30 9:40,新一线,银行卡,平台券,2,148.7,2973,34,1,45-54
3183625,776512,宫保鸡丁,500g,29.72,5,148.6,2024/2/14 7:53,三线,银行卡,无,0,148.6,3974,47,1,18-24
3955694,939227,蒜蓉西兰花,400g,29.61,1,29.61,2024/8/6 15:34,新一线,支付宝,会员折扣,12,17.61,7037,30,1,45-54
8655936,230854,番茄炒蛋,1000g,26.14,6,156.84,2024/9/6 10:56,二线,支付宝,满减,4,152.84,9326,33,1,18-24
6274184,720925,宫保鸡丁,200g,19.53,6,117.18,2024/1/22 0:38,一线,云闪付,无,0,117.18,4284,33,0,18-24
2577822,710927,鱼香肉丝,600g,19.55,4,78.2,2024/7/27 16:06,三线,支付宝,会员折扣,2,76.2,2,37,0,35-44
9281161,703517,蒜蓉西兰花,500g,11.41,2,22.82,2024/2/10 0:15,新一线,银行卡,会员折扣,1,21.82,5686,31,0,25-34
9658762,589393,番茄炒蛋,800g,19.74,6,118.44,2024/2/1 6:41,一线,银行卡,无,0,118.44,3845,33,1,25-34
7232988,104950,蒜蓉西兰花,200g,40.38,0,0,2024/3/2 0:23,一线,银行卡,平台券,0,0,66,30,0,18-24
6499988,427811,蒜蓉西兰花,200g,18.24,2,36.48,2024/12/23 14:23,三线,支付宝,会员折扣,3,33.48,5798,32,1,18-24
6106324,107407,鱼香肉丝,400g,18.2,1,18.2,2024/11/12 15:27,二线,云闪付,满减,3,15.2,3727,43,1,25-34
2899519,932902,清蒸鲈鱼,800g,44.1,5,220.5,2024/8/26 17:24,新一线,微信,无,0,220.5,85,33,0,45-54
1471166,567188,鱼香肉丝,300g,44.98,5,224.9,2024/3/25 11:23,新一线,银行卡,平台券,15,209.9,6739,10,0,18-24
1191584,287716,糖醋里脊,800g,46.24,6,277.44,2024/10/4 3:04,一线,支付宝,满减,0,277.44,1037,45,1,45-54
5407501,876354,鱼香肉丝,400g,20.6,10,206,2024/12/25 4:44,三线,银行卡,无,0,206,8945,49,1,25-34
1770853,298277,螺蛳粉,600g,12.08,10,120.8,2024/1/31 16:42,新一线,支付宝,会员折扣,4,116.8,5987,33,0,18-24
4713512,483592,宫保鸡丁,600g,10.16,6,60.96,2024/9/7 16:34,新一线,余额,会员折扣,3,57.96,56,25,1,25-34
9658762,589393,番茄炒蛋,800g,49.98,0,0,2024/2/1 6:41,二线,银行卡,秒杀,0,0,3845,33,1,55+
1799671,976181,回锅肉,1000g,22,6,132,2024/4/27 20:36,二线,余额,秒杀,2,130,5897,33,1,18-24
8762295,873722,蒜蓉西兰花,500g,16.05,10,160.5,2024/2/10 21:35,三线,支付宝,满减,3,157.5,6359,38,0,18-24
9859178,652133,回锅肉,600g,21.39,1,21.39,2024/6/6 6:50,二线,银行卡,满减,4,17.39,4399,35,0,18-24
5407501,876354,鱼香肉丝,400g,31.59,7,221.13,2024/12/25 4:44,新一线,银行卡,秒杀,11,210.13,8945,49,1,18-24
2577822,710927,鱼香肉丝,600g,13.1,2,26.2,2024/7/27 16:06,一线,支付宝,会员折扣,1,25.2,2,37,0,18-24
8655936,230854,番茄炒蛋,1000g,28.65,10,286.5,2024/9/6 10:56,一线,支付宝,店铺券,5,281.5,9326,33,0,35-44
9964130,195833,糖醋里脊,200g,33.19,4,132.76,2024/11/3 14:45,三线,微信,无,0,132.76,9347,30,1,45-54
9658762,589393,番茄炒蛋,800g,39.73,8,317.84,2024/2/1 6:41,一线,银行卡,秒杀,2,315.84,3845,33,1,25-34
8177650,852705,糖醋里脊,200g,38.93,9,350.37,2024/9/23 18:45,一线,云闪付,满减,2,348.37,8867,44,1,45-54
7717045,272912,凉拌黄瓜,300g,19.96,8,159.68,2024/9/20 21:43,一线,银行卡,会员折扣,7,152.68,1759,17,1,35-44
9964130,195833,糖醋里脊,200g,24.89,5,124.45,2024/11/3 14:45,新一线,微信,无,0,124.45,9347,30,1,18-24
9154700,406204,糖醋里脊,400g,12.11,4,48.44,2024/9/14 18:45,三线,云闪付,无,0,48.44,7081,38,0,55+
2653530,322191,凉拌黄瓜,600g,12.18,0,0,2024/9/13 21:22,新一线,银行卡,无,0,0,5554,35,0,25-34
8581360,603337,凉拌黄瓜,400g,32.46,0,0,2024/8/28 3:36,二线,银行卡,会员折扣,0,0,2374,47,1,18-24
8021854,244184,番茄炒蛋,500g,16.83,3,50.49,2024/6/1 8:19,三线,支付宝,会员折扣,3,47.49,3880,34,1,18-24
2106436,833685,糖醋里脊,800g,22.75,2,45.5,2024/10/18 20:37,新一线,余额,平台券,1,44.5,9309,40,1,18-24
8641930,807883,回锅肉,800g,42.11,1,42.11,2024/4/5 4:32,三线,支付宝,满减,12,30.11,6096,36,1,18-24
3112644,850220,螺蛳粉,1000g,15.83,6,94.98,2024/5/24 3:30,三线,银行卡,无,0,94.98,57,37,0,25-34
9859178,652133,回锅肉,600g,37.68,8,301.44,2024/6/6 6:50,一线,银行卡,平台券,15,286.44,4399,35,1,35-44
6274184,720925,宫保鸡丁,200g,12.9,1,12.9,2024/1/22 0:38,三线,云闪付,会员折扣,4,8.9,4284,33,0,18-24
3017559,461996,螺蛳粉,1000g,26.1,6,156.6,2024/4/2 5:13,三线,支付宝,店铺券,12,144.6,2263,46,1,18-24
9658762,589393,番茄炒蛋,800g,13.62,8,108.96,2024/2/1 6:41,一线,银行卡,满减,3,105.96,3845,33,1,25-34
1437968,436531,番茄炒蛋,1000g,12.05,8,96.4,2024/3/1 9:21,新一线,支付宝,秒杀,1,95.4,9781,34,1,25-34
8986271,601970,蒜蓉西兰花,1000g,24.03,9,216.27,2024/9/22 22:53,新一线,银行卡,无,0,216.27,7087,36,1,18-24
9107025,183900,回锅肉,300g,40.91,8,327.28,2024/12/13 5:31,新一线,微信,会员折扣,16,311.28,52,43,0,18-24
1770853,298277,螺蛳粉,600g,16.14,1,16.14,2024/1/31 16:42,二线,支付宝,会员折扣,1,15.14,5987,33,1,25-34
7253549,995055,鱼香肉丝,800g,16.06,8,128.48,2024/10/1 0:38,三线,银行卡,会员折扣,8,120.48,6706,41,1,18-24
1766846,460888,蒜蓉西兰花,200g,38.29,7,268.03,2024/1/23 7:29,三线,支付宝,满减,8,260.03,2574,38,0,25-34
8581360,603337,凉拌黄瓜,400g,14.23,9,128.07,2024/8/28 3:36,三线,银行卡,平台券,0,128.07,2374,47,1,45-54
5979571,994730,番茄炒蛋,800g,35.13,3,105.39,2024/1/23 10:35,新一线,银行卡,平台券,13,92.39,3432,32,0,45-54
4074914,525135,凉拌黄瓜,600g,41.23,8,329.84,2024/8/30 4:03,新一线,余额,会员折扣,1,328.84,6796,44,0,25-34
1401936,655892,清蒸鲈鱼,300g,25.61,3,76.83,2024/12/17 21:52,一线,微信,满减,29,47.83,38,42,1,25-34
8581360,603337,凉拌黄瓜,400g,46.45,6,278.7,2024/8/28 3:36,新一线,银行卡,无,0,278.7,2374,47,1,25-34
8986271,601970,蒜蓉西兰花,1000g,32.16,4,128.64,2024/9/22 22:53,新一线,银行卡,会员折扣,5,123.64,7087,36,1,18-24
2238894,300200,蒜蓉西兰花,600g,46.79,7,327.53,2024/6/29 8:55,一线,支付宝,满减,9,318.53,5235,43,1,35-44
8986271,601970,蒜蓉西兰花,1000g,34.27,2,68.54,2024/9/22 22:53,二线,银行卡,平台券,3,65.54,7087,36,0,25-34
8979916,535880,糖醋里脊,500g,41.9,9,377.1,2024/12/20 15:07,二线,云闪付,满减,34,343.1,16,10,0,18-24
6159456,756331,回锅肉,200g,13.45,7,94.15,2024/12/19 17:35,三线,支付宝,满减,0,94.15,9995,43,1,18-24
4676494,792447,回锅肉,400g,23.5,7,164.5,2024/7/13 16:13,一线,银行卡,满减,0,164.5,6210,38,0,18-24
7717045,272912,凉拌黄瓜,300g,26.01,3,78.03,2024/9/20 21:43,三线,银行卡,会员折扣,1,77.03,1759,17,0,25-34
5095272,180524,清蒸鲈鱼,300g,36.54,5,182.7,2024/11/3 22:13,一线,余额,会员折扣,1,181.7,4716,50,1,18-24
9658762,589393,番茄炒蛋,800g,43.45,7,304.15,2024/2/1 6:41,新一线,银行卡,满减,0,304.15,3845,33,1,18-24
5979571,994730,番茄炒蛋,800g,18.62,6,111.72,2024/1/23 10:35,三线,银行卡,会员折扣,5,106.72,3432,32,1,25-34
7865420,942487,宫保鸡丁,400g,13.9,4,55.6,2024/6/14 9:47,一线,银行卡,平台券,3,52.6,8183,42,1,18-24
1191584,287716,糖醋里脊,800g,24,1,24,2024/10/4 3:04,一线,支付宝,满减,4,20,1037,45,1,18-24
3027642,883089,蒜蓉西兰花,300g,38.54,2,77.08,2024/9/24 19:23,三线,余额,会员折扣,7,70.08,7976,37,0,18-24
9582122,210407,蒜蓉西兰花,1000g,18.3,1,18.3,2024/1/21 11:18,新一线,支付宝,满减,2,16.3,4718,37,1,25-34
7418157,100235,回锅肉,400g,27.28,3,81.84,2024/10/25 10:55,新一线,支付宝,店铺券,3,78.84,5159,45,1,18-24
9529920,383543,麻婆豆腐,300g,27.71,2,55.42,2024/2/27 19:55,新一线,银行卡,无,0,55.42,50,50,1,18-24
9228642,726095,清蒸鲈鱼,300g,24.69,8,197.52,2024/1/2 6:43,一线,余额,秒杀,2,195.52,7388,40,1,45-54
8581360,603337,凉拌黄瓜,400g,30.97,7,216.79,2024/8/28 3:36,新一线,银行卡,无,0,216.79,2374,47,1,25-34
9402760,959009,宫保鸡丁,1000g,33.09,6,198.54,2024/5/26 0:53,三线,云闪付,满减,10,188.54,4804,49,1,25-34
3701933,786390,鱼香肉丝,300g,13.26,7,92.82,2024/3/9 10:27,新一线,支付宝,无,0,92.82,8854,49,0,25-34
4740734,242913,蒜蓉西兰花,200g,38.69,7,270.83,2024/1/16 5:26,一线,微信,无,0,270.83,5598,32,1,18-24
3976212,538994,蒜蓉西兰花,1000g,26.71,6,160.26,2024/5/30 19:26,新一线,支付宝,秒杀,6,154.26,8297,36,1,25-34
7269703,784184,蒜蓉西兰花,300g,33.85,3,101.55,2024/6/3 7:44,一线,云闪付,店铺券,8,93.55,1412,33,1,25-34
3701933,786390,鱼香肉丝,300g,28.63,5,143.15,2024/3/9 10:27,一线,支付宝,满减,3,140.15,8854,49,1,35-44
8177650,852705,糖醋里脊,200g,23.53,10,235.3,2024/9/23 18:45,一线,云闪付,无,0,235.3,8867,44,1,18-24
5000610,258643,糖醋里脊,400g,46.49,9,418.41,2024/2/20 12:19,三线,银行卡,店铺券,4,414.41,2156,36,1,18-24
6008369,551347,麻婆豆腐,1000g,39.65,1,39.65,2024/3/4 17:54,一线,银行卡,店铺券,2,37.65,6317,32,0,25-34
7933755,391358,蒜蓉西兰花,200g,31.2,0,0,2024/6/16 2:10,一线,云闪付,会员折扣,0,0,7995,40,0,55+
7717045,272912,凉拌黄瓜,300g,35.14,3,105.42,2024/9/20 21:43,三线,银行卡,会员折扣,4,101.42,1759,17,0,35-44
1584706,286629,凉拌黄瓜,500g,21.19,0,0,2024/10/23 10:01,新一线,银行卡,满减,0,0,2265,42,1,45-54
4584910,891942,清蒸鲈鱼,1000g,26.55,6,159.3,2024/9/1 7:55,新一线,云闪付,会员折扣,2,157.3,2243,42,1,45-54
3175900,688135,清蒸鲈鱼,400g,44.28,3,132.84,2024/3/7 4:48,新一线,余额,会员折扣,84,48.84,19,40,0,18-24
6185130,948691,鱼香肉丝,500g,45.3,7,317.1,2024/5/30 12:21,一线,余额,满减,14,303.1,2114,32,1,25-34
4068923,582303,麻婆豆腐,600g,44.26,1,44.26,2024/5/16 8:33,一线,支付宝,秒杀,6,38.26,4856,40,1,25-34
3383186,711279,番茄炒蛋,200g,46.62,8,372.96,2024/9/1 9:26,新一线,银行卡,无,0,372.96,21,36,0,18-24
2316082,799975,回锅肉,400g,27.44,4,109.76,2024/1/17 16:36,三线,余额,店铺券,3,106.76,1887,31,0,25-34
3705640,969129,宫保鸡丁,200g,40.67,3,122.01,2024/3/8 23:48,新一线,支付宝,平台券,10,112.01,4371,41,1,25-34
2496845,381120,麻婆豆腐,300g,33.63,4,134.52,2024/7/16 3:38,三线,支付宝,平台券,32,102.52,9,44,1,18-24
8524321,756388,糖醋里脊,600g,32.49,0,0,2024/3/16 15:54,三线,支付宝,会员折扣,0,0,57,44,1,18-24
2461635,711316,鱼香肉丝,1000g,20.75,1,20.75,2024/6/3 15:19,三线,银行卡,平台券,3,17.75,5411,38,1,25-34
5441633,572849,凉拌黄瓜,400g,38.91,4,155.64,2024/6/18 23:53,一线,银行卡,会员折扣,1,154.64,6372,34,0,45-54
6854159,220108,宫保鸡丁,800g,12.54,8,100.32,2024/10/6 3:18,新一线,银行卡,店铺券,2,98.32,7070,46,1,18-24
9939015,676560,凉拌黄瓜,200g,46.27,4,185.08,2024/10/24 12:50,三线,微信,平台券,3,182.08,15,31,0,18-24
7826210,685223,麻婆豆腐,400g,20.61,1,20.61,2024/7/28 21:20,三线,支付宝,秒杀,1,19.61,43,33,0,18-24
3333616,701211,宫保鸡丁,400g,36.32,10,363.2,2024/7/2 9:25,一线,支付宝,会员折扣,5,358.2,8370,10,0,18-24
6185130,948691,鱼香肉丝,500g,42.96,0,0,2024/5/30 12:21,新一线,余额,秒杀,0,0,2114,32,0,35-44
1931991,153033,宫保鸡丁,800g,46.99,0,0,2024/2/26 19:42,三线,支付宝,平台券,0,0,1475,31,0,18-24
6953221,367056,宫保鸡丁,200g,48.02,8,384.16,2024/11/11 18:44,一线,银行卡,满减,19,365.16,1435,21,1,18-24
7307169,668423,回锅肉,1000g,25.34,6,152.04,2024/8/22 18:24,新一线,支付宝,无,0,152.04,6341,38,0,18-24
4904097,874080,鱼香肉丝,600g,26.43,1,26.43,2024/9/20 20:27,二线,支付宝,会员折扣,2,24.43,8792,44,1,45-54
1560831,315405,麻婆豆腐,500g,24.87,0,0,2024/5/30 11:30,新一线,支付宝,平台券,0,0,2497,30,1,18-24
7845170,601361,鱼香肉丝,300g,42.31,0,0,2024/3/26 6:44,三线,支付宝,无,0,0,2289,42,1,45-54
2512027,423963,糖醋里脊,1000g,30.34,2,60.68,2024/1/9 22:04,一线,支付宝,店铺券,16,44.68,4778,32,0,45-54
7826210,685223,麻婆豆腐,400g,19.32,6,115.92,2024/7/28 21:20,二线,支付宝,会员折扣,15,100.92,43,33,0,18-24
6481991,683924,凉拌黄瓜,1000g,43.66,10,436.6,2024/8/26 2:54,新一线,余额,秒杀,8,428.6,6605,34,1,45-54
6185130,948691,鱼香肉丝,500g,28.4,5,142,2024/5/30 12:21,一线,余额,满减,7,135,2114,32,1,45-54
9060832,196447,螺蛳粉,800g,17.54,7,122.78,2024/1/3 12:15,新一线,余额,无,0,122.78,6964,45,1,18-24
4770887,251867,宫保鸡丁,800g,13.44,5,67.2,2024/8/1 12:54,一线,云闪付,无,0,67.2,4504,30,1,18-24
2736435,387600,螺蛳粉,1000g,30.11,0,0,2024/7/17 11:14,三线,银行卡,无,0,0,86,37,0,18-24
7845170,601361,鱼香肉丝,300g,10.34,6,62.04,2024/3/26 6:44,新一线,支付宝,店铺券,2,60.04,2289,42,1,35-44
1885596,226714,宫保鸡丁,400g,37.88,0,0,2024/9/29 4:43,新一线,余额,店铺券,0,0,64,40,1,25-34
2736435,387600,螺蛳粉,1000g,26.81,8,214.48,2024/7/17 11:14,三线,银行卡,店铺券,13,201.48,86,37,1,45-54
1377447,443677,糖醋里脊,300g,13.14,2,26.28,2024/4/28 17:30,三线,余额,满减,5,21.28,2826,32,1,18-24
2736435,387600,螺蛳粉,1000g,46.8,8,374.4,2024/7/17 11:14,新一线,银行卡,平台券,55,319.4,86,37,1,45-54
7826210,685223,麻婆豆腐,400g,32.76,1,32.76,2024/7/28 21:20,新一线,支付宝,满减,23,9.76,43,33,0,18-24
1931991,153033,宫保鸡丁,800g,47.68,3,143.04,2024/2/26 19:42,三线,支付宝,满减,5,138.04,1475,31,1,18-24
3325614,258252,蒜蓉西兰花,500g,22.07,10,220.7,2024/6/1 10:11,二线,云闪付,平台券,25,195.7,46,41,1,25-34
7426663,787137,鱼香肉丝,400g,39.96,9,359.64,2024/6/27 3:41,二线,微信,店铺券,10,349.64,3931,43,1,18-24
7501586,560918,麻婆豆腐,300g,20.89,0,0,2024/10/9 10:58,新一线,支付宝,会员折扣,0,0,7007,46,0,18-24
3333616,701211,宫保鸡丁,400g,31.34,8,250.72,2024/7/2 9:25,新一线,支付宝,无,0,250.72,8370,10,0,55+
5575871,529544,螺蛳粉,200g,14.07,4,56.28,2024/6/15 1:41,新一线,银行卡,会员折扣,13,43.28,3,33,0,35-44
2152966,473159,麻婆豆腐,400g,42.31,5,211.55,2024/3/31 5:07,新一线,银行卡,满减,4,207.55,6719,31,1,25-34
6854159,220108,宫保鸡丁,800g,32.23,6,193.38,2024/10/6 3:18,新一线,银行卡,平台券,4,189.38,7070,46,1,25-34
1931991,153033,宫保鸡丁,800g,13.42,8,107.36,2024/2/26 19:42,三线,支付宝,满减,1,106.36,1475,31,1,25-34
2496845,381120,麻婆豆腐,300g,41.77,6,250.62,2024/7/16 3:38,三线,支付宝,会员折扣,19,231.62,9,44,1,18-24
2489520,703080,麻婆豆腐,200g,37.43,2,74.86,2024/7/27 1:24,新一线,支付宝,无,0,74.86,8669,34,1,35-44
6854159,220108,宫保鸡丁,800g,22.82,2,45.64,2024/10/6 3:18,一线,银行卡,会员折扣,0,45.64,7070,46,0,18-24
5772366,541130,鱼香肉丝,500g,23.87,8,190.96,2024/6/3 16:36,新一线,支付宝,满减,33,157.96,25,40,1,18-24
2496845,381120,麻婆豆腐,300g,23.28,6,139.68,2024/7/16 3:38,新一线,支付宝,平台券,23,116.68,9,44,1,35-44
2899986,759871,蒜蓉西兰花,800g,42.31,3,126.93,2024/6/26 19:08,新一线,银行卡,无,0,126.93,3855,38,1,25-34
6467091,638641,番茄炒蛋,1000g,10.64,9,95.76,2024/8/19 23:58,新一线,支付宝,会员折扣,4,91.76,14,33,0,18-24
2496845,381120,麻婆豆腐,300g,24.91,1,24.91,2024/7/16 3:38,一线,支付宝,店铺券,12,12.91,9,44,1,55+
7845170,601361,鱼香肉丝,300g,25.16,8,201.28,2024/3/26 6:44,三线,支付宝,秒杀,1,200.28,2289,42,1,25-34
8665603,936197,番茄炒蛋,1000g,36.46,7,255.22,2024/4/11 23:28,新一线,支付宝,满减,4,251.22,2982,38,0,25-34
8666726,924116,鱼香肉丝,800g,46.13,4,184.52,2024/9/18 23:34,新一线,支付宝,会员折扣,4,180.52,6173,30,0,25-34
5250170,960183,回锅肉,500g,13.57,0,0,2024/9/24 4:32,一线,支付宝,无,0,0,2166,37,1,45-54
7747566,107003,鱼香肉丝,200g,13.02,9,117.18,2024/6/21 2:13,新一线,支付宝,平台券,1,116.18,1752,31,1,25-34
2489520,703080,麻婆豆腐,200g,27.11,4,108.44,2024/7/27 1:24,新一线,支付宝,店铺券,4,104.44,8669,34,0,35-44
3383186,711279,番茄炒蛋,200g,13.59,7,95.13,2024/9/1 9:26,新一线,银行卡,会员折扣,1,94.13,21,36,1,18-24
4068923,582303,麻婆豆腐,600g,47.34,3,142.02,2024/5/16 8:33,新一线,支付宝,满减,2,140.02,4856,40,1,55+
9433928,712657,宫保鸡丁,800g,32.89,1,32.89,2024/10/4 8:58,新一线,云闪付,店铺券,18,14.89,6002,43,1,35-44
3383186,711279,番茄炒蛋,200g,21.47,2,42.94,2024/9/1 9:26,三线,银行卡,会员折扣,17,25.94,21,36,1,45-54
9073135,178594,蒜蓉西兰花,300g,41.71,0,0,2024/3/21 22:40,新一线,银行卡,平台券,0,0,6610,46,1,18-24
9812534,549882,蒜蓉西兰花,500g,21.49,3,64.47,2024/6/11 20:26,一线,银行卡,平台券,2,62.47,1949,43,1,45-54
1287518,198796,清蒸鲈鱼,400g,44.99,8,359.92,2024/8/13 10:01,新一线,银行卡,秒杀,5,354.92,6512,44,0,55+
1931991,153033,宫保鸡丁,800g,47.55,9,427.95,2024/2/26 19:42,一线,支付宝,秒杀,3,424.95,1475,31,0,25-34
9992339,888120,鱼香肉丝,800g,22.68,6,136.08,2024/4/15 19:45,一线,余额,会员折扣,26,110.08,28,35,0,25-34
2924797,560726,清蒸鲈鱼,1000g,13.92,6,83.52,2024/11/16 16:31,三线,银行卡,满减,0,83.52,4527,36,0,18-24
2316082,799975,回锅肉,400g,39.58,9,356.22,2024/1/17 16:36,一线,余额,会员折扣,3,353.22,1887,31,1,45-54
6854159,220108,宫保鸡丁,800g,22.66,0,0,2024/10/6 3:18,二线,银行卡,满减,0,0,7070,46,1,25-34
6107590,331478,凉拌黄瓜,600g,12.08,0,0,2024/3/7 23:12,三线,支付宝,无,0,0,71,35,0,45-54
7357505,159804,蒜蓉西兰花,200g,41.82,1,41.82,2024/9/16 2:48,三线,余额,会员折扣,3,38.82,6379,30,1,18-24
6185130,948691,鱼香肉丝,500g,42.44,3,127.32,2024/5/30 12:21,一线,余额,会员折扣,1,126.32,2114,32,1,25-34
4588861,923145,螺蛳粉,400g,46.16,1,46.16,2024/1/15 13:30,新一线,云闪付,无,0,46.16,9189,44,1,18-24
8866587,740839,糖醋里脊,600g,14.85,4,59.4,2024/3/21 8:01,三线,余额,满减,7,52.4,8989,31,0,18-24
9323802,491813,番茄炒蛋,800g,19.07,4,76.28,2024/2/22 9:48,新一线,云闪付,会员折扣,10,66.28,1647,43,1,35-44
1746654,448083,蒜蓉西兰花,500g,46.36,4,185.44,2024/11/18 23:28,一线,余额,满减,23,162.44,2,46,1,18-24
6467091,638641,番茄炒蛋,1000g,13.11,8,104.88,2024/8/19 23:58,一线,支付宝,满减,8,96.88,14,33,0,25-34
1931991,153033,宫保鸡丁,800g,31.29,2,62.58,2024/2/26 19:42,新一线,支付宝,会员折扣,2,60.58,1475,31,1,18-24
9433928,712657,宫保鸡丁,800g,22.13,5,110.65,2024/10/4 8:58,一线,云闪付,店铺券,8,102.65,6002,43,1,18-24
2643121,849319,回锅肉,400g,13.32,8,106.56,2024/2/23 6:41,新一线,支付宝,无,0,106.56,7722,35,0,35-44
4183819,157280,麻婆豆腐,400g,34.8,10,348,2024/7/29 2:40,新一线,支付宝,无,0,348,77,35,0,18-24
6974336,945926,螺蛳粉,500g,27.39,9,246.51,2024/5/5 9:39,三线,支付宝,无,0,246.51,8807,42,1,35-44
9173837,647218,清蒸鲈鱼,800g,22.87,6,137.22,2024/10/20 10:30,新一线,银行卡,平台券,10,127.22,5315,50,1,35-44
5228670,915007,番茄炒蛋,1000g,28.42,2,56.84,2024/3/20 3:39,新一线,支付宝,会员折扣,3,53.84,9743,37,0,55+
6984657,839096,番茄炒蛋,200g,22.8,5,114,2024/8/24 0:49,三线,余额,平台券,13,101,1205,34,1,25-34
2736435,387600,螺蛳粉,1000g,19.19,3,57.57,2024/7/17 11:14,新一线,银行卡,满减,9,48.57,86,37,1,18-24
1853829,104633,清蒸鲈鱼,800g,11.51,4,46.04,2024/7/28 1:04,三线,银行卡,平台券,1,45.04,8677,37,1,25-34
6854159,220108,宫保鸡丁,800g,12.09,0,0,2024/10/6 3:18,新一线,银行卡,无,0,0,7070,46,1,18-24
2496845,381120,麻婆豆腐,300g,19.24,9,173.16,2024/7/16 3:38,二线,支付宝,无,0,173.16,9,44,1,55+
1123966,889342,麻婆豆腐,500g,44.06,5,220.3,2024/2/20 5:24,三线,余额,会员折扣,47,173.3,32,39,0,18-24
2170048,115969,宫保鸡丁,400g,49.11,10,491.1,2024/7/5 6:28,新一线,余额,无,0,491.1,90,35,0,25-34
6481991,683924,凉拌黄瓜,1000g,18.02,8,144.16,2024/8/26 2:54,三线,余额,无,0,144.16,6605,34,1,45-54
6974336,945926,螺蛳粉,500g,18.61,8,148.88,2024/5/5 9:39,新一线,支付宝,满减,1,147.88,8807,42,1,18-24
5681998,430174,鱼香肉丝,200g,26.48,3,79.44,2024/10/11 4:31,一线,微信,满减,9,70.44,7662,44,0,45-54
8665603,936197,番茄炒蛋,1000g,47.38,9,426.42,2024/4/11 23:28,一线,支付宝,满减,6,420.42,2982,38,0,25-34
7845170,601361,鱼香肉丝,300g,18.41,3,55.23,2024/3/26 6:44,一线,支付宝,无,0,55.23,2289,42,1,45-54
4183819,157280,麻婆豆腐,400g,13.74,1,13.74,2024/7/29 2:40,三线,支付宝,满减,7,6.74,77,35,0,25-34
3183031,671914,番茄炒蛋,300g,29.01,6,174.06,2024/5/7 3:12,新一线,支付宝,秒杀,8,166.06,8657,22,0,25-34
8524321,756388,糖醋里脊,600g,22.69,6,136.14,2024/3/16 15:54,新一线,支付宝,秒杀,8,128.14,57,44,1,25-34
2496845,381120,麻婆豆腐,300g,29.92,0,0,2024/7/16 3:38,三线,支付宝,秒杀,0,0,9,44,1,18-24
3975396,886041,番茄炒蛋,300g,15.46,9,139.14,2024/7/22 18:24,一线,支付宝,无,0,139.14,4079,37,0,18-24
7845170,601361,鱼香肉丝,300g,31.63,7,221.41,2024/3/26 6:44,三线,支付宝,无,0,221.41,2289,42,1,18-24
3183031,671914,番茄炒蛋,300g,38.11,7,266.77,2024/5/7 3:12,三线,支付宝,会员折扣,20,246.77,8657,22,0,18-24
9939015,676560,凉拌黄瓜,200g,35.68,7,249.76,2024/10/24 12:50,一线,微信,店铺券,24,225.76,15,31,0,35-44
4588861,923145,螺蛳粉,400g,21.93,0,0,2024/1/15 13:30,三线,云闪付,店铺券,0,0,9189,44,1,18-24
9723435,191862,螺蛳粉,1000g,15.06,10,150.6,2024/1/16 11:00,新一线,银行卡,无,0,150.6,4029,37,1,45-54
6467091,638641,番茄炒蛋,1000g,43.7,1,43.7,2024/8/19 23:58,二线,支付宝,会员折扣,33,10.7,14,33,0,45-54
7307347,818863,凉拌黄瓜,200g,31.86,3,95.58,2024/11/21 11:47,三线,云闪付,平台券,5,90.58,60,40,1,18-24
5042788,608162,糖醋里脊,400g,43.4,3,130.2,2024/8/10 7:07,三线,微信,秒杀,15,115.2,1606,40,0,18-24
8665603,936197,番茄炒蛋,1000g,43.7,7,305.9,2024/4/11 23:28,一线,支付宝,满减,3,302.9,2982,38,1,25-34
8058332,376343,蒜蓉西兰花,400g,28.83,7,201.81,2024/6/11 21:41,一线,支付宝,满减,5,196.81,3238,41,1,18-24
7845170,601361,鱼香肉丝,300g,47.88,1,47.88,2024/3/26 6:44,一线,支付宝,会员折扣,1,46.88,2289,42,1,45-54
6107590,331478,凉拌黄瓜,600g,19.63,1,19.63,2024/3/7 23:12,新一线,支付宝,满减,11,8.63,71,35,0,45-54
6201134,946312,清蒸鲈鱼,400g,47.14,1,47.14,2024/1/30 11:15,三线,支付宝,无,0,47.14,1985,33,1,18-24
2924797,560726,清蒸鲈鱼,1000g,33.19,3,99.57,2024/11/16 16:31,二线,银行卡,秒杀,6,93.57,4527,36,0,18-24
4355616,481860,番茄炒蛋,800g,36.68,2,73.36,2024/8/19 23:45,三线,支付宝,满减,12,61.36,3995,38,1,45-54
2174642,920500,麻婆豆腐,800g,23.82,1,23.82,2024/10/10 13:06,新一线,银行卡,店铺券,7,16.82,9993,36,0,25-34
2443366,773468,回锅肉,500g,34.86,5,174.3,2024/1/2 2:51,一线,微信,无,0,174.3,9233,35,0,35-44
7501586,560918,麻婆豆腐,300g,17.47,7,122.29,2024/10/9 10:58,一线,支付宝,平台券,2,120.29,7007,46,1,25-34
7747566,107003,鱼香肉丝,200g,40.67,4,162.68,2024/6/21 2:13,二线,支付宝,会员折扣,4,158.68,1752,31,1,25-34
7845170,601361,鱼香肉丝,300g,24.03,9,216.27,2024/3/26 6:44,新一线,支付宝,满减,4,212.27,2289,42,1,45-54
1887833,458831,糖醋里脊,800g,31.34,3,94.02,2024/11/29 11:30,新一线,银行卡,秒杀,3,91.02,3149,50,1,45-54
5313060,524778,蒜蓉西兰花,600g,19.65,10,196.5,2024/7/24 15:37,三线,余额,会员折扣,4,192.5,3189,32,1,35-44
8524321,756388,糖醋里脊,600g,39.91,1,39.91,2024/3/16 15:54,新一线,支付宝,会员折扣,39,0.91,57,44,1,18-24
8034345,214407,回锅肉,600g,48.38,9,435.42,2024/9/2 8:35,三线,支付宝,会员折扣,5,430.42,7532,42,1,35-44
7387152,303010,清蒸鲈鱼,300g,33.47,8,267.76,2024/11/20 0:13,三线,银行卡,无,0,267.76,6677,39,1,25-34
2704737,155528,鱼香肉丝,500g,25.79,10,257.9,2024/11/24 14:12,一线,云闪付,会员折扣,13,244.9,56,33,1,45-54
2899986,759871,蒜蓉西兰花,800g,10.81,4,43.24,2024/6/26 19:08,一线,银行卡,会员折扣,6,37.24,3855,38,1,25-34
4332993,973323,宫保鸡丁,300g,46.43,4,185.72,2024/10/7 8:35,三线,银行卡,秒杀,2,183.72,3360,50,1,18-24
4904097,874080,鱼香肉丝,600g,47.73,10,477.3,2024/9/20 20:27,新一线,支付宝,秒杀,2,475.3,8792,44,1,45-54
9779385,837457,凉拌黄瓜,1000g,12.98,5,64.9,2024/5/4 12:09,一线,云闪付,会员折扣,2,62.9,8987,38,1,25-34
2676192,969291,回锅肉,300g,32.96,10,329.6,2024/3/3 8:57,新一线,支付宝,满减,2,327.6,9378,48,1,18-24
2277877,732151,番茄炒蛋,600g,32.27,4,129.08,2024/12/10 4:37,新一线,银行卡,满减,5,124.08,9285,47,1,45-54
1931991,153033,宫保鸡丁,800g,36.16,10,361.6,2024/2/26 19:42,二线,支付宝,平台券,6,355.6,1475,31,1,35-44
4191191,739468,鱼香肉丝,600g,13.43,4,53.72,2024/8/26 1:16,新一线,微信,会员折扣,8,45.72,8957,40,1,35-44
8717095,304008,回锅肉,300g,15.08,4,60.32,2024/8/23 0:23,一线,银行卡,无,0,60.32,5408,38,1,45-54
9399046,226500,番茄炒蛋,500g,43.42,4,173.68,2024/2/7 19:18,一线,余额,会员折扣,6,167.68,1824,39,1,45-54
8058332,376343,蒜蓉西兰花,400g,19.47,3,58.41,2024/6/11 21:41,三线,支付宝,无,0,58.41,3238,41,1,25-34
5228670,915007,番茄炒蛋,1000g,18.06,2,36.12,2024/3/20 3:39,二线,支付宝,店铺券,3,33.12,9743,37,0,25-34
6467091,638641,番茄炒蛋,1000g,46.32,7,324.24,2024/8/19 23:58,三线,支付宝,平台券,26,298.24,14,33,0,18-24
9173837,647218,清蒸鲈鱼,800g,37.7,4,150.8,2024/10/20 10:30,三线,银行卡,满减,12,138.8,5315,50,1,25-34
3333616,701211,宫保鸡丁,400g,14.9,10,149,2024/7/2 9:25,三线,支付宝,无,0,149,8370,10,0,18-24
6210263,897811,螺蛳粉,800g,26.4,4,105.6,2024/1/5 6:39,新一线,微信,店铺券,8,97.6,2278,40,1,18-24
4634589,756738,清蒸鲈鱼,400g,22.98,9,206.82,2024/9/11 11:29,一线,支付宝,无,0,206.82,5659,39,1,45-54
1931991,153033,宫保鸡丁,800g,36.76,4,147.04,2024/2/26 19:42,新一线,支付宝,秒杀,6,141.04,1475,31,0,18-24
3183031,671914,番茄炒蛋,300g,15.3,4,61.2,2024/5/7 3:12,新一线,支付宝,店铺券,9,52.2,8657,22,1,25-34
5313060,524778,蒜蓉西兰花,600g,27.72,8,221.76,2024/7/24 15:37,一线,余额,会员折扣,2,219.76,3189,32,1,18-24
2512027,423963,糖醋里脊,1000g,40.8,8,326.4,2024/1/9 22:04,新一线,支付宝,满减,12,314.4,4778,32,0,25-34
7845170,601361,鱼香肉丝,300g,35.17,10,351.7,2024/3/26 6:44,二线,支付宝,会员折扣,4,347.7,2289,42,1,25-34
3383186,711279,番茄炒蛋,200g,28.33,6,169.98,2024/9/1 9:26,新一线,银行卡,无,0,169.98,21,36,0,25-34
3171444,604953,清蒸鲈鱼,300g,39.99,3,119.97,2024/2/12 1:30,二线,微信,秒杀,3,116.97,6399,10,0,35-44
9083280,942206,鱼香肉丝,800g,13.87,0,0,2024/11/24 15:28,新一线,余额,会员折扣,0,0,8608,46,1,18-24
9433928,712657,宫保鸡丁,800g,19.34,1,19.34,2024/10/4 8:58,一线,云闪付,会员折扣,11,8.34,6002,43,1,55+
3383186,711279,番茄炒蛋,200g,25.2,10,252,2024/9/1 9:26,二线,银行卡,店铺券,40,212,21,36,1,45-54
1425068,524637,鱼香肉丝,300g,42.51,10,425.1,2024/1/4 22:16,一线,余额,会员折扣,1,424.1,5907,40,1,45-54
2496845,381120,麻婆豆腐,300g,31.67,3,95.01,2024/7/16 3:38,新一线,支付宝,会员折扣,21,74.01,9,44,1,18-24
1287518,198796,清蒸鲈鱼,400g,47.3,5,236.5,2024/8/13 10:01,新一线,银行卡,无,0,236.5,6512,44,1,18-24
8665603,936197,番茄炒蛋,1000g,47.89,0,0,2024/4/11 23:28,一线,支付宝,秒杀,0,0,2982,38,0,18-24
6854159,220108,宫保鸡丁,800g,15.42,1,15.42,2024/10/6 3:18,一线,银行卡,无,0,15.42,7070,46,1,18-24
2793917,607239,麻婆豆腐,300g,14.5,1,14.5,2024/6/25 21:11,三线,支付宝,会员折扣,2,12.5,6675,37,1,45-54
6984657,839096,番茄炒蛋,200g,26.27,4,105.08,2024/8/24 0:49,三线,余额,平台券,7,98.08,1205,34,1,35-44
3946938,569207,番茄炒蛋,600g,41.79,3,125.37,2024/2/12 10:01,新一线,余额,店铺券,14,111.37,7967,49,0,18-24
2496845,381120,麻婆豆腐,300g,30.36,4,121.44,2024/7/16 3:38,二线,支付宝,满减,4,117.44,9,44,1,18-24
6166168,137694,麻婆豆腐,300g,19.79,2,39.58,2024/2/21 0:30,新一线,微信,满减,4,35.58,2037,23,1,45-54
5918447,732847,螺蛳粉,800g,15.26,1,15.26,2024/1/10 19:59,一线,支付宝,店铺券,6,9.26,2503,30,0,18-24
9887650,558548,麻婆豆腐,1000g,44.37,3,133.11,2024/8/11 1:38,二线,余额,会员折扣,10,123.11,1992,47,1,45-54
1345807,561489,凉拌黄瓜,200g,11.84,10,118.4,2024/10/18 19:10,新一线,余额,满减,2,116.4,2058,32,0,55+
6107590,331478,凉拌黄瓜,600g,31.76,1,31.76,2024/3/7 23:12,新一线,支付宝,无,0,31.76,71,35,0,18-24
4387206,673045,麻婆豆腐,500g,11.88,5,59.4,2024/2/22 20:54,一线,云闪付,会员折扣,1,58.4,6816,43,0,18-24
3755155,470691,回锅肉,800g,16.52,4,66.08,2024/3/4 0:45,新一线,余额,无,0,66.08,8054,11,0,18-24
9887650,558548,麻婆豆腐,1000g,11.76,0,0,2024/8/11 1:38,二线,余额,秒杀,0,0,1992,47,1,35-44
9812534,549882,蒜蓉西兰花,500g,17.62,3,52.86,2024/6/11 20:26,新一线,银行卡,店铺券,1,51.86,1949,43,1,45-54
9173837,647218,清蒸鲈鱼,800g,27.21,9,244.89,2024/10/20 10:30,新一线,银行卡,平台券,4,240.89,5315,50,1,25-34
3387180,715764,蒜蓉西兰花,800g,22.06,5,110.3,2024/1/18 4:27,一线,微信,平台券,2,108.3,8487,39,0,25-34
9973455,989842,螺蛳粉,800g,29.71,1,29.71,2024/9/19 1:19,新一线,银行卡,店铺券,10,19.71,3608,42,1,45-54
6467091,638641,番茄炒蛋,1000g,16.43,5,82.15,2024/8/19 23:58,一线,支付宝,店铺券,13,69.15,14,33,0,25-34
2489520,703080,麻婆豆腐,200g,46.55,2,93.1,2024/7/27 1:24,新一线,支付宝,满减,1,92.1,8669,34,0,45-54
6185130,948691,鱼香肉丝,500g,48.67,3,146.01,2024/5/30 12:21,新一线,余额,会员折扣,11,135.01,2114,32,0,25-34
7426663,787137,鱼香肉丝,400g,22.13,4,88.52,2024/6/27 3:41,三线,微信,无,0,88.52,3931,43,1,55+
4250885,490779,麻婆豆腐,1000g,12.66,6,75.96,2024/9/28 22:33,二线,余额,无,0,75.96,8214,33,0,45-54
6467091,638641,番茄炒蛋,1000g,11.57,5,57.85,2024/8/19 23:58,一线,支付宝,店铺券,8,49.85,14,33,0,18-24
1425068,524637,鱼香肉丝,300g,32.94,9,296.46,2024/1/4 22:16,三线,余额,秒杀,2,294.46,5907,40,1,35-44
1425068,524637,鱼香肉丝,300g,47.69,3,143.07,2024/1/4 22:16,一线,余额,无,0,143.07,5907,40,1,18-24
7609243,362989,麻婆豆腐,600g,36.17,2,72.34,2024/1/14 8:18,三线,云闪付,会员折扣,4,68.34,3437,25,0,45-54
6974336,945926,螺蛳粉,500g,31.34,0,0,2024/5/5 9:39,三线,支付宝,店铺券,0,0,8807,42,1,25-34
9433928,712657,宫保鸡丁,800g,25.85,6,155.1,2024/10/4 8:58,三线,云闪付,店铺券,11,144.1,6002,43,0,45-54
3277104,745363,回锅肉,400g,38.27,6,229.62,2024/9/5 22:22,一线,余额,平台券,10,219.62,7164,46,1,45-54
6974336,945926,螺蛳粉,500g,40.42,3,121.26,2024/5/5 9:39,三线,支付宝,店铺券,3,118.26,8807,42,1,25-34
2548917,605322,凉拌黄瓜,500g,47.83,8,382.64,2024/2/11 22:27,三线,余额,秒杀,7,375.64,2882,42,1,18-24
7387152,303010,清蒸鲈鱼,300g,17.88,3,53.64,2024/11/20 0:13,一线,银行卡,会员折扣,6,47.64,6677,39,1,25-34
9060832,196447,螺蛳粉,800g,31.62,1,31.62,2024/1/3 12:15,三线,余额,无,0,31.62,6964,45,1,35-44
9812534,549882,蒜蓉西兰花,500g,29.73,1,29.73,2024/6/11 20:26,新一线,银行卡,秒杀,4,25.73,1949,43,1,25-34
9367046,915473,螺蛳粉,400g,17.56,7,122.92,2024/8/1 14:22,新一线,云闪付,满减,5,117.92,7237,40,1,18-24
8826169,491629,蒜蓉西兰花,600g,49.03,10,490.3,2024/10/16 22:35,新一线,云闪付,会员折扣,5,485.3,2774,38,0,35-44
1123966,889342,麻婆豆腐,500g,42.41,1,42.41,2024/2/20 5:24,新一线,余额,店铺券,42,0.41,32,39,1,25-34
1931991,153033,宫保鸡丁,800g,45.8,7,320.6,2024/2/26 19:42,新一线,支付宝,店铺券,6,314.6,1475,31,0,45-54
8665603,936197,番茄炒蛋,1000g,37.62,3,112.86,2024/4/11 23:28,三线,支付宝,平台券,6,106.86,2982,38,0,45-54
1345807,561489,凉拌黄瓜,200g,22.19,8,177.52,2024/10/18 19:10,二线,余额,会员折扣,2,175.52,2058,32,0,45-54
2496845,381120,麻婆豆腐,300g,17.27,1,17.27,2024/7/16 3:38,三线,支付宝,会员折扣,11,6.27,9,44,1,18-24
2736435,387600,螺蛳粉,1000g,25.62,5,128.1,2024/7/17 11:14,一线,银行卡,会员折扣,12,116.1,86,37,1,18-24
8665603,936197,番茄炒蛋,1000g,28.77,3,86.31,2024/4/11 23:28,新一线,支付宝,无,0,86.31,2982,38,1,25-34
3183031,671914,番茄炒蛋,300g,24.71,7,172.97,2024/5/7 3:12,一线,支付宝,会员折扣,0,172.97,8657,22,1,18-24
3277104,745363,回锅肉,400g,28.4,4,113.6,2024/9/5 22:22,三线,余额,满减,11,102.6,7164,46,1,25-34
9003383,520789,螺蛳粉,300g,17.74,1,17.74,2024/1/6 7:02,一线,支付宝,满减,4,13.74,8168,50,1,18-24
1345807,561489,凉拌黄瓜,200g,35.79,8,286.32,2024/10/18 19:10,一线,余额,无,0,286.32,2058,32,0,45-54
8524321,756388,糖醋里脊,600g,32.3,6,193.8,2024/3/16 15:54,三线,支付宝,满减,6,187.8,57,44,1,25-34
2643121,849319,回锅肉,400g,27.49,1,27.49,2024/2/23 6:41,一线,支付宝,无,0,27.49,7722,35,0,18-24
3387180,715764,蒜蓉西兰花,800g,34.16,9,307.44,2024/1/18 4:27,一线,微信,满减,1,306.44,8487,39,1,18-24
5228670,915007,番茄炒蛋,1000g,29.18,2,58.36,2024/3/20 3:39,新一线,支付宝,店铺券,1,57.36,9743,37,1,18-24
4355616,481860,番茄炒蛋,800g,24.73,5,123.65,2024/8/19 23:45,新一线,支付宝,满减,1,122.65,3995,38,0,25-34
8058332,376343,蒜蓉西兰花,400g,36.03,0,0,2024/6/11 21:41,新一线,支付宝,满减,0,0,3238,41,1,18-24
2496845,381120,麻婆豆腐,300g,11.53,3,34.59,2024/7/16 3:38,新一线,支付宝,满减,6,28.59,9,44,1,25-34
7387152,303010,清蒸鲈鱼,300g,26.84,5,134.2,2024/11/20 0:13,新一线,银行卡,秒杀,5,129.2,6677,39,1,18-24
7307169,668423,回锅肉,1000g,42.3,10,423,2024/8/22 18:24,二线,支付宝,无,0,423,6341,38,0,25-34
9837493,101553,麻婆豆腐,800g,44.44,4,177.76,2024/3/5 11:12,二线,银行卡,店铺券,12,165.76,17,14,0,45-54
7307169,668423,回锅肉,1000g,18.51,7,129.57,2024/8/22 18:24,三线,支付宝,会员折扣,5,124.57,6341,38,0,18-24
6201134,946312,清蒸鲈鱼,400g,15.19,5,75.95,2024/1/30 11:15,新一线,支付宝,满减,1,74.95,1985,33,1,18-24
9003383,520789,螺蛳粉,300g,47.86,3,143.58,2024/1/6 7:02,新一线,支付宝,平台券,13,130.58,8168,50,1,45-54
9812534,549882,蒜蓉西兰花,500g,47.22,0,0,2024/6/11 20:26,新一线,银行卡,无,0,0,1949,43,1,18-24
1425068,524637,鱼香肉丝,300g,43.48,8,347.84,2024/1/4 22:16,一线,余额,会员折扣,1,346.84,5907,40,1,45-54
4770887,251867,宫保鸡丁,800g,49.82,1,49.82,2024/8/1 12:54,一线,云闪付,会员折扣,8,41.82,4504,30,1,18-24
1123966,889342,麻婆豆腐,500g,14.51,3,43.53,2024/2/20 5:24,新一线,余额,满减,9,34.53,32,39,1,18-24
6185130,948691,鱼香肉丝,500g,34.38,1,34.38,2024/5/30 12:21,新一线,余额,无,0,34.38,2114,32,1,35-44
3171444,604953,清蒸鲈鱼,300g,21.41,10,214.1,2024/2/12 1:30,新一线,微信,秒杀,6,208.1,6399,10,0,18-24
9742718,140397,番茄炒蛋,400g,41.48,9,373.32,2024/8/23 5:45,一线,银行卡,会员折扣,8,365.32,1676,49,1,25-34
7778966,661967,糖醋里脊,800g,30.23,6,181.38,2024/2/26 17:14,三线,云闪付,无,0,181.38,6749,43,1,45-54
3171444,604953,清蒸鲈鱼,300g,31.9,3,95.7,2024/2/12 1:30,新一线,微信,平台券,12,83.7,6399,10,0,45-54
5772366,541130,鱼香肉丝,500g,35.62,6,213.72,2024/6/3 16:36,二线,支付宝,店铺券,50,163.72,25,40,1,25-34
8524321,756388,糖醋里脊,600g,14.77,8,118.16,2024/3/16 15:54,二线,支付宝,会员折扣,8,110.16,57,44,1,45-54
2489520,703080,麻婆豆腐,200g,49.57,9,446.13,2024/7/27 1:24,一线,支付宝,会员折扣,10,436.13,8669,34,1,45-54
8665603,936197,番茄炒蛋,1000g,30.32,5,151.6,2024/4/11 23:28,新一线,支付宝,满减,1,150.6,2982,38,1,18-24
9035056,519196,鱼香肉丝,300g,36.55,1,36.55,2024/8/13 5:38,新一线,银行卡,秒杀,14,22.55,5924,49,1,45-54
8524321,756388,糖醋里脊,600g,38.82,8,310.56,2024/3/16 15:54,三线,支付宝,会员折扣,5,305.56,57,44,1,18-24
2676192,969291,回锅肉,300g,12.21,10,122.1,2024/3/3 8:57,新一线,支付宝,会员折扣,4,118.1,9378,48,1,25-34
7845170,601361,鱼香肉丝,300g,10.33,5,51.65,2024/3/26 6:44,一线,支付宝,无,0,51.65,2289,42,1,35-44
2019887,341763,宫保鸡丁,600g,36.87,0,0,2024/9/17 11:07,新一线,银行卡,无,0,0,5946,46,1,25-34
6974336,945926,螺蛳粉,500g,39.23,1,39.23,2024/5/5 9:39,新一线,支付宝,满减,4,35.23,8807,42,1,35-44
8971734,372010,蒜蓉西兰花,800g,22.81,8,182.48,2024/12/10 4:39,三线,云闪付,平台券,0,182.48,5342,44,1,35-44
8034345,214407,回锅肉,600g,36.81,10,368.1,2024/9/2 8:35,二线,支付宝,秒杀,3,365.1,7532,42,1,18-24
8866587,740839,糖醋里脊,600g,39.78,9,358.02,2024/3/21 8:01,二线,余额,平台券,13,345.02,8989,31,1,25-34
7530780,774797,宫保鸡丁,500g,48.85,4,195.4,2024/9/19 9:30,一线,支付宝,无,0,195.4,4420,40,1,18-24
3183031,671914,番茄炒蛋,300g,44.44,5,222.2,2024/5/7 3:12,新一线,支付宝,会员折扣,1,221.2,8657,22,1,25-34
2899986,759871,蒜蓉西兰花,800g,16.29,6,97.74,2024/6/26 19:08,一线,银行卡,无,0,97.74,3855,38,0,25-34
5918447,732847,螺蛳粉,800g,37.62,1,37.62,2024/1/10 19:59,新一线,支付宝,店铺券,15,22.62,2503,30,0,18-24
8524321,756388,糖醋里脊,600g,36.02,9,324.18,2024/3/16 15:54,二线,支付宝,满减,24,300.18,57,44,1,45-54
6854159,220108,宫保鸡丁,800g,49.34,2,98.68,2024/10/6 3:18,新一线,银行卡,满减,6,92.68,7070,46,1,35-44
6608605,500904,番茄炒蛋,800g,10.96,9,98.64,2024/1/11 5:56,三线,云闪付,平台券,4,94.64,2698,34,0,45-54
9173837,647218,清蒸鲈鱼,800g,20.51,4,82.04,2024/10/20 10:30,三线,银行卡,秒杀,1,81.04,5315,50,1,35-44
9055757,463785,番茄炒蛋,1000g,18.01,10,180.1,2024/2/5 0:01,新一线,支付宝,店铺券,5,175.1,9793,39,1,25-34
4068923,582303,麻婆豆腐,600g,42.49,2,84.98,2024/5/16 8:33,新一线,支付宝,无,0,84.98,4856,40,1,25-34
2277877,732151,番茄炒蛋,600g,40.1,2,80.2,2024/12/10 4:37,新一线,银行卡,会员折扣,2,78.2,9285,47,1,35-44
4183819,157280,麻婆豆腐,400g,36.78,8,294.24,2024/7/29 2:40,二线,支付宝,无,0,294.24,77,35,0,25-34
7845170,601361,鱼香肉丝,300g,44.84,1,44.84,2024/3/26 6:44,一线,支付宝,满减,5,39.84,2289,42,1,18-24
6854159,220108,宫保鸡丁,800g,40.79,5,203.95,2024/10/6 3:18,三线,银行卡,店铺券,0,203.95,7070,46,0,25-34
6685893,855290,番茄炒蛋,600g,33.12,4,132.48,2024/12/10 14:15,一线,余额,无,0,132.48,4104,47,1,25-34
5343656,794886,凉拌黄瓜,1000g,29.3,4,117.2,2024/11/23 16:44,新一线,支付宝,平台券,2,115.2,9701,13,0,45-54
2520524,288639,凉拌黄瓜,600g,12.89,0,0,2024/6/21 5:52,一线,支付宝,会员折扣,0,0,37,42,1,35-44
2736435,387600,螺蛳粉,1000g,47.44,7,332.08,2024/7/17 11:14,新一线,银行卡,会员折扣,5,327.08,86,37,0,25-34
3745335,758614,螺蛳粉,300g,21.09,5,105.45,2024/5/30 7:23,三线,支付宝,无,0,105.45,21,40,1,18-24
6680756,236037,鱼香肉丝,600g,40.03,5,200.15,2024/7/24 1:39,二线,支付宝,秒杀,2,198.15,3444,39,1,18-24
1205631,785848,蒜蓉西兰花,500g,11.97,10,119.7,2024/7/3 11:29,新一线,银行卡,秒杀,3,116.7,6915,33,1,45-54
4562198,638739,麻婆豆腐,800g,46.89,5,234.45,2024/3/17 16:09,二线,微信,会员折扣,6,228.45,7984,17,0,18-24
2755390,887826,番茄炒蛋,300g,10.21,9,91.89,2024/11/8 5:31,新一线,银行卡,无,0,91.89,75,44,1,25-34
5765322,878365,番茄炒蛋,600g,15.65,5,78.25,2024/6/1 18:11,一线,支付宝,会员折扣,6,72.25,5674,34,0,18-24
1964279,665195,鱼香肉丝,300g,36.61,5,183.05,2024/5/26 17:56,三线,支付宝,秒杀,7,176.05,3588,36,1,18-24
9654400,346303,螺蛳粉,300g,13.15,5,65.75,2024/8/17 21:33,一线,支付宝,会员折扣,2,63.75,9832,45,1,25-34
2309058,252370,回锅肉,800g,39.44,8,315.52,2024/1/14 2:16,二线,支付宝,店铺券,32,283.52,76,40,1,18-24
1205631,785848,蒜蓉西兰花,500g,22.05,8,176.4,2024/7/3 11:29,一线,银行卡,满减,11,165.4,6915,33,1,25-34
8451709,881106,番茄炒蛋,800g,39.67,9,357.03,2024/3/1 23:57,三线,余额,满减,4,353.03,8357,33,1,25-34
6603867,796137,螺蛳粉,400g,36.49,0,0,2024/8/6 0:34,二线,支付宝,店铺券,0,0,6705,40,0,25-34
4009846,748666,番茄炒蛋,600g,16.33,10,163.3,2024/3/5 6:27,三线,微信,无,0,163.3,8590,42,1,18-24
2031776,101541,蒜蓉西兰花,600g,15.13,6,90.78,2024/2/25 10:12,三线,支付宝,秒杀,12,78.78,90,31,1,18-24
4471996,741034,宫保鸡丁,500g,19.89,9,179.01,2024/1/9 19:03,一线,云闪付,会员折扣,1,178.01,5251,50,1,18-24
8619828,135807,糖醋里脊,300g,45.27,3,135.81,2024/10/12 23:49,新一线,支付宝,平台券,28,107.81,70,16,0,25-34
3043737,614144,凉拌黄瓜,1000g,17.86,10,178.6,2024/10/31 4:27,一线,微信,会员折扣,2,176.6,4091,34,0,45-54
1513462,199693,清蒸鲈鱼,600g,14.12,9,127.08,2024/5/5 13:37,新一线,微信,平台券,1,126.08,1889,45,1,25-34
3361677,906295,糖醋里脊,400g,38.76,9,348.84,2024/1/17 10:42,一线,银行卡,会员折扣,6,342.84,1936,34,1,25-34
3036558,347391,糖醋里脊,400g,19.96,5,99.8,2024/10/1 8:37,三线,银行卡,秒杀,3,96.8,3779,37,1,18-24
1996077,528595,宫保鸡丁,500g,22.98,2,45.96,2024/2/16 8:57,二线,支付宝,无,0,45.96,2482,31,0,45-54
2701397,909928,凉拌黄瓜,300g,11.03,9,99.27,2024/8/25 15:20,新一线,余额,满减,3,96.27,8823,22,1,25-34
9188610,804237,番茄炒蛋,1000g,42.13,4,168.52,2024/4/25 15:23,新一线,云闪付,平台券,1,167.52,87,40,1,25-34
4186500,122285,糖醋里脊,600g,45.89,1,45.89,2024/2/21 1:39,二线,余额,秒杀,7,38.89,5796,38,0,25-34
5828546,185395,宫保鸡丁,500g,10.52,1,10.52,2024/7/6 7:39,新一线,银行卡,无,0,10.52,9900,39,1,45-54
4179717,459031,糖醋里脊,300g,29.57,4,118.28,2024/1/5 18:14,二线,云闪付,平台券,8,110.28,74,40,1,45-54
4046471,444125,凉拌黄瓜,300g,47.47,3,142.41,2024/11/4 20:13,一线,支付宝,满减,4,138.41,4897,47,1,25-34
3043737,614144,凉拌黄瓜,1000g,11.51,10,115.1,2024/10/31 4:27,二线,微信,会员折扣,7,108.1,4091,34,0,25-34
4009846,748666,番茄炒蛋,600g,44.18,2,88.36,2024/3/5 6:27,三线,微信,会员折扣,19,69.36,8590,42,1,18-24
4768662,261091,宫保鸡丁,800g,20.28,7,141.96,2024/9/17 0:56,三线,余额,满减,3,138.96,9140,33,0,25-34
8167432,425502,糖醋里脊,600g,18.92,7,132.44,2024/3/7 16:14,新一线,支付宝,无,0,132.44,8630,33,0,18-24
9654400,346303,螺蛳粉,300g,19.2,5,96,2024/8/17 21:33,三线,支付宝,平台券,5,91,9832,45,1,45-54
9817373,848954,麻婆豆腐,200g,24.18,2,48.36,2024/3/18 8:06,一线,银行卡,满减,4,44.36,2304,31,1,35-44
2537519,768584,糖醋里脊,400g,16.33,6,97.98,2024/9/19 14:18,新一线,云闪付,店铺券,4,93.98,1484,17,0,25-34
7641270,625701,麻婆豆腐,400g,37.67,2,75.34,2024/7/10 1:36,新一线,余额,会员折扣,3,72.34,2679,45,1,25-34
1578422,996524,回锅肉,400g,32.73,9,294.57,2024/7/11 17:06,新一线,银行卡,满减,6,288.57,8383,38,1,25-34
2755390,887826,番茄炒蛋,300g,22.66,5,113.3,2024/11/8 5:31,二线,银行卡,满减,32,81.3,75,44,1,55+
1639428,656459,麻婆豆腐,400g,23.83,3,71.49,2024/9/10 16:06,三线,银行卡,会员折扣,1,70.49,2463,42,1,45-54
6248155,343556,麻婆豆腐,1000g,11.28,3,33.84,2024/2/27 18:37,二线,余额,平台券,2,31.84,9723,35,0,18-24
4944352,241866,糖醋里脊,400g,31.42,3,94.26,2024/11/11 19:47,三线,支付宝,无,0,94.26,3778,35,1,25-34
8506497,160336,蒜蓉西兰花,500g,25.48,1,25.48,2024/8/15 17:44,新一线,云闪付,满减,1,24.48,1863,32,0,18-24
9681094,937421,清蒸鲈鱼,300g,25.76,9,231.84,2024/8/17 7:03,一线,微信,无,0,231.84,3228,49,1,45-54
9238917,288757,螺蛳粉,1000g,22.66,4,90.64,2024/9/29 19:01,新一线,银行卡,秒杀,7,83.64,7401,31,0,25-34
8980238,579979,鱼香肉丝,800g,33.08,6,198.48,2024/1/14 12:57,新一线,支付宝,无,0,198.48,9258,44,0,18-24
3257943,392838,螺蛳粉,200g,11.77,1,11.77,2024/1/28 6:48,新一线,支付宝,秒杀,2,9.77,5667,38,0,45-54
2031776,101541,蒜蓉西兰花,600g,15.21,8,121.68,2024/2/25 10:12,新一线,支付宝,无,0,121.68,90,31,1,35-44
8707443,789066,鱼香肉丝,400g,19.79,4,79.16,2024/9/30 21:08,新一线,支付宝,会员折扣,1,78.16,3330,32,0,25-34
7792321,692105,清蒸鲈鱼,300g,44.13,0,0,2024/8/7 20:13,三线,银行卡,会员折扣,0,0,4848,48,1,25-34
6917282,118871,凉拌黄瓜,600g,42.87,8,342.96,2024/1/6 23:55,三线,银行卡,满减,13,329.96,3568,34,1,18-24
2755390,887826,番茄炒蛋,300g,23.49,8,187.92,2024/11/8 5:31,三线,银行卡,无,0,187.92,75,44,0,18-24
1449346,516380,麻婆豆腐,400g,30.39,9,273.51,2024/7/5 3:18,新一线,余额,平台券,8,265.51,9520,30,1,18-24
9654400,346303,螺蛳粉,300g,24.54,8,196.32,2024/8/17 21:33,一线,支付宝,满减,6,190.32,9832,45,1,45-54
5913586,305696,糖醋里脊,500g,16.56,10,165.6,2024/5/1 6:38,一线,支付宝,店铺券,10,155.6,10,14,0,18-24
2031776,101541,蒜蓉西兰花,600g,12.53,9,112.77,2024/2/25 10:12,新一线,支付宝,会员折扣,9,103.77,90,31,0,18-24
2098645,248439,糖醋里脊,400g,11.24,5,56.2,2024/4/22 14:30,新一线,余额,无,0,56.2,9077,40,1,25-34
1323496,960959,螺蛳粉,400g,21,4,84,2024/5/2 0:42,一线,支付宝,无,0,84,8779,32,0,18-24
9681094,937421,清蒸鲈鱼,300g,46.87,9,421.83,2024/8/17 7:03,三线,微信,满减,5,416.83,3228,49,1,25-34
7293164,575126,番茄炒蛋,600g,40.3,1,40.3,2024/1/1 16:40,三线,银行卡,无,0,40.3,7664,37,1,45-54
6203000,110149,清蒸鲈鱼,400g,39.27,2,78.54,2024/6/20 22:27,一线,支付宝,会员折扣,7,71.54,3491,33,1,18-24
7594782,649685,鱼香肉丝,800g,18.44,2,36.88,2024/12/8 14:07,二线,余额,无,0,36.88,8692,41,0,25-34
4138420,425167,回锅肉,1000g,20.93,9,188.37,2024/6/5 1:33,一线,余额,会员折扣,5,183.37,6635,49,1,18-24
3698100,768659,宫保鸡丁,800g,24.55,2,49.1,2024/9/25 2:56,新一线,云闪付,无,0,49.1,2541,41,1,18-24
9681094,937421,清蒸鲈鱼,300g,20.29,9,182.61,2024/8/17 7:03,二线,微信,满减,4,178.61,3228,49,1,45-54
9238917,288757,螺蛳粉,1000g,11.59,7,81.13,2024/9/29 19:01,新一线,银行卡,秒杀,1,80.13,7401,31,0,25-34
4138420,425167,回锅肉,1000g,27.93,5,139.65,2024/6/5 1:33,一线,余额,无,0,139.65,6635,49,1,25-34
4084794,302439,凉拌黄瓜,1000g,35.47,10,354.7,2024/3/2 19:59,三线,银行卡,会员折扣,6,348.7,4006,32,1,25-34
6777784,588378,回锅肉,300g,28.93,0,0,2024/6/25 8:46,三线,支付宝,店铺券,0,0,2997,40,0,18-24
1854099,676905,宫保鸡丁,600g,29.91,6,179.46,2024/2/13 15:22,新一线,银行卡,满减,9,170.46,3004,32,1,25-34
2080749,972346,宫保鸡丁,600g,42.24,4,168.96,2024/2/16 11:11,新一线,支付宝,满减,6,162.96,2202,46,0,18-24
9739739,954678,回锅肉,200g,24.14,10,241.4,2024/5/18 0:48,新一线,余额,满减,5,236.4,9667,30,0,35-44
2037418,234908,番茄炒蛋,300g,14.37,7,100.59,2024/9/22 16:10,二线,支付宝,会员折扣,1,99.59,8931,38,0,18-24
8034849,287112,麻婆豆腐,600g,20.86,8,166.88,2024/5/26 7:47,新一线,银行卡,平台券,6,160.88,3036,47,1,45-54
4665085,781492,螺蛳粉,400g,14.03,2,28.06,2024/8/25 4:37,二线,微信,无,0,28.06,9216,44,1,45-54
8389715,616278,凉拌黄瓜,1000g,38.3,6,229.8,2024/4/26 18:59,新一线,云闪付,满减,7,222.8,2356,35,1,18-24
2246248,101521,回锅肉,1000g,25.91,8,207.28,2024/2/5 1:44,新一线,银行卡,满减,24,183.28,65,43,1,25-34
3698100,768659,宫保鸡丁,800g,32.07,2,64.14,2024/9/25 2:56,新一线,云闪付,会员折扣,9,55.14,2541,41,1,18-24
3131097,744370,麻婆豆腐,300g,20.28,6,121.68,2024/12/17 13:34,三线,支付宝,平台券,33,88.68,10,46,1,18-24
4084794,302439,凉拌黄瓜,1000g,23.33,4,93.32,2024/3/2 19:59,新一线,银行卡,店铺券,3,90.32,4006,32,0,35-44
6277521,365579,回锅肉,1000g,29.44,1,29.44,2024/10/23 8:01,三线,银行卡,会员折扣,12,17.44,7504,49,1,25-34
3559258,409613,鱼香肉丝,200g,12.08,1,12.08,2024/10/4 15:39,一线,支付宝,满减,7,5.08,29,46,1,45-54
7293164,575126,番茄炒蛋,600g,27.73,1,27.73,2024/1/1 16:40,三线,银行卡,无,0,27.73,7664,37,1,18-24
9739739,954678,回锅肉,200g,49.04,9,441.36,2024/5/18 0:48,三线,余额,店铺券,7,434.36,9667,30,0,25-34
3702249,271510,清蒸鲈鱼,1000g,17.64,8,141.12,2024/11/1 7:19,二线,云闪付,店铺券,27,114.12,24,47,1,18-24
6187563,311502,鱼香肉丝,1000g,49.53,6,297.18,2024/10/15 13:13,新一线,银行卡,平台券,17,280.18,2483,45,1,18-24
6218676,590994,清蒸鲈鱼,1000g,40.82,2,81.64,2024/7/20 13:16,三线,支付宝,平台券,13,68.64,85,43,1,18-24
1578422,996524,回锅肉,400g,22.21,2,44.42,2024/7/11 17:06,三线,银行卡,平台券,0,44.42,8383,38,1,25-34
3702249,271510,清蒸鲈鱼,1000g,26.33,7,184.31,2024/11/1 7:19,新一线,云闪付,会员折扣,10,174.31,24,47,1,25-34
5913586,305696,糖醋里脊,500g,21.6,4,86.4,2024/5/1 6:38,新一线,支付宝,平台券,19,67.4,10,14,0,45-54
1854099,676905,宫保鸡丁,600g,15.08,8,120.64,2024/2/13 15:22,二线,银行卡,平台券,6,114.64,3004,32,1,18-24
4013706,851301,螺蛳粉,800g,48.84,5,244.2,2024/7/13 23:07,三线,云闪付,店铺券,4,240.2,5673,41,1,18-24
4186500,122285,糖醋里脊,600g,24.96,6,149.76,2024/2/21 1:39,新一线,余额,会员折扣,3,146.76,5796,38,0,18-24
4749686,347427,清蒸鲈鱼,500g,22.15,4,88.6,2024/1/24 11:27,一线,支付宝,平台券,3,85.6,9175,21,1,45-54
7915333,394324,螺蛳粉,500g,46.84,2,93.68,2024/12/27 7:02,二线,支付宝,秒杀,3,90.68,2617,37,1,18-24
6218676,590994,清蒸鲈鱼,1000g,22.84,10,228.4,2024/7/20 13:16,一线,支付宝,满减,29,199.4,85,43,1,55+
3361677,906295,糖醋里脊,400g,42.95,4,171.8,2024/1/17 10:42,一线,银行卡,会员折扣,8,163.8,1936,34,1,45-54
8063281,118490,凉拌黄瓜,300g,47.72,10,477.2,2024/5/3 23:27,一线,银行卡,无,0,477.2,14,31,1,45-54
9028502,843889,糖醋里脊,300g,17.25,8,138,2024/10/17 21:54,一线,支付宝,店铺券,4,134,7503,49,1,45-54
8707443,789066,鱼香肉丝,400g,38.48,1,38.48,2024/9/30 21:08,三线,支付宝,秒杀,5,33.48,3330,32,1,35-44
7792321,692105,清蒸鲈鱼,300g,48.51,5,242.55,2024/8/7 20:13,一线,银行卡,无,0,242.55,4848,48,1,18-24
3257943,392838,螺蛳粉,200g,24.53,2,49.06,2024/1/28 6:48,二线,支付宝,满减,4,45.06,5667,38,0,18-24
7364145,104359,凉拌黄瓜,800g,12.09,5,60.45,2024/4/15 1:46,二线,余额,秒杀,7,53.45,8207,34,1,18-24
4293994,635871,螺蛳粉,800g,17.79,10,177.9,2024/9/20 17:25,三线,银行卡,会员折扣,3,174.9,2925,23,0,18-24
2031776,101541,蒜蓉西兰花,600g,29.46,2,58.92,2024/2/25 10:12,新一线,支付宝,平台券,7,51.92,90,31,0,25-34
2068344,290949,宫保鸡丁,300g,19.44,1,19.44,2024/3/18 18:58,三线,支付宝,平台券,2,17.44,9096,39,1,25-34
6187563,311502,鱼香肉丝,1000g,39.22,5,196.1,2024/10/15 13:13,新一线,银行卡,店铺券,9,187.1,2483,45,1,18-24
2755390,887826,番茄炒蛋,300g,11.61,2,23.22,2024/11/8 5:31,新一线,银行卡,无,0,23.22,75,44,0,45-54
4773245,110479,番茄炒蛋,500g,19.64,2,39.28,2024/6/12 19:16,三线,云闪付,平台券,3,36.28,50,38,0,45-54
8063281,118490,凉拌黄瓜,300g,23.4,6,140.4,2024/5/3 23:27,二线,银行卡,满减,7,133.4,14,31,1,45-54
1280258,680617,清蒸鲈鱼,600g,21.58,10,215.8,2024/1/14 6:41,二线,银行卡,平台券,23,192.8,16,46,1,25-34
5197980,781059,番茄炒蛋,200g,20.2,7,141.4,2024/8/13 20:56,一线,余额,满减,1,140.4,9695,40,1,25-34
7665967,893565,糖醋里脊,500g,15.08,9,135.72,2024/1/12 1:28,二线,支付宝,无,0,135.72,5803,41,1,18-24
9638984,421639,清蒸鲈鱼,200g,22.22,2,44.44,2024/5/15 20:59,三线,支付宝,会员折扣,2,42.44,9935,33,1,18-24
4759877,355629,凉拌黄瓜,300g,39.34,2,78.68,2024/7/7 0:45,三线,银行卡,满减,11,67.68,8236,46,1,18-24
4009846,748666,番茄炒蛋,600g,38.11,1,38.11,2024/3/5 6:27,新一线,微信,平台券,7,31.11,8590,42,1,18-24
3698100,768659,宫保鸡丁,800g,38.41,9,345.69,2024/9/25 2:56,一线,云闪付,无,0,345.69,2541,41,1,25-34
2237776,729014,螺蛳粉,600g,23.32,3,69.96,2024/7/25 7:07,一线,支付宝,满减,14,55.96,12,15,0,45-54
5627079,485423,螺蛳粉,200g,36.78,5,183.9,2024/12/2 4:13,三线,支付宝,店铺券,5,178.9,6558,19,0,25-34
4552283,262502,宫保鸡丁,600g,34.91,8,279.28,2024/5/3 18:56,新一线,支付宝,满减,10,269.28,1611,40,1,25-34
1205631,785848,蒜蓉西兰花,500g,26.51,8,212.08,2024/7/3 11:29,三线,银行卡,满减,13,199.08,6915,33,1,45-54
9608798,127206,糖醋里脊,600g,26.9,5,134.5,2024/7/12 18:23,三线,银行卡,店铺券,11,123.5,40,40,1,18-24
4749686,347427,清蒸鲈鱼,500g,25.92,0,0,2024/1/24 11:27,三线,支付宝,店铺券,0,0,9175,21,1,18-24
6374512,800922,回锅肉,200g,33.51,3,100.53,2024/10/17 1:32,二线,银行卡,店铺券,17,83.53,8096,47,1,18-24
9098288,279786,宫保鸡丁,200g,27.65,6,165.9,2024/1/13 10:34,新一线,银行卡,秒杀,1,164.9,3577,42,1,35-44
7895232,992897,鱼香肉丝,400g,10.72,8,85.76,2024/12/6 0:55,新一线,余额,无,0,85.76,67,47,1,18-24
1280258,680617,清蒸鲈鱼,600g,30.42,8,243.36,2024/1/14 6:41,二线,银行卡,无,0,243.36,16,46,1,18-24
4186500,122285,糖醋里脊,600g,43.66,1,43.66,2024/2/21 1:39,一线,余额,平台券,12,31.66,5796,38,0,45-54
9823468,930717,蒜蓉西兰花,1000g,11.13,4,44.52,2024/8/10 1:24,三线,支付宝,会员折扣,0,44.52,2137,34,1,18-24
3043737,614144,凉拌黄瓜,1000g,20.36,9,183.24,2024/10/31 4:27,三线,微信,会员折扣,2,181.24,4091,34,0,25-34
8389715,616278,凉拌黄瓜,1000g,18.59,1,18.59,2024/4/26 18:59,三线,云闪付,秒杀,3,15.59,2356,35,1,45-54
4759877,355629,凉拌黄瓜,300g,11.61,0,0,2024/7/7 0:45,三线,银行卡,秒杀,0,0,8236,46,1,18-24
1280258,680617,清蒸鲈鱼,600g,20.83,2,41.66,2024/1/14 6:41,三线,银行卡,秒杀,25,16.66,16,46,1,35-44
2098645,248439,糖醋里脊,400g,12.6,0,0,2024/4/22 14:30,二线,余额,秒杀,0,0,9077,40,1,18-24
4186500,122285,糖醋里脊,600g,28.58,6,171.48,2024/2/21 1:39,新一线,余额,会员折扣,8,163.48,5796,38,0,45-54
7293164,575126,番茄炒蛋,600g,29.45,8,235.6,2024/1/1 16:40,新一线,银行卡,无,0,235.6,7664,37,1,18-24
4471996,741034,宫保鸡丁,500g,28.5,0,0,2024/1/9 19:03,二线,云闪付,秒杀,0,0,5251,50,1,25-34
1323496,960959,螺蛳粉,400g,40.12,7,280.84,2024/5/2 0:42,二线,支付宝,平台券,7,273.84,8779,32,0,25-34
6449338,718381,宫保鸡丁,300g,35.86,8,286.88,2024/8/13 19:13,二线,云闪付,秒杀,2,284.88,7006,36,0,18-24
9638984,421639,清蒸鲈鱼,200g,11.97,9,107.73,2024/5/15 20:59,三线,支付宝,店铺券,2,105.73,9935,33,0,45-54
9501578,877707,清蒸鲈鱼,800g,44.1,9,396.9,2024/2/19 8:25,新一线,银行卡,平台券,20,376.9,4254,32,0,35-44
2936683,832821,番茄炒蛋,300g,17.89,4,71.56,2024/4/3 7:06,新一线,支付宝,会员折扣,0,71.56,5406,35,0,18-24
2068344,290949,宫保鸡丁,300g,15.3,9,137.7,2024/3/18 18:58,新一线,支付宝,满减,4,133.7,9096,39,1,35-44
9349501,504068,鱼香肉丝,400g,28.13,2,56.26,2024/10/16 18:59,三线,支付宝,平台券,2,54.26,6895,47,1,45-54
4370935,233209,凉拌黄瓜,400g,27.48,5,137.4,2024/8/16 18:50,新一线,支付宝,满减,8,129.4,1071,33,1,45-54
1236413,766736,清蒸鲈鱼,1000g,33.23,3,99.69,2024/4/5 20:32,新一线,余额,店铺券,7,92.69,4,35,0,35-44
2233695,179972,凉拌黄瓜,500g,16.83,3,50.49,2024/9/4 9:14,一线,支付宝,满减,2,48.49,1399,43,1,45-54
3036558,347391,糖醋里脊,400g,36.52,5,182.6,2024/10/1 8:37,一线,银行卡,店铺券,21,161.6,3779,37,1,45-54
4341607,754783,蒜蓉西兰花,600g,34.24,9,308.16,2024/6/25 1:46,新一线,微信,平台券,2,306.16,2454,45,1,18-24
5658694,334574,宫保鸡丁,500g,47.26,3,141.78,2024/5/10 10:14,三线,支付宝,会员折扣,11,130.78,9678,34,1,18-24
8936128,130420,回锅肉,600g,30.39,3,91.17,2024/3/23 18:51,新一线,银行卡,满减,6,85.17,3228,38,0,18-24
4212116,823402,麻婆豆腐,1000g,28.09,8,224.72,2024/11/28 5:55,二线,余额,满减,6,218.72,4838,34,0,35-44
4768662,261091,宫保鸡丁,800g,15.34,2,30.68,2024/9/17 0:56,三线,余额,会员折扣,8,22.68,9140,33,0,18-24
5913586,305696,糖醋里脊,500g,19.12,2,38.24,2024/5/1 6:38,新一线,支付宝,会员折扣,11,27.24,10,14,0,55+
3559258,409613,鱼香肉丝,200g,22.37,0,0,2024/10/4 15:39,新一线,支付宝,秒杀,0,0,29,46,1,35-44
3672584,562533,蒜蓉西兰花,200g,14.68,6,88.08,2024/5/29 22:09,二线,支付宝,满减,2,86.08,4188,44,0,18-24
2936683,832821,番茄炒蛋,300g,22.35,6,134.1,2024/4/3 7:06,一线,支付宝,店铺券,2,132.1,5406,35,1,45-54
2098645,248439,糖醋里脊,400g,15.21,2,30.42,2024/4/22 14:30,新一线,余额,会员折扣,1,29.42,9077,40,1,18-24
2861523,581280,麻婆豆腐,1000g,12.56,4,50.24,2024/10/10 5:15,新一线,银行卡,会员折扣,0,50.24,80,30,0,18-24
6218676,590994,清蒸鲈鱼,1000g,48.46,10,484.6,2024/7/20 13:16,一线,支付宝,平台券,72,412.6,85,43,1,45-54
9238917,288757,螺蛳粉,1000g,19.87,9,178.83,2024/9/29 19:01,二线,银行卡,会员折扣,0,178.83,7401,31,1,18-24
7915333,394324,螺蛳粉,500g,37.79,10,377.9,2024/12/27 7:02,新一线,支付宝,秒杀,5,372.9,2617,37,0,25-34
4552283,262502,宫保鸡丁,600g,47.8,1,47.8,2024/5/3 18:56,一线,支付宝,无,0,47.8,1611,40,1,45-54
7792321,692105,清蒸鲈鱼,300g,35.71,1,35.71,2024/8/7 20:13,一线,银行卡,平台券,3,32.71,4848,48,1,25-34
7915333,394324,螺蛳粉,500g,48.25,4,193,2024/12/27 7:02,三线,支付宝,平台券,6,187,2617,37,1,18-24
7641270,625701,麻婆豆腐,400g,22.64,2,45.28,2024/7/10 1:36,三线,余额,平台券,1,44.28,2679,45,1,18-24
1996077,528595,宫保鸡丁,500g,22.37,1,22.37,2024/2/16 8:57,新一线,支付宝,会员折扣,2,20.37,2482,31,0,25-34
7656219,366121,鱼香肉丝,200g,46.64,2,93.28,2024/5/29 10:08,新一线,支付宝,无,0,93.28,8283,47,0,18-24
1578422,996524,回锅肉,400g,36.07,10,360.7,2024/7/11 17:06,新一线,银行卡,满减,3,357.7,8383,38,1,45-54
2590461,267613,番茄炒蛋,300g,22.77,4,91.08,2024/12/9 21:47,新一线,余额,秒杀,11,80.08,9508,49,0,18-24
3702249,271510,清蒸鲈鱼,1000g,48.24,7,337.68,2024/11/1 7:19,一线,云闪付,无,0,337.68,24,47,1,25-34
8707443,789066,鱼香肉丝,400g,27.76,8,222.08,2024/9/30 21:08,新一线,支付宝,会员折扣,1,221.08,3330,32,0,55+
2246248,101521,回锅肉,1000g,37.2,7,260.4,2024/2/5 1:44,新一线,银行卡,会员折扣,27,233.4,65,43,1,25-34
8619828,135807,糖醋里脊,300g,45.12,10,451.2,2024/10/12 23:49,新一线,支付宝,会员折扣,33,418.2,70,16,0,25-34
2068344,290949,宫保鸡丁,300g,33.43,1,33.43,2024/3/18 18:58,一线,支付宝,无,0,33.43,9096,39,1,25-34
5913586,305696,糖醋里脊,500g,42.17,7,295.19,2024/5/1 6:38,一线,支付宝,会员折扣,21,274.19,10,14,0,18-24
4562198,638739,麻婆豆腐,800g,36.37,7,254.59,2024/3/17 16:09,新一线,微信,无,0,254.59,7984,17,0,25-34
7189051,953636,回锅肉,800g,13.83,10,138.3,2024/1/28 8:22,一线,微信,满减,0,138.3,6741,19,0,18-24
5913586,305696,糖醋里脊,500g,46.58,3,139.74,2024/5/1 6:38,三线,支付宝,会员折扣,41,98.74,10,14,0,18-24
9349501,504068,鱼香肉丝,400g,16.82,1,16.82,2024/10/16 18:59,新一线,支付宝,无,0,16.82,6895,47,0,25-34
2037418,234908,番茄炒蛋,300g,46,5,230,2024/9/22 16:10,三线,支付宝,秒杀,7,223,8931,38,0,25-34
8167432,425502,糖醋里脊,600g,45.4,2,90.8,2024/3/7 16:14,新一线,支付宝,店铺券,2,88.8,8630,33,0,45-54
7641270,625701,麻婆豆腐,400g,30.52,9,274.68,2024/7/10 1:36,二线,余额,店铺券,5,269.68,2679,45,1,55+
4665085,781492,螺蛳粉,400g,36.83,2,73.66,2024/8/25 4:37,新一线,微信,会员折扣,4,69.66,9216,44,1,35-44
6449338,718381,宫保鸡丁,300g,10.38,8,83.04,2024/8/13 19:13,新一线,云闪付,满减,0,83.04,7006,36,0,18-24
9638984,421639,清蒸鲈鱼,200g,30.82,8,246.56,2024/5/15 20:59,一线,支付宝,满减,4,242.56,9935,33,1,35-44
8619828,135807,糖醋里脊,300g,38.57,6,231.42,2024/10/12 23:49,新一线,支付宝,满减,21,210.42,70,16,0,18-24
8707443,789066,鱼香肉丝,400g,26.73,0,0,2024/9/30 21:08,新一线,支付宝,会员折扣,0,0,3330,32,0,25-34
4013706,851301,螺蛳粉,800g,19.32,2,38.64,2024/7/13 23:07,新一线,云闪付,秒杀,3,35.64,5673,41,1,45-54
8980238,579979,鱼香肉丝,800g,17.2,5,86,2024/1/14 12:57,一线,支付宝,店铺券,6,80,9258,44,1,18-24
5376964,727035,凉拌黄瓜,600g,44.49,8,355.92,2024/10/22 1:54,二线,余额,秒杀,15,340.92,99,47,1,45-54
4773245,110479,番茄炒蛋,500g,18.86,1,18.86,2024/6/12 19:16,一线,云闪付,无,0,18.86,50,38,0,18-24
9823468,930717,蒜蓉西兰花,1000g,34.26,7,239.82,2024/8/10 1:24,三线,支付宝,无,0,239.82,2137,34,1,18-24
5964088,830957,凉拌黄瓜,1000g,13.65,0,0,2024/3/10 17:49,三线,银行卡,无,0,0,8833,40,1,25-34
4552283,262502,宫保鸡丁,600g,18.55,8,148.4,2024/5/3 18:56,一线,支付宝,满减,8,140.4,1611,40,1,35-44
4759877,355629,凉拌黄瓜,300g,18.14,6,108.84,2024/7/7 0:45,新一线,银行卡,秒杀,6,102.84,8236,46,1,18-24
1578422,996524,回锅肉,400g,45.22,5,226.1,2024/7/11 17:06,新一线,银行卡,会员折扣,9,217.1,8383,38,1,25-34
2068344,290949,宫保鸡丁,300g,27.35,3,82.05,2024/3/18 18:58,新一线,支付宝,满减,2,80.05,9096,39,1,35-44
1449346,516380,麻婆豆腐,400g,11.42,8,91.36,2024/7/5 3:18,新一线,余额,会员折扣,2,89.36,9520,30,1,25-34
2068344,290949,宫保鸡丁,300g,20.09,10,200.9,2024/3/18 18:58,一线,支付宝,会员折扣,8,192.9,9096,39,1,25-34
7895232,992897,鱼香肉丝,400g,42.43,7,297.01,2024/12/6 0:55,二线,余额,会员折扣,74,223.01,67,47,1,45-54
4759877,355629,凉拌黄瓜,300g,18.57,0,0,2024/7/7 0:45,新一线,银行卡,会员折扣,0,0,8236,46,1,35-44
2537519,768584,糖醋里脊,400g,17.05,0,0,2024/9/19 14:18,新一线,云闪付,无,0,0,1484,17,0,18-24
6248155,343556,麻婆豆腐,1000g,34.25,3,102.75,2024/2/27 18:37,新一线,余额,会员折扣,1,101.75,9723,35,0,45-54
6084454,175901,鱼香肉丝,200g,18.92,4,75.68,2024/9/16 3:23,三线,余额,无,0,75.68,7333,45,1,18-24
1578422,996524,回锅肉,400g,27.12,4,108.48,2024/7/11 17:06,一线,银行卡,店铺券,3,105.48,8383,38,0,45-54
8933258,967005,麻婆豆腐,1000g,36.33,4,145.32,2024/3/15 4:41,新一线,余额,会员折扣,5,140.32,1964,17,0,18-24
4009846,748666,番茄炒蛋,600g,34.23,2,68.46,2024/3/5 6:27,新一线,微信,平台券,8,60.46,8590,42,1,18-24
1805096,368460,宫保鸡丁,300g,38.94,0,0,2024/3/13 23:53,新一线,银行卡,店铺券,0,0,6390,44,1,45-54
6449338,718381,宫保鸡丁,300g,37.66,9,338.94,2024/8/13 19:13,新一线,云闪付,会员折扣,0,338.94,7006,36,0,25-34
6248155,343556,麻婆豆腐,1000g,25.54,5,127.7,2024/2/27 18:37,新一线,余额,满减,4,123.7,9723,35,0,35-44
1578422,996524,回锅肉,400g,18.59,3,55.77,2024/7/11 17:06,三线,银行卡,会员折扣,0,55.77,8383,38,1,18-24
3257943,392838,螺蛳粉,200g,28.17,6,169.02,2024/1/28 6:48,新一线,支付宝,无,0,169.02,5667,38,0,35-44
2590461,267613,番茄炒蛋,300g,13.2,0,0,2024/12/9 21:47,新一线,余额,会员折扣,0,0,9508,49,1,18-24
9608798,127206,糖醋里脊,600g,12.16,6,72.96,2024/7/12 18:23,新一线,银行卡,满减,15,57.96,40,40,1,45-54
2068344,290949,宫保鸡丁,300g,34.39,1,34.39,2024/3/18 18:58,一线,支付宝,无,0,34.39,9096,39,1,18-24
2246248,101521,回锅肉,1000g,17.86,6,107.16,2024/2/5 1:44,新一线,银行卡,秒杀,14,93.16,65,43,1,55+
9654400,346303,螺蛳粉,300g,16.94,3,50.82,2024/8/17 21:33,新一线,支付宝,满减,1,49.82,9832,45,1,25-34
2755390,887826,番茄炒蛋,300g,10.78,7,75.46,2024/11/8 5:31,二线,银行卡,会员折扣,0,75.46,75,44,1,45-54
6202561,350216,番茄炒蛋,400g,16.81,8,134.48,2024/9/2 22:30,三线,云闪付,秒杀,9,125.48,2412,41,1,25-34
2840392,599022,宫保鸡丁,400g,32.25,4,129,2024/1/18 2:02,一线,微信,店铺券,14,115,2085,33,0,45-54
8522503,283235,回锅肉,200g,47.91,10,479.1,2024/3/29 3:19,一线,银行卡,会员折扣,21,458.1,35,34,0,25-34
5913586,305696,糖醋里脊,500g,19.23,10,192.3,2024/5/1 6:38,新一线,支付宝,会员折扣,15,177.3,10,14,0,55+
9817373,848954,麻婆豆腐,200g,23.56,2,47.12,2024/3/18 8:06,新一线,银行卡,满减,4,43.12,2304,31,1,18-24
3698100,768659,宫保鸡丁,800g,29.83,4,119.32,2024/9/25 2:56,三线,云闪付,会员折扣,3,116.32,2541,41,1,35-44
4199113,111866,番茄炒蛋,1000g,36.73,5,183.65,2024/8/7 20:35,二线,支付宝,满减,3,180.65,5321,31,1,25-34
4179717,459031,糖醋里脊,300g,15.06,7,105.42,2024/1/5 18:14,三线,云闪付,秒杀,13,92.42,74,40,1,25-34
4042523,531845,回锅肉,200g,29.23,10,292.3,2024/5/9 9:11,新一线,银行卡,无,0,292.3,6809,42,1,35-44
2068344,290949,宫保鸡丁,300g,40.71,7,284.97,2024/3/18 18:58,新一线,支付宝,店铺券,4,280.97,9096,39,0,18-24
4370935,233209,凉拌黄瓜,400g,26.08,5,130.4,2024/8/16 18:50,一线,支付宝,无,0,130.4,1071,33,1,45-54
9420114,366434,凉拌黄瓜,600g,23.85,8,190.8,2024/11/30 13:40,新一线,支付宝,店铺券,0,190.8,4482,31,1,25-34
4179717,459031,糖醋里脊,300g,38.37,9,345.33,2024/1/5 18:14,新一线,云闪付,满减,3,342.33,74,40,1,18-24
8417300,499524,宫保鸡丁,300g,24.29,0,0,2024/2/5 6:42,三线,银行卡,会员折扣,0,0,36,46,1,25-34
4200521,590999,宫保鸡丁,400g,33.08,8,264.64,2024/11/7 21:28,新一线,微信,会员折扣,3,261.64,4034,37,1,45-54
2840392,599022,宫保鸡丁,400g,36.01,10,360.1,2024/1/18 2:02,一线,微信,满减,15,345.1,2085,33,0,45-54
9420114,366434,凉拌黄瓜,600g,25.66,2,51.32,2024/11/30 13:40,二线,支付宝,会员折扣,4,47.32,4482,31,1,25-34
8063281,118490,凉拌黄瓜,300g,11.68,1,11.68,2024/5/3 23:27,新一线,银行卡,店铺券,11,0.68,14,31,1,35-44
6811063,840280,番茄炒蛋,1000g,46.81,9,421.29,2024/12/27 8:06,新一线,余额,秒杀,27,394.29,3912,35,0,18-24
1280258,680617,清蒸鲈鱼,600g,29.27,5,146.35,2024/1/14 6:41,三线,银行卡,秒杀,16,130.35,16,46,1,25-34
6200360,599471,宫保鸡丁,1000g,24.01,5,120.05,2024/1/17 5:04,一线,支付宝,店铺券,2,118.05,4402,50,1,18-24
6620030,955159,蒜蓉西兰花,600g,46.68,1,46.68,2024/5/22 11:11,新一线,银行卡,满减,1,45.68,80,34,1,18-24
7150608,153099,清蒸鲈鱼,400g,13.8,6,82.8,2024/2/25 17:11,一线,银行卡,满减,1,81.8,3791,37,1,18-24
9988294,869818,蒜蓉西兰花,400g,18.57,5,92.85,2024/5/27 0:34,新一线,支付宝,满减,0,92.85,8367,38,0,25-34
3084153,258462,麻婆豆腐,500g,11.37,10,113.7,2024/11/3 20:48,三线,支付宝,平台券,3,110.7,2991,42,1,45-54
2233695,179972,凉拌黄瓜,500g,38.99,0,0,2024/9/4 9:14,新一线,支付宝,无,0,0,1399,43,1,18-24
4369102,593079,回锅肉,300g,13,6,78,2024/12/30 16:50,新一线,银行卡,无,0,78,52,50,1,25-34
2246248,101521,回锅肉,1000g,24.6,10,246,2024/2/5 1:44,新一线,银行卡,平台券,12,234,65,43,1,45-54
9349501,504068,鱼香肉丝,400g,41.08,5,205.4,2024/10/16 18:59,新一线,支付宝,满减,14,191.4,6895,47,1,18-24
2098645,248439,糖醋里脊,400g,44.9,4,179.6,2024/4/22 14:30,新一线,余额,会员折扣,27,152.6,9077,40,1,45-54
3084153,258462,麻婆豆腐,500g,43.17,4,172.68,2024/11/3 20:48,三线,支付宝,会员折扣,14,158.68,2991,42,1,45-54
1805096,368460,宫保鸡丁,300g,16.85,0,0,2024/3/13 23:53,新一线,银行卡,秒杀,0,0,6390,44,1,18-24
9451104,353581,糖醋里脊,300g,36.7,3,110.1,2024/7/6 11:26,新一线,银行卡,无,0,110.1,1277,48,1,25-34
1995360,475775,蒜蓉西兰花,400g,25.6,9,230.4,2024/8/19 23:26,三线,余额,会员折扣,1,229.4,5704,48,1,18-24
4341607,754783,蒜蓉西兰花,600g,20.98,2,41.96,2024/6/25 1:46,三线,微信,店铺券,8,33.96,2454,45,1,18-24
8126573,786436,麻婆豆腐,400g,28.02,6,168.12,2024/2/4 18:17,一线,银行卡,无,0,168.12,11,49,1,25-34
6203000,110149,清蒸鲈鱼,400g,33.86,10,338.6,2024/6/20 22:27,新一线,支付宝,秒杀,3,335.6,3491,33,1,18-24
7915333,394324,螺蛳粉,500g,38.82,2,77.64,2024/12/27 7:02,新一线,支付宝,会员折扣,6,71.64,2617,37,0,18-24
1578422,996524,回锅肉,400g,30.6,6,183.6,2024/7/11 17:06,二线,银行卡,会员折扣,0,183.6,8383,38,0,18-24
3834770,687716,番茄炒蛋,400g,22.05,8,176.4,2024/2/24 6:17,三线,微信,会员折扣,3,173.4,7241,40,1,18-24
2868616,833849,回锅肉,400g,13.36,9,120.24,2024/3/18 13:46,一线,云闪付,无,0,120.24,4804,36,0,18-24
7123867,650101,鱼香肉丝,600g,14.15,4,56.6,2024/11/25 5:35,二线,支付宝,满减,0,56.6,69,39,1,25-34
5150605,123969,回锅肉,800g,36.36,3,109.08,2024/3/26 3:13,新一线,支付宝,无,0,109.08,28,43,1,18-24
5421241,798875,凉拌黄瓜,300g,44.86,1,44.86,2024/11/25 4:27,一线,余额,会员折扣,24,20.86,9280,31,0,45-54
9278067,920830,凉拌黄瓜,600g,22.22,10,222.2,2024/3/12 3:08,一线,云闪付,无,0,222.2,16,24,0,45-54
3344185,695789,凉拌黄瓜,200g,38.78,5,193.9,2024/8/4 0:20,二线,支付宝,满减,9,184.9,4730,31,0,25-34
7196058,447977,蒜蓉西兰花,600g,14.3,4,57.2,2024/6/25 3:15,新一线,微信,会员折扣,2,55.2,2186,31,1,25-34
6587527,526778,清蒸鲈鱼,600g,43.84,3,131.52,2024/10/14 3:13,一线,银行卡,秒杀,15,116.52,9974,45,1,18-24
6587527,526778,清蒸鲈鱼,600g,15.81,3,47.43,2024/10/14 3:13,新一线,银行卡,无,0,47.43,9974,45,1,18-24
6919951,496498,螺蛳粉,200g,22.65,4,90.6,2024/4/24 12:38,新一线,余额,满减,12,78.6,48,44,1,18-24
2891565,469788,蒜蓉西兰花,200g,30.67,3,92.01,2024/9/15 0:01,新一线,微信,会员折扣,4,88.01,3624,41,1,18-24
7017818,245199,麻婆豆腐,600g,42.76,0,0,2024/3/20 13:39,新一线,支付宝,店铺券,0,0,4827,39,1,25-34
6587527,526778,清蒸鲈鱼,600g,22.6,0,0,2024/10/14 3:13,新一线,银行卡,会员折扣,0,0,9974,45,1,25-34
2887848,495898,麻婆豆腐,400g,48.02,7,336.14,2024/8/9 18:57,新一线,余额,会员折扣,29,307.14,8560,36,0,25-34
3501961,914294,回锅肉,200g,18.05,2,36.1,2024/8/23 22:21,新一线,支付宝,满减,3,33.1,5711,44,1,25-34
3579572,676024,鱼香肉丝,600g,40.53,2,81.06,2024/2/11 5:32,一线,余额,无,0,81.06,1301,46,0,25-34
7867450,163731,凉拌黄瓜,600g,23.23,7,162.61,2024/10/16 3:20,三线,银行卡,秒杀,3,159.61,1097,12,0,45-54
7123867,650101,鱼香肉丝,600g,40.2,0,0,2024/11/25 5:35,新一线,支付宝,会员折扣,0,0,69,39,0,45-54
7196058,447977,蒜蓉西兰花,600g,15.53,8,124.24,2024/6/25 3:15,二线,微信,无,0,124.24,2186,31,1,45-54
7196058,447977,蒜蓉西兰花,600g,49.2,3,147.6,2024/6/25 3:15,新一线,微信,会员折扣,9,138.6,2186,31,1,45-54
5775338,899624,螺蛳粉,300g,19.04,10,190.4,2024/11/30 13:00,新一线,余额,平台券,9,181.4,8033,41,0,45-54
9502929,346361,清蒸鲈鱼,300g,34.49,8,275.92,2024/5/16 18:06,二线,余额,会员折扣,36,239.92,71,38,0,18-24
4410814,534615,番茄炒蛋,600g,44.88,5,224.4,2024/5/27 3:40,新一线,余额,秒杀,7,217.4,8405,43,1,45-54
6153750,285394,蒜蓉西兰花,1000g,25.13,6,150.78,2024/2/3 12:28,三线,云闪付,满减,10,140.78,6772,49,1,18-24
5383457,273908,回锅肉,300g,42.45,5,212.25,2024/5/6 7:24,一线,支付宝,店铺券,1,211.25,3374,44,1,25-34
2679665,449785,蒜蓉西兰花,300g,18.91,1,18.91,2024/4/10 18:15,新一线,云闪付,满减,7,11.91,9466,44,1,18-24
6846687,700251,宫保鸡丁,200g,28.71,9,258.39,2024/7/19 5:16,三线,支付宝,会员折扣,0,258.39,9282,40,1,35-44
2982401,719633,糖醋里脊,500g,48.47,5,242.35,2024/4/14 10:37,新一线,云闪付,会员折扣,6,236.35,9810,20,1,35-44
6587527,526778,清蒸鲈鱼,600g,38.39,1,38.39,2024/10/14 3:13,新一线,银行卡,无,0,38.39,9974,45,0,18-24
9930535,944210,麻婆豆腐,200g,48.02,6,288.12,2024/7/12 4:32,二线,支付宝,满减,6,282.12,7381,32,1,18-24
4142197,275198,回锅肉,200g,20.74,3,62.22,2024/10/14 5:18,新一线,支付宝,满减,3,59.22,9861,33,0,18-24
1818773,551494,宫保鸡丁,600g,41.06,0,0,2024/10/6 4:51,一线,支付宝,店铺券,0,0,3538,45,0,45-54
1682417,545405,糖醋里脊,200g,29.25,7,204.75,2024/4/19 10:14,新一线,银行卡,店铺券,16,188.75,4044,39,1,18-24
1682417,545405,糖醋里脊,200g,48.47,8,387.76,2024/4/19 10:14,二线,银行卡,无,0,387.76,4044,39,1,25-34
3422538,238457,回锅肉,1000g,31.74,7,222.18,2024/7/8 6:50,一线,银行卡,满减,7,215.18,2597,49,1,18-24
4142197,275198,回锅肉,200g,29.84,9,268.56,2024/10/14 5:18,一线,支付宝,无,0,268.56,9861,33,0,45-54
9249384,581055,清蒸鲈鱼,500g,16.76,5,83.8,2024/3/8 23:57,三线,银行卡,满减,6,77.8,7629,44,1,18-24
9331433,381006,蒜蓉西兰花,1000g,34.2,1,34.2,2024/7/5 21:12,新一线,余额,满减,12,22.2,3,37,1,18-24
4868841,726558,鱼香肉丝,500g,36.38,6,218.28,2024/4/8 18:31,新一线,微信,会员折扣,1,217.28,4902,42,1,25-34
9331433,381006,蒜蓉西兰花,1000g,46.36,1,46.36,2024/7/5 21:12,一线,余额,满减,46,0.36,3,37,1,45-54
9285168,293258,螺蛳粉,200g,48.4,1,48.4,2024/12/23 20:10,新一线,银行卡,店铺券,23,25.4,5293,33,1,25-34
6625001,349997,鱼香肉丝,200g,21.43,9,192.87,2024/5/1 8:11,新一线,支付宝,无,0,192.87,1697,44,1,18-24
6153750,285394,蒜蓉西兰花,1000g,19.27,1,19.27,2024/2/3 12:28,二线,云闪付,会员折扣,6,13.27,6772,49,1,35-44
6566728,658713,清蒸鲈鱼,400g,41.92,7,293.44,2024/8/28 19:37,一线,微信,满减,2,291.44,10,48,1,25-34
6587527,526778,清蒸鲈鱼,600g,32.53,0,0,2024/10/14 3:13,二线,银行卡,会员折扣,0,0,9974,45,1,45-54
7017818,245199,麻婆豆腐,600g,38.84,7,271.88,2024/3/20 13:39,新一线,支付宝,会员折扣,18,253.88,4827,39,0,35-44
9930535,944210,麻婆豆腐,200g,47.35,7,331.45,2024/7/12 4:32,一线,支付宝,无,0,331.45,7381,32,1,18-24
9788812,541825,凉拌黄瓜,600g,42.39,3,127.17,2024/3/13 17:04,一线,余额,满减,7,120.17,4782,44,1,25-34
7375442,984140,蒜蓉西兰花,500g,13.73,10,137.3,2024/11/15 8:53,三线,云闪付,会员折扣,8,129.3,6072,49,1,18-24
7196058,447977,蒜蓉西兰花,600g,37.14,7,259.98,2024/6/25 3:15,三线,微信,店铺券,4,255.98,2186,31,1,25-34
9849233,542977,番茄炒蛋,400g,32.82,7,229.74,2024/11/16 2:59,三线,支付宝,会员折扣,2,227.74,7525,40,1,35-44
5743325,947097,回锅肉,500g,33.97,1,33.97,2024/10/15 11:17,三线,余额,会员折扣,18,15.97,8494,49,0,25-34
3539076,216889,麻婆豆腐,1000g,47.31,0,0,2024/9/10 8:05,新一线,支付宝,无,0,0,86,44,1,18-24
6587527,526778,清蒸鲈鱼,600g,47.68,0,0,2024/10/14 3:13,一线,银行卡,满减,0,0,9974,45,1,45-54
9054777,624818,蒜蓉西兰花,1000g,15.1,9,135.9,2024/5/7 7:50,新一线,云闪付,无,0,135.9,7523,41,1,45-54
8127676,248616,宫保鸡丁,800g,33.57,9,302.13,2024/4/18 3:14,三线,云闪付,平台券,13,289.13,5584,43,1,25-34
6867380,569751,宫保鸡丁,400g,26.1,0,0,2024/8/22 8:38,新一线,支付宝,平台券,0,0,6158,35,0,25-34
3984590,938750,宫保鸡丁,300g,25.36,9,228.24,2024/11/22 8:24,三线,支付宝,无,0,228.24,8978,44,1,18-24
2119265,439602,回锅肉,600g,47.12,7,329.84,2024/10/10 6:45,新一线,云闪付,会员折扣,6,323.84,3873,37,1,35-44
7980362,741699,蒜蓉西兰花,200g,39.38,6,236.28,2024/4/16 17:06,新一线,余额,平台券,46,190.28,61,25,1,18-24
1818773,551494,宫保鸡丁,600g,24.69,3,74.07,2024/10/6 4:51,新一线,支付宝,会员折扣,7,67.07,3538,45,0,25-34
2539777,441248,凉拌黄瓜,400g,29.85,5,149.25,2024/9/17 22:06,三线,余额,满减,55,94.25,15,36,1,45-54
4410814,534615,番茄炒蛋,600g,23.39,0,0,2024/5/27 3:40,新一线,余额,会员折扣,0,0,8405,43,1,25-34
4868841,726558,鱼香肉丝,500g,37.82,0,0,2024/4/8 18:31,三线,微信,满减,0,0,4902,42,1,25-34
8166743,856972,凉拌黄瓜,200g,38.16,3,114.48,2024/12/23 18:13,新一线,微信,满减,29,85.48,35,37,0,25-34
5564711,193590,螺蛳粉,600g,29.7,4,118.8,2024/10/27 6:52,三线,余额,平台券,59,59.8,68,49,1,35-44
6867380,569751,宫保鸡丁,400g,29.57,3,88.71,2024/8/22 8:38,新一线,支付宝,会员折扣,15,73.71,6158,35,1,25-34
6919951,496498,螺蛳粉,200g,19.69,8,157.52,2024/4/24 12:38,新一线,余额,满减,27,130.52,48,44,1,45-54
4142197,275198,回锅肉,200g,16.76,5,83.8,2024/10/14 5:18,三线,支付宝,店铺券,0,83.8,9861,33,0,25-34
7027276,469756,回锅肉,800g,11.79,2,23.58,2024/12/4 9:37,三线,支付宝,平台券,6,17.58,2761,32,0,18-24
5150605,123969,回锅肉,800g,21.86,5,109.3,2024/3/26 3:13,二线,支付宝,会员折扣,1,108.3,28,43,1,18-24
5150605,123969,回锅肉,800g,21.57,9,194.13,2024/3/26 3:13,二线,支付宝,会员折扣,30,164.13,28,43,1,18-24
4384366,127218,清蒸鲈鱼,800g,30.88,7,216.16,2024/9/30 22:33,一线,银行卡,秒杀,12,204.16,2376,40,0,18-24
5499586,120477,糖醋里脊,1000g,26.72,7,187.04,2024/11/19 0:36,新一线,银行卡,会员折扣,4,183.04,3118,38,1,45-54
4193202,468606,回锅肉,1000g,34.44,10,344.4,2024/5/5 20:49,新一线,支付宝,无,0,344.4,9011,41,0,45-54
3088835,467898,清蒸鲈鱼,200g,26.16,1,26.16,2024/3/12 6:09,新一线,云闪付,会员折扣,14,12.16,5127,42,1,18-24
5532711,153399,番茄炒蛋,300g,18.86,0,0,2024/2/19 15:15,三线,余额,无,0,0,9360,35,1,18-24
4097676,761198,宫保鸡丁,400g,47.74,9,429.66,2024/3/12 15:20,三线,支付宝,无,0,429.66,7475,34,1,35-44
3501961,914294,回锅肉,200g,29.8,2,59.6,2024/8/23 22:21,新一线,支付宝,满减,4,55.6,5711,44,1,35-44
4498271,791026,糖醋里脊,800g,30.21,4,120.84,2024/1/23 23:23,二线,银行卡,会员折扣,3,117.84,5661,41,1,45-54
5499586,120477,糖醋里脊,1000g,20.1,5,100.5,2024/11/19 0:36,三线,银行卡,店铺券,3,97.5,3118,38,1,35-44
5421241,798875,凉拌黄瓜,300g,20.59,7,144.13,2024/11/25 4:27,新一线,余额,会员折扣,10,134.13,9280,31,1,45-54
7212141,164072,鱼香肉丝,1000g,32.21,8,257.68,2024/8/24 21:34,一线,支付宝,满减,5,252.68,9779,34,1,45-54
3318482,614416,蒜蓉西兰花,400g,14,5,70,2024/2/19 3:45,一线,云闪付,平台券,5,65,5081,41,1,25-34
8640293,325561,回锅肉,200g,23.51,3,70.53,2024/7/30 1:32,二线,支付宝,无,0,70.53,5897,49,1,45-54
6566728,658713,清蒸鲈鱼,400g,27.65,3,82.95,2024/8/28 19:37,一线,微信,会员折扣,16,66.95,10,48,1,18-24
3156995,448663,鱼香肉丝,300g,49.04,7,343.28,2024/2/8 21:01,新一线,支付宝,无,0,343.28,92,36,1,25-34
9278067,920830,凉拌黄瓜,600g,22.42,5,112.1,2024/3/12 3:08,新一线,云闪付,平台券,21,91.1,16,24,0,25-34
1818773,551494,宫保鸡丁,600g,36.96,4,147.84,2024/10/6 4:51,新一线,支付宝,秒杀,19,128.84,3538,45,0,18-24
3344185,695789,凉拌黄瓜,200g,43.74,9,393.66,2024/8/4 0:20,一线,支付宝,满减,21,372.66,4730,31,1,25-34
6587527,526778,清蒸鲈鱼,600g,44.56,6,267.36,2024/10/14 3:13,一线,银行卡,会员折扣,16,251.36,9974,45,1,45-54
7672418,631858,番茄炒蛋,600g,36.05,4,144.2,2024/10/26 4:47,一线,银行卡,满减,10,134.2,5853,35,1,18-24
2719520,843245,麻婆豆腐,300g,26.77,0,0,2024/8/17 8:56,新一线,银行卡,无,0,0,7743,36,0,18-24
7868411,793008,宫保鸡丁,600g,31.25,6,187.5,2024/11/26 6:39,新一线,余额,店铺券,30,157.5,23,33,0,18-24
2057459,427739,蒜蓉西兰花,300g,33.25,0,0,2024/3/3 19:25,一线,支付宝,店铺券,0,0,92,33,1,45-54
8127676,248616,宫保鸡丁,800g,17.67,10,176.7,2024/4/18 3:14,二线,云闪付,店铺券,5,171.7,5584,43,1,45-54
9502929,346361,清蒸鲈鱼,300g,12,9,108,2024/5/16 18:06,三线,余额,满减,6,102,71,38,0,45-54
6587527,526778,清蒸鲈鱼,600g,13.02,10,130.2,2024/10/14 3:13,新一线,银行卡,会员折扣,6,124.2,9974,45,1,25-34
7980362,741699,蒜蓉西兰花,200g,26.38,9,237.42,2024/4/16 17:06,新一线,余额,会员折扣,25,212.42,61,25,0,18-24
3034503,633846,麻婆豆腐,1000g,31.39,0,0,2024/2/20 15:03,新一线,云闪付,满减,0,0,58,34,1,25-34
5623759,210468,蒜蓉西兰花,300g,28.42,8,227.36,2024/8/18 3:52,新一线,云闪付,秒杀,4,223.36,2423,40,1,18-24
4394690,429460,回锅肉,600g,10.9,6,65.4,2024/7/21 13:04,三线,云闪付,会员折扣,2,63.4,7793,30,1,45-54
4773140,979293,回锅肉,200g,22.04,9,198.36,2024/7/21 1:05,三线,支付宝,会员折扣,9,189.36,2949,48,1,45-54
8948556,252213,宫保鸡丁,400g,26.29,5,131.45,2024/7/19 1:57,新一线,银行卡,会员折扣,1,130.45,5414,39,0,45-54
5743325,947097,回锅肉,500g,17.95,1,17.95,2024/10/15 11:17,一线,余额,满减,5,12.95,8494,49,1,45-54
3088835,467898,清蒸鲈鱼,200g,30.7,2,61.4,2024/3/12 6:09,一线,云闪付,平台券,13,48.4,5127,42,1,25-34
4316910,195885,宫保鸡丁,300g,21.63,9,194.67,2024/10/5 3:06,二线,银行卡,无,0,194.67,4911,50,1,18-24
7750799,910599,蒜蓉西兰花,1000g,19.19,6,115.14,2024/11/5 0:00,二线,余额,满减,0,115.14,6424,47,0,35-44
4116052,467180,鱼香肉丝,1000g,10.04,3,30.12,2024/11/26 18:19,三线,云闪付,店铺券,1,29.12,2537,32,1,45-54
5369781,469227,回锅肉,1000g,29.04,2,58.08,2024/8/10 18:41,三线,云闪付,无,0,58.08,6200,42,1,18-24
2057459,427739,蒜蓉西兰花,300g,11.78,2,23.56,2024/3/3 19:25,二线,支付宝,平台券,8,15.56,92,33,1,45-54
9502929,346361,清蒸鲈鱼,300g,17.56,9,158.04,2024/5/16 18:06,二线,余额,秒杀,10,148.04,71,38,1,55+
1509548,270612,清蒸鲈鱼,1000g,44.38,7,310.66,2024/7/7 9:41,新一线,微信,平台券,5,305.66,5195,36,1,25-34
1818773,551494,宫保鸡丁,600g,10.79,3,32.37,2024/10/6 4:51,三线,支付宝,满减,5,27.37,3538,45,0,25-34
1094695,731505,鱼香肉丝,200g,42.53,1,42.53,2024/4/22 17:20,三线,余额,秒杀,22,20.53,7081,34,0,45-54
1094695,731505,鱼香肉丝,200g,37.6,1,37.6,2024/4/22 17:20,一线,余额,店铺券,22,15.6,7081,34,1,35-44
1818773,551494,宫保鸡丁,600g,42.61,1,42.61,2024/10/6 4:51,一线,支付宝,会员折扣,2,40.61,3538,45,1,45-54
6587527,526778,清蒸鲈鱼,600g,49.15,5,245.75,2024/10/14 3:13,一线,银行卡,平台券,4,241.75,9974,45,1,35-44
1262444,900639,蒜蓉西兰花,200g,14.49,4,57.96,2024/6/14 22:21,三线,余额,会员折扣,1,56.96,7308,47,1,35-44
7017818,245199,麻婆豆腐,600g,34.57,0,0,2024/3/20 13:39,三线,支付宝,无,0,0,4827,39,1,25-34
5709259,929375,蒜蓉西兰花,600g,42.17,8,337.36,2024/5/14 15:04,一线,余额,会员折扣,25,312.36,2351,15,0,18-24
4193202,468606,回锅肉,1000g,45.97,9,413.73,2024/5/5 20:49,新一线,支付宝,平台券,6,407.73,9011,41,1,45-54
3088835,467898,清蒸鲈鱼,200g,24.53,10,245.3,2024/3/12 6:09,三线,云闪付,无,0,245.3,5127,42,1,45-54
5743325,947097,回锅肉,500g,30.05,5,150.25,2024/10/15 11:17,三线,余额,满减,17,133.25,8494,49,0,25-34
5743325,947097,回锅肉,500g,11.74,0,0,2024/10/15 11:17,一线,余额,满减,0,0,8494,49,0,25-34
9279873,592507,清蒸鲈鱼,500g,17.17,1,17.17,2024/1/9 5:12,二线,微信,会员折扣,2,15.17,1336,35,0,25-34
3501961,914294,回锅肉,200g,13.54,1,13.54,2024/8/23 22:21,一线,支付宝,店铺券,2,11.54,5711,44,1,25-34
6587527,526778,清蒸鲈鱼,600g,16.41,7,114.87,2024/10/14 3:13,新一线,银行卡,会员折扣,7,107.87,9974,45,0,45-54
1850916,112064,宫保鸡丁,500g,17.56,3,52.68,2024/12/4 4:41,新一线,云闪付,无,0,52.68,8163,48,1,25-34
6150559,316870,宫保鸡丁,200g,47.56,3,142.68,2024/6/2 5:31,一线,银行卡,无,0,142.68,4711,40,1,25-34
6150559,316870,宫保鸡丁,200g,36.87,2,73.74,2024/6/2 5:31,三线,银行卡,满减,8,65.74,4711,40,1,25-34
2057459,427739,蒜蓉西兰花,300g,28.43,10,284.3,2024/3/3 19:25,一线,支付宝,无,0,284.3,92,33,1,18-24
4578532,713718,螺蛳粉,1000g,47.34,5,236.7,2024/5/2 9:47,新一线,云闪付,无,0,236.7,2549,50,1,18-24
6867380,569751,宫保鸡丁,400g,24.53,10,245.3,2024/8/22 8:38,新一线,支付宝,会员折扣,5,240.3,6158,35,0,25-34
1818773,551494,宫保鸡丁,600g,27.63,3,82.89,2024/10/6 4:51,新一线,支付宝,秒杀,8,74.89,3538,45,0,45-54
2719520,843245,麻婆豆腐,300g,17.47,8,139.76,2024/8/17 8:56,新一线,银行卡,会员折扣,10,129.76,7743,36,0,18-24
6141091,121415,螺蛳粉,1000g,15.83,2,31.66,2024/6/28 17:58,新一线,云闪付,会员折扣,6,25.66,3035,44,1,45-54
7867450,163731,凉拌黄瓜,600g,14.63,9,131.67,2024/10/16 3:20,三线,银行卡,满减,5,126.67,1097,12,0,18-24
2173297,753852,番茄炒蛋,400g,35.5,9,319.5,2024/1/22 13:50,三线,银行卡,平台券,25,294.5,44,42,1,45-54
1693700,505447,宫保鸡丁,1000g,14.28,8,114.24,2024/9/4 17:52,新一线,云闪付,满减,6,108.24,4339,42,1,25-34
4425316,544561,宫保鸡丁,600g,30.19,0,0,2024/6/1 15:28,新一线,银行卡,店铺券,0,0,3167,43,1,35-44
2428635,820189,番茄炒蛋,400g,43.31,0,0,2024/6/27 1:40,一线,支付宝,会员折扣,0,0,6066,48,1,35-44
4316910,195885,宫保鸡丁,300g,37.63,10,376.3,2024/10/5 3:06,一线,银行卡,秒杀,3,373.3,4911,50,1,25-34
9510887,969126,鱼香肉丝,300g,25.17,0,0,2024/10/21 3:13,新一线,支付宝,无,0,0,2011,34,1,45-54
6638046,139755,糖醋里脊,200g,18.84,1,18.84,2024/9/29 8:31,新一线,支付宝,店铺券,1,17.84,3597,36,0,25-34
1818773,551494,宫保鸡丁,600g,26.26,8,210.08,2024/10/6 4:51,一线,支付宝,店铺券,14,196.08,3538,45,1,25-34
8257238,868058,螺蛳粉,300g,30.41,8,243.28,2024/5/31 15:44,三线,支付宝,满减,37,206.28,57,36,0,25-34
4910109,740239,鱼香肉丝,400g,39.56,5,197.8,2024/7/25 18:49,一线,支付宝,平台券,13,184.8,99,36,1,18-24
8873658,316913,凉拌黄瓜,500g,25.88,7,181.16,2024/2/23 22:32,一线,余额,平台券,2,179.16,49,30,1,35-44
5743325,947097,回锅肉,500g,29.91,1,29.91,2024/10/15 11:17,新一线,余额,会员折扣,18,11.91,8494,49,1,35-44
7500300,947892,螺蛳粉,500g,10.77,7,75.39,2024/2/1 12:20,新一线,支付宝,会员折扣,1,74.39,6844,43,0,18-24
1258190,410580,糖醋里脊,500g,36.15,8,289.2,2024/6/14 12:34,二线,支付宝,无,0,289.2,3942,31,1,35-44
5553276,380791,清蒸鲈鱼,200g,40.96,6,245.76,2024/4/4 4:07,一线,支付宝,无,0,245.76,8382,23,0,45-54
4407959,911048,麻婆豆腐,400g,29.74,6,178.44,2024/6/20 8:54,新一线,支付宝,秒杀,7,171.44,2070,35,1,18-24
7840831,913636,糖醋里脊,200g,37.99,5,189.95,2024/4/9 11:35,一线,银行卡,秒杀,1,188.95,7925,16,0,25-34
7857468,772882,螺蛳粉,300g,44.41,5,222.05,2024/12/4 13:35,三线,银行卡,无,0,222.05,3217,14,0,25-34
5835081,497665,清蒸鲈鱼,800g,37.52,5,187.6,2024/2/18 8:29,三线,云闪付,平台券,5,182.6,1494,43,1,18-24
4783237,930807,螺蛳粉,500g,27.69,1,27.69,2024/3/26 14:21,一线,余额,店铺券,13,14.69,3907,40,1,18-24
7052448,473982,清蒸鲈鱼,300g,25.59,9,230.31,2024/6/19 16:28,一线,支付宝,满减,4,226.31,6936,37,1,45-54
7328411,113084,糖醋里脊,800g,25.46,6,152.76,2024/7/24 9:00,新一线,支付宝,平台券,3,149.76,1124,18,0,25-34
1280316,598363,螺蛳粉,600g,33.81,10,338.1,2024/3/10 13:17,新一线,支付宝,会员折扣,1,337.1,3824,30,1,35-44
8066233,524024,清蒸鲈鱼,500g,11.9,10,119,2024/6/29 20:34,新一线,银行卡,会员折扣,5,114,9992,33,1,18-24
7677748,933515,蒜蓉西兰花,500g,25.42,10,254.2,2024/11/8 15:13,新一线,支付宝,平台券,20,234.2,56,40,1,55+
2084516,667989,清蒸鲈鱼,300g,37.81,4,151.24,2024/1/2 14:42,新一线,支付宝,店铺券,4,147.24,4,34,0,55+
4174159,774646,回锅肉,400g,14.23,6,85.38,2024/6/3 4:33,三线,支付宝,会员折扣,3,82.38,7340,42,1,25-34
8035184,879384,番茄炒蛋,600g,36.89,6,221.34,2024/1/12 11:07,二线,微信,满减,49,172.34,49,47,1,45-54
2228756,976700,回锅肉,300g,16.48,4,65.92,2024/9/6 7:04,新一线,支付宝,秒杀,3,62.92,8074,44,1,25-34
4407959,911048,麻婆豆腐,400g,32.51,3,97.53,2024/6/20 8:54,新一线,支付宝,满减,13,84.53,2070,35,1,45-54
8365623,495712,麻婆豆腐,400g,35.67,3,107.01,2024/1/25 10:11,新一线,云闪付,秒杀,31,76.01,4,42,1,18-24
7500300,947892,螺蛳粉,500g,22.22,6,133.32,2024/2/1 12:20,新一线,支付宝,满减,5,128.32,6844,43,1,25-34
9999045,165618,凉拌黄瓜,400g,38.25,7,267.75,2024/12/4 11:16,一线,余额,会员折扣,1,266.75,3893,36,0,25-34
7276182,948931,凉拌黄瓜,300g,28.21,2,56.42,2024/7/10 4:12,二线,银行卡,秒杀,10,46.42,7669,33,0,18-24
9743931,208919,麻婆豆腐,600g,30.33,8,242.64,2024/7/22 3:48,三线,银行卡,秒杀,10,232.64,3605,39,1,25-34
4368035,639236,番茄炒蛋,600g,18.6,8,148.8,2024/8/13 4:15,新一线,云闪付,会员折扣,2,146.8,4812,44,0,25-34
7562735,140382,宫保鸡丁,200g,16.9,1,16.9,2024/7/25 16:30,一线,银行卡,秒杀,1,15.9,8925,34,1,18-24
3816193,424348,宫保鸡丁,1000g,28.04,9,252.36,2024/12/20 4:29,新一线,微信,无,0,252.36,3863,41,1,25-34
5137784,770027,螺蛳粉,300g,24.1,9,216.9,2024/5/11 15:05,一线,余额,无,0,216.9,96,40,1,18-24
7840831,913636,糖醋里脊,200g,40.8,6,244.8,2024/4/9 11:35,新一线,银行卡,满减,9,235.8,7925,16,0,35-44
2582011,327206,清蒸鲈鱼,200g,39.44,6,236.64,2024/1/11 9:54,新一线,云闪付,店铺券,10,226.64,7486,49,1,35-44
2228756,976700,回锅肉,300g,42.84,9,385.56,2024/9/6 7:04,三线,支付宝,满减,2,383.56,8074,44,1,45-54
2835105,570313,鱼香肉丝,500g,18.18,0,0,2024/9/6 9:33,新一线,支付宝,平台券,0,0,8835,40,1,45-54
3099375,779967,麻婆豆腐,300g,17.45,3,52.35,2024/6/24 11:07,新一线,云闪付,店铺券,8,44.35,4955,39,0,18-24
2989466,335393,宫保鸡丁,800g,15.03,0,0,2024/11/1 1:31,三线,支付宝,无,0,0,9316,36,1,18-24
5848887,537769,鱼香肉丝,200g,15.54,0,0,2024/11/3 17:05,三线,余额,会员折扣,0,0,94,43,0,45-54
9672426,388645,蒜蓉西兰花,200g,10.73,2,21.46,2024/6/7 18:22,三线,云闪付,满减,1,20.46,4986,42,1,35-44
5056272,454083,凉拌黄瓜,1000g,22.47,7,157.29,2024/7/12 3:21,一线,余额,秒杀,10,147.29,8760,22,1,45-54
9672426,388645,蒜蓉西兰花,200g,44.08,5,220.4,2024/6/7 18:22,二线,云闪付,平台券,5,215.4,4986,42,1,18-24
5396795,423854,鱼香肉丝,500g,23.81,9,214.29,2024/11/6 12:58,一线,支付宝,平台券,14,200.29,7747,34,0,25-34
3410777,167920,鱼香肉丝,600g,29.67,1,29.67,2024/8/7 20:04,三线,支付宝,平台券,3,26.67,5,42,1,45-54
8328869,155508,回锅肉,600g,18.87,6,113.22,2024/11/29 21:44,三线,云闪付,无,0,113.22,9539,46,1,25-34
8864700,504435,凉拌黄瓜,500g,47.01,9,423.09,2024/4/2 16:06,新一线,余额,无,0,423.09,7579,37,1,35-44
5509030,656895,宫保鸡丁,1000g,47.9,6,287.4,2024/1/1 10:14,新一线,微信,满减,3,284.4,9105,30,0,18-24
4407959,911048,麻婆豆腐,400g,18.58,8,148.64,2024/6/20 8:54,三线,支付宝,无,0,148.64,2070,35,1,18-24
8455829,641733,鱼香肉丝,800g,26.86,10,268.6,2024/3/1 12:00,新一线,支付宝,秒杀,37,231.6,74,34,1,18-24
5148070,175594,凉拌黄瓜,500g,25.71,9,231.39,2024/5/19 6:59,新一线,余额,店铺券,6,225.39,4752,42,1,45-54
6333369,382966,番茄炒蛋,400g,40.74,7,285.18,2024/4/9 11:07,新一线,支付宝,会员折扣,14,271.18,5910,32,0,45-54
4155980,193205,凉拌黄瓜,500g,18.45,9,166.05,2024/7/23 17:17,三线,支付宝,无,0,166.05,6008,39,1,18-24
5838184,337480,凉拌黄瓜,800g,20.11,5,100.55,2024/7/1 15:03,新一线,支付宝,会员折扣,1,99.55,3667,37,0,18-24
2480829,601664,蒜蓉西兰花,200g,35.81,1,35.81,2024/12/16 3:21,三线,余额,满减,3,32.81,5302,39,1,25-34
1612563,772214,回锅肉,600g,26.59,9,239.31,2024/12/21 2:11,一线,云闪付,满减,9,230.31,2107,46,1,18-24
3410777,167920,鱼香肉丝,600g,35.01,8,280.08,2024/8/7 20:04,一线,支付宝,平台券,1,279.08,5,42,1,18-24
9432678,633919,凉拌黄瓜,300g,20.07,2,40.14,2024/10/19 21:34,一线,银行卡,会员折扣,7,33.14,2177,40,0,55+
4682886,272901,糖醋里脊,200g,41.09,0,0,2024/10/24 18:54,新一线,支付宝,满减,0,0,7660,36,1,18-24
7052448,473982,清蒸鲈鱼,300g,33.84,1,33.84,2024/6/19 16:28,新一线,支付宝,会员折扣,16,17.84,6936,37,0,35-44
2848444,837657,麻婆豆腐,1000g,40.05,4,160.2,2024/11/22 10:49,二线,云闪付,会员折扣,10,150.2,5960,41,1,18-24
4407959,911048,麻婆豆腐,400g,14.75,4,59,2024/6/20 8:54,三线,支付宝,会员折扣,3,56,2070,35,1,55+
4407959,911048,麻婆豆腐,400g,39.19,9,352.71,2024/6/20 8:54,新一线,支付宝,无,0,352.71,2070,35,1,18-24
7840831,913636,糖醋里脊,200g,42.44,1,42.44,2024/4/9 11:35,一线,银行卡,店铺券,15,27.44,7925,16,0,18-24
5774652,738174,凉拌黄瓜,400g,24.71,5,123.55,2024/2/1 4:10,三线,支付宝,会员折扣,1,122.55,6124,42,1,45-54
1444951,650752,麻婆豆腐,200g,44.52,10,445.2,2024/10/5 1:02,一线,支付宝,无,0,445.2,7936,37,0,18-24
5122506,523473,螺蛳粉,300g,13.14,2,26.28,2024/11/16 21:56,新一线,支付宝,无,0,26.28,9384,44,1,35-44
9928414,638053,宫保鸡丁,200g,16.2,7,113.4,2024/3/27 3:23,新一线,银行卡,满减,23,90.4,77,46,1,45-54
6905551,356628,蒜蓉西兰花,500g,30.86,3,92.58,2024/10/10 9:48,三线,余额,平台券,6,86.58,9347,18,0,18-24
5141483,153797,番茄炒蛋,300g,37.72,3,113.16,2024/6/27 6:09,二线,银行卡,无,0,113.16,3343,38,1,55+
3410777,167920,鱼香肉丝,600g,38.83,10,388.3,2024/8/7 20:04,三线,支付宝,满减,38,350.3,5,42,1,25-34
7500300,947892,螺蛳粉,500g,32.19,8,257.52,2024/2/1 12:20,新一线,支付宝,平台券,1,256.52,6844,43,0,25-34
5647075,847443,糖醋里脊,300g,12.2,2,24.4,2024/4/5 15:13,三线,云闪付,会员折扣,1,23.4,3656,49,1,18-24
8963450,524675,麻婆豆腐,200g,45.65,3,136.95,2024/9/14 5:26,新一线,银行卡,会员折扣,45,91.95,34,39,1,25-34
8018175,554260,凉拌黄瓜,1000g,37.19,9,334.71,2024/7/26 16:51,三线,支付宝,店铺券,5,329.71,3136,38,1,55+
5737287,862597,凉拌黄瓜,800g,11.66,0,0,2024/9/15 14:04,一线,余额,无,0,0,2,44,1,35-44
8035184,879384,番茄炒蛋,600g,46.69,6,280.14,2024/1/12 11:07,新一线,微信,无,0,280.14,49,47,1,18-24
7500300,947892,螺蛳粉,500g,18.48,3,55.44,2024/2/1 12:20,新一线,支付宝,秒杀,2,53.44,6844,43,1,25-34
6465504,318531,清蒸鲈鱼,1000g,11.18,10,111.8,2024/7/19 8:41,三线,支付宝,会员折扣,6,105.8,8185,35,1,18-24
3867425,524547,糖醋里脊,500g,21.11,4,84.44,2024/4/20 0:01,一线,云闪付,秒杀,3,81.44,5620,41,1,35-44
1426728,817834,番茄炒蛋,800g,44.8,8,358.4,2024/2/28 9:41,三线,余额,满减,3,355.4,6145,31,1,25-34
3674132,552245,凉拌黄瓜,1000g,22.14,0,0,2024/9/24 1:27,三线,银行卡,无,0,0,83,30,1,25-34
2228756,976700,回锅肉,300g,36.45,8,291.6,2024/9/6 7:04,三线,支付宝,满减,12,279.6,8074,44,1,55+
5553276,380791,清蒸鲈鱼,200g,40.27,5,201.35,2024/4/4 4:07,新一线,支付宝,店铺券,7,194.35,8382,23,0,18-24
7052448,473982,清蒸鲈鱼,300g,49.04,10,490.4,2024/6/19 16:28,一线,支付宝,无,0,490.4,6936,37,0,18-24
2725741,554248,凉拌黄瓜,600g,48.28,0,0,2024/5/26 2:30,二线,云闪付,无,0,0,8460,14,0,18-24
6522789,267111,宫保鸡丁,300g,17.45,9,157.05,2024/2/28 18:34,新一线,银行卡,店铺券,27,130.05,98,21,1,18-24
1654048,163276,凉拌黄瓜,300g,24.16,5,120.8,2024/2/1 9:53,新一线,银行卡,会员折扣,26,94.8,62,38,0,25-34
7661469,148593,螺蛳粉,400g,28.02,3,84.06,2024/4/19 12:29,二线,银行卡,满减,29,55.06,97,47,0,18-24
